country,state,city,station,last_update,latitude,longitude,pollutant_id,pollutant_min,pollutant_max,pollutant_avg
India,Chhattisgarh,Raipur,"AIIMS, Raipur - CECB","31-08-2026 05:00:00",21.258815,81.578979,SO2,3,5,4
India,Chhattisgarh,Tumidih,"OP Jindal Industrial Park, Tumidih - CECB","31-08-2026 05:00:00",22.06631475,83.33820077,PM10,7,29,16
India,Chhattisgarh,Tumidih,"OP Jindal Industrial Park, Tumidih - CECB","31-08-2026 05:00:00",22.06631475,83.33820077,NO2,12,82,31
India,Chhattisgarh,Tumidih,"OP Jindal Industrial Park, Tumidih - CECB","31-08-2026 05:00:00",22.06631475,83.33820077,NH3,1,2,1
India,Chhattisgarh,Tumidih,"OP Jindal Industrial Park, Tumidih - CECB","31-08-2026 05:00:00",22.06631475,83.33820077,SO2,5,5,5
India,Chhattisgarh,Tumidih,"OP Jindal Industrial Park, Tumidih - CECB","31-08-2026 05:00:00",22.06631475,83.33820077,OZONE,NA,NA,NA
India,Delhi,Delhi,"ITO, Delhi - CPCB","31-08-2026 05:00:00",28.628624,77.24106,PM10,NA,NA,NA
India,Delhi,Delhi,"ITO, Delhi - CPCB","31-08-2026 05:00:00",28.628624,77.24106,NH3,1,7,4
India,Delhi,Delhi,"ITO, Delhi - CPCB","31-08-2026 05:00:00",28.628624,77.24106,SO2,6,40,19
India,Delhi,Delhi,"Narela, Delhi - DPCC","31-08-2026 05:00:00",28.822836,77.101981,PM10,53,163,113
India,Delhi,Delhi,"Narela, Delhi - DPCC","31-08-2026 05:00:00",28.822836,77.101981,NH3,6,17,9
India,Delhi,Delhi,"Narela, Delhi - DPCC","31-08-2026 05:00:00",28.822836,77.101981,OZONE,12,27,19
India,Delhi,Delhi,"Cantonment Area, Delhi - DPCC","31-08-2026 05:00:00",28.594169,77.1251,NO2,3,14,7
India,Delhi,Delhi,"Cantonment Area, Delhi - DPCC","31-08-2026 05:00:00",28.594169,77.1251,NH3,2,5,4
India,Delhi,Delhi,"Major Dhyan Chand National Stadium, Delhi - DPCC","31-08-2026 05:00:00",28.611281,77.237738,NO2,10,77,30
India,Delhi,Delhi,"Sonia Vihar, Delhi - DPCC","31-08-2026 05:00:00",28.710508,77.249485,PM10,92,183,131
India,Delhi,Delhi,"Sonia Vihar, Delhi - DPCC","31-08-2026 05:00:00",28.710508,77.249485,CO,21,73,46
India,Delhi,Delhi,"Okhla Phase-2, Delhi - DPCC","31-08-2026 05:00:00",28.530785,77.271255,PM2.5,23,95,45
India,Bihar,Gaya,"Kareemganj, Gaya - BSPCB","31-08-2026 05:00:00",24.792403,84.992416,CO,8,32,16
India,Bihar,Gaya,"Kareemganj, Gaya - BSPCB","31-08-2026 05:00:00",24.792403,84.992416,OZONE,14,65,31
India,Bihar,Hajipur,"Industrial Area, Hajipur - BSPCB","31-08-2026 05:00:00",25.697189,85.2459,NO2,12,33,22
India,Bihar,Hajipur,"Industrial Area, Hajipur - BSPCB","31-08-2026 05:00:00",25.697189,85.2459,SO2,1,4,3
India,Bihar,Katihar,"Mirchaibari, Katihar - BSPCB","31-08-2026 05:00:00",25.560083,87.553265,PM2.5,20,40,28
India,Bihar,Katihar,"Mirchaibari, Katihar - BSPCB","31-08-2026 05:00:00",25.560083,87.553265,OZONE,17,42,29
India,Bihar,Manguraha,"Forest Rest House, Manguraha - BSPCB","31-08-2026 05:00:00",27.308328,84.531742,NH3,0,1,1
India,Bihar,Manguraha,"Forest Rest House, Manguraha - BSPCB","31-08-2026 05:00:00",27.308328,84.531742,SO2,14,45,19
India,Bihar,Manguraha,"Forest Rest House, Manguraha - BSPCB","31-08-2026 05:00:00",27.308328,84.531742,CO,22,90,43
India,Bihar,Motihari,"Gandak Colony, Motihari - BSPCB","31-08-2026 05:00:00",26.63086,84.90051,NO2,2,3,3
India,Bihar,Muzaffarpur,"Buddha Colony, Muzaffarpur - BSPCB","31-08-2026 05:00:00",26.11442,85.39813,PM2.5,12,40,25
India,Bihar,Muzaffarpur,"Buddha Colony, Muzaffarpur - BSPCB","31-08-2026 05:00:00",26.11442,85.39813,PM10,30,46,40
India,Bihar,Muzaffarpur,"Buddha Colony, Muzaffarpur - BSPCB","31-08-2026 05:00:00",26.11442,85.39813,CO,15,20,18
India,Bihar,Patna,"Govt. High School Shikarpur, Patna - BSPCB","31-08-2026 05:00:00",25.592539,85.227158,PM10,26,58,37
India,Bihar,Aurangabad,"Gurdeo Nagar, Aurangabad - BSPCB","31-08-2026 05:00:00",24.75746,84.366208,PM2.5,NA,NA,NA
India,Bihar,Aurangabad,"Gurdeo Nagar, Aurangabad - BSPCB","31-08-2026 05:00:00",24.75746,84.366208,PM10,NA,NA,NA
India,Bihar,Begusarai,"Lohiyanagar, Begusarai - BSPCB","31-08-2026 05:00:00",25.42742023,86.13886079,NO2,7,11,9
India,Bihar,Begusarai,"Lohiyanagar, Begusarai - BSPCB","31-08-2026 05:00:00",25.42742023,86.13886079,SO2,20,22,21
India,Bihar,Begusarai,"Lohiyanagar, Begusarai - BSPCB","31-08-2026 05:00:00",25.42742023,86.13886079,OZONE,3,12,8
India,Bihar,Bhagalpur,"Mayaganj, Bhagalpur - BSPCB","31-08-2026 05:00:00",25.265194,87.012947,PM10,NA,NA,NA
India,Bihar,Bhagalpur,"Mayaganj, Bhagalpur - BSPCB","31-08-2026 05:00:00",25.265194,87.012947,CO,23,85,41
India,Bihar,Bhagalpur,"DM Office_Kachari Chowk, Bhagalpur - BSPCB","31-08-2026 05:00:00",25.251013,86.989001,NH3,4,4,4
India,Bihar,Bhagalpur,"DM Office_Kachari Chowk, Bhagalpur - BSPCB","31-08-2026 05:00:00",25.251013,86.989001,SO2,18,28,22
India,Bihar,Bhagalpur,"DM Office_Kachari Chowk, Bhagalpur - BSPCB","31-08-2026 05:00:00",25.251013,86.989001,CO,27,32,28
India,Bihar,"Bihar Sharif","D M Colony, Bihar Sharif - BSPCB","31-08-2026 05:00:00",25.204762,85.51496,PM10,NA,NA,NA
India,Bihar,Chhapra,"Darshan Nagar, Chhapra - BSPCB","31-08-2026 05:00:00",25.7808257,84.7446768,PM2.5,89,96,92
India,Bihar,Gaya,"SFTI Kusdihra, Gaya - BSPCB","31-08-2026 05:00:00",24.762518,84.982348,NH3,5,7,6
India,Bihar,Gaya,"SFTI Kusdihra, Gaya - BSPCB","31-08-2026 05:00:00",24.762518,84.982348,SO2,9,11,10
India,"Andhra Pradesh",Tirupati,"Vaikuntapuram, Tirupati - APPCB","31-08-2026 05:00:00",13.615387,79.40923,SO2,8,14,11
India,"Andhra Pradesh",Vijayawada,"Rajiv Nagar, Vijayawada - APPCB","31-08-2026 05:00:00",16.554731,80.64911,NO2,14,20,16
India,"Andhra Pradesh",Vijayawada,"Rajiv Nagar, Vijayawada - APPCB","31-08-2026 05:00:00",16.554731,80.64911,SO2,9,16,10
India,"Andhra Pradesh",Vijayawada,"Rajiv Nagar, Vijayawada - APPCB","31-08-2026 05:00:00",16.554731,80.64911,OZONE,16,16,16
India,"Andhra Pradesh",Vijayawada,"HB Colony, Vijayawada - APPCB","31-08-2026 05:00:00",16.536107,80.594233,NO2,16,22,18
India,"Andhra Pradesh",Vijayawada,"HB Colony, Vijayawada - APPCB","31-08-2026 05:00:00",16.536107,80.594233,NH3,4,5,4
India,"Andhra Pradesh",Vijayawada,"HB Colony, Vijayawada - APPCB","31-08-2026 05:00:00",16.536107,80.594233,SO2,13,21,14
India,"Andhra Pradesh",Vijayawada,"Rajiv Gandhi Park, Vijayawada - APPCB","31-08-2026 05:00:00",16.509717,80.612222,NH3,1,4,2
India,"Andhra Pradesh",Vijayawada,"Rajiv Gandhi Park, Vijayawada - APPCB","31-08-2026 05:00:00",16.509717,80.612222,CO,28,31,30
India,"Andhra Pradesh",Visakhapatnam,"GVM Corporation, Visakhapatnam - APPCB","31-08-2026 05:00:00",17.72,83.3,OZONE,4,10,6
India,"Arunachal Pradesh",Naharlagun,"Naharlagun, Naharlagun - APSPCB","31-08-2026 05:00:00",27.103358,93.679645,NO2,8,9,8
India,Assam,Byrnihat,"Central Academy for SFS, Byrnihat - PCBA","31-08-2026 05:00:00",26.071318,91.87488,NO2,6,9,8
India,Assam,Byrnihat,"Central Academy for SFS, Byrnihat - PCBA","31-08-2026 05:00:00",26.071318,91.87488,OZONE,16,17,17
India,Bihar,Patna,"Govt. High School Shikarpur, Patna - BSPCB","31-08-2026 05:00:00",25.592539,85.227158,SO2,12,13,13
India,Bihar,Patna,"Govt. High School Shikarpur, Patna - BSPCB","31-08-2026 05:00:00",25.592539,85.227158,OZONE,21,47,30
India,Bihar,Patna,"DRM Office Danapur, Patna - BSPCB","31-08-2026 05:00:00",25.586562,85.043586,PM2.5,19,25,21
India,Bihar,Patna,"DRM Office Danapur, Patna - BSPCB","31-08-2026 05:00:00",25.586562,85.043586,PM10,28,56,37
India,Bihar,Patna,"Muradpur, Patna - BSPCB","31-08-2026 05:00:00",25.619651,85.147382,PM10,64,73,68
India,Bihar,Purnia,"Mariam Nagar, Purnia - BSPCB","31-08-2026 05:00:00",25.366336,87.117468,PM2.5,NA,NA,NA
India,Bihar,Saharsa,"Police Line, Saharsa - BSPCB","31-08-2026 05:00:00",25.892357,86.590325,NH3,4,4,4
India,Bihar,Saharsa,"Police Line, Saharsa - BSPCB","31-08-2026 05:00:00",25.892357,86.590325,CO,32,36,34
India,Bihar,Saharsa,"Police Line, Saharsa - BSPCB","31-08-2026 05:00:00",25.892357,86.590325,OZONE,10,21,14
India,Bihar,Samastipur,"DM Office_Kasipur, Samastipur - BSPCB","31-08-2026 05:00:00",25.859655,85.77944,PM10,4,73,30
India,Bihar,Samastipur,"DM Office_Kasipur, Samastipur - BSPCB","31-08-2026 05:00:00",25.859655,85.77944,CO,1,13,7
India,Chandigarh,Chandigarh,"Sector-25, Chandigarh - CPCC","31-08-2026 05:00:00",30.751462,76.762879,NH3,12,14,13
India,Chhattisgarh,Bhilai,"Civic Center, Bhilai - Bhilai Steel Plant","31-08-2026 05:00:00",21.185571,81.343175,OZONE,11,12,11
India,Chhattisgarh,Chhal,"Nawapara SECL Colony, Chhal - CECB","31-08-2026 05:00:00",22.118125,83.140608,PM10,16,45,27
India,Chhattisgarh,Chhal,"Nawapara SECL Colony, Chhal - CECB","31-08-2026 05:00:00",22.118125,83.140608,SO2,8,42,24
India,Chhattisgarh,Chhal,"Nawapara SECL Colony, Chhal - CECB","31-08-2026 05:00:00",22.118125,83.140608,CO,19,23,21
India,Chhattisgarh,Korba,"Urja Nagar, Korba - CECB","31-08-2026 05:00:00",22.348441,82.549611,PM10,9,18,14
India,Chhattisgarh,Korba,"Urja Nagar, Korba - CECB","31-08-2026 05:00:00",22.348441,82.549611,NH3,1,1,1
India,Chhattisgarh,Milupara,"Govt. Higher Secondary School, Milupara - CECB","31-08-2026 05:00:00",22.1910172,83.5197009,NO2,9,31,17
India,Chhattisgarh,Milupara,"Govt. Higher Secondary School, Milupara - CECB","31-08-2026 05:00:00",22.1910172,83.5197009,OZONE,38,41,39
India,Chhattisgarh,Raipur,"Krishak Nagar, Raipur - CECB","31-08-2026 05:00:00",21.237755,81.705301,PM10,16,30,23
India,Chhattisgarh,Raipur,"Krishak Nagar, Raipur - CECB","31-08-2026 05:00:00",21.237755,81.705301,NH3,2,2,2
India,Chhattisgarh,Raipur,"Bhatagaon New ISBT, Raipur - CECB","31-08-2026 05:00:00",21.219665,81.630094,PM2.5,5,13,8
India,"Andhra Pradesh",Amaravati,"Secretariat, Amaravati - APPCB","31-08-2026 05:00:00",16.5150833,80.5181667,PM2.5,9,35,20
India,"Andhra Pradesh",Chittoor,"Gangineni Cheruvu, Chittoor - APPCB","31-08-2026 05:00:00",13.20488,79.097889,NO2,29,37,34
India,"Andhra Pradesh",Eluru,"District Court, Eluru - APPCB","31-08-2026 05:00:00",16.711754,81.092095,CO,4,14,8
India,"Andhra Pradesh",Guntur,"Rajendra Nagar North, Guntur - APPCB","31-08-2026 05:00:00",16.316553,80.413302,PM2.5,41,64,53
India,"Andhra Pradesh",Guntur,"Rajendra Nagar North, Guntur - APPCB","31-08-2026 05:00:00",16.316553,80.413302,OZONE,14,14,14
India,"Andhra Pradesh",Kadapa,"Yerramukkapalli, Kadapa - APPCB","31-08-2026 05:00:00",14.465052,78.824187,NO2,17,19,18
India,"Andhra Pradesh",Kadapa,"Yerramukkapalli, Kadapa - APPCB","31-08-2026 05:00:00",14.465052,78.824187,NH3,4,5,5
India,"Andhra Pradesh",Kadapa,"Yerramukkapalli, Kadapa - APPCB","31-08-2026 05:00:00",14.465052,78.824187,CO,31,31,31
India,"Andhra Pradesh",Kakinada,"Rama Rao Peta, Kakinada - APPCB","31-08-2026 05:00:00",16.962488,82.229513,NH3,3,5,4
India,"Andhra Pradesh",Kakinada,"Rama Rao Peta, Kakinada - APPCB","31-08-2026 05:00:00",16.962488,82.229513,SO2,11,14,12
India,Delhi,Delhi,"Rohini, Delhi - DPCC","31-08-2026 05:00:00",28.732528,77.11992,NO2,0,14,5
India,Delhi,Delhi,"Rohini, Delhi - DPCC","31-08-2026 05:00:00",28.732528,77.11992,SO2,7,10,9
India,Delhi,Delhi,"Vivek Vihar, Delhi - DPCC","31-08-2026 05:00:00",28.672342,77.31526,NO2,19,63,30
India,Delhi,Delhi,"Jahangirpuri, Delhi - DPCC","31-08-2026 05:00:00",28.73282,77.170633,NH3,10,11,11
India,Delhi,Delhi,"IHBAS, Dilshad Garden, Delhi - CPCB","31-08-2026 05:00:00",28.6811736,77.3025234,NO2,47,49,48
India,Delhi,Delhi,"IHBAS, Dilshad Garden, Delhi - CPCB","31-08-2026 05:00:00",28.6811736,77.3025234,OZONE,2,5,3
India,Delhi,Delhi,"Sri Aurobindo Marg, Delhi - DPCC","31-08-2026 05:00:00",28.531346,77.190156,PM10,65,159,118
India,Delhi,Delhi,"Nehru Nagar, Delhi - DPCC","31-08-2026 05:00:00",28.56789,77.250515,NH3,5,8,6
India,Delhi,Delhi,"Nehru Nagar, Delhi - DPCC","31-08-2026 05:00:00",28.56789,77.250515,CO,42,122,62
India,Delhi,Delhi,"Patparganj, Delhi - DPCC","31-08-2026 05:00:00",28.623763,77.287209,PM2.5,3,68,34
India,Delhi,Delhi,"Patparganj, Delhi - DPCC","31-08-2026 05:00:00",28.623763,77.287209,SO2,10,12,11
India,Assam,Guwahati,"Pan Bazaar, Guwahati - PCBA","31-08-2026 05:00:00",26.1875,91.744194,OZONE,12,14,13
India,Assam,Guwahati,"LGBI Airport, Guwahati - PCBA","31-08-2026 05:00:00",26.10887,91.589544,PM2.5,20,74,48
India,Assam,Guwahati,"LGBI Airport, Guwahati - PCBA","31-08-2026 05:00:00",26.10887,91.589544,SO2,11,18,14
India,Assam,Guwahati,"LGBI Airport, Guwahati - PCBA","31-08-2026 05:00:00",26.10887,91.589544,OZONE,12,14,14
India,Assam,Nagaon,"Christianpatty, Nagaon - PCBA","31-08-2026 05:00:00",26.349082,92.68449,NH3,2,4,4
India,Assam,Nalbari,"Bata Chowk, Nalbari - PCBA","31-08-2026 05:00:00",26.446912,91.439057,CO,21,22,21
India,Assam,Nalbari,"Bata Chowk, Nalbari - PCBA","31-08-2026 05:00:00",26.446912,91.439057,OZONE,19,19,19
India,Assam,Silchar,"Tarapur, Silchar - PCBA","31-08-2026 05:00:00",24.82827,92.79525,NO2,17,17,17
India,Assam,Silchar,"Tarapur, Silchar - PCBA","31-08-2026 05:00:00",24.82827,92.79525,CO,34,35,34
India,"Andhra Pradesh",Machilipatnam,"Srinivas Nagar Colony, Machilipatnam - APPCB","31-08-2026 05:00:00",16.186555,81.13219,PM10,50,58,52
India,"Andhra Pradesh",Srikakulam,"Chinna Bharatham Colony, Srikakulam - APPCB","31-08-2026 05:00:00",18.292191,83.897173,CO,55,71,60
India,"Andhra Pradesh",Tirumala,"Toll Gate, Tirumala - APPCB","31-08-2026 05:00:00",13.67,79.35,OZONE,12,15,13
India,Gujarat,Surat,"Katargam, Surat - Nexteng Enviro","31-08-2026 05:00:00",21.217779,72.834787,CO,46,50,47
India,Gujarat,Vadodara,"Bapunagar, Vadodara - Nexteng Enviro","31-08-2026 05:00:00",22.320153,73.216285,PM2.5,15,52,33
India,Gujarat,Vadodara,"Bapunagar, Vadodara - Nexteng Enviro","31-08-2026 05:00:00",22.320153,73.216285,CO,76,78,77
India,Gujarat,Vatva,"Phase-4 GIDC, Vatva - GPCB","31-08-2026 05:00:00",22.969611,72.6435,NH3,5,5,5
India,Gujarat,Vatva,"Phase-4 GIDC, Vatva - GPCB","31-08-2026 05:00:00",22.969611,72.6435,CO,51,61,55
India,Haryana,Ambala,"Patti Mehar, Ambala - HSPCB","31-08-2026 05:00:00",30.379589,76.778328,NO2,6,8,7
India,Haryana,Bahadurgarh,"Arya Nagar, Bahadurgarh - HSPCB","31-08-2026 05:00:00",28.6701,76.9254,PM10,67,128,99
India,Haryana,Bahadurgarh,"Arya Nagar, Bahadurgarh - HSPCB","31-08-2026 05:00:00",28.6701,76.9254,NO2,23,29,26
India,Haryana,Ballabgarh,"Nathu Colony, Ballabgarh - HSPCB","31-08-2026 05:00:00",28.3419248,77.319699,PM10,73,86,78
India,Haryana,Ballabgarh,"Nathu Colony, Ballabgarh - HSPCB","31-08-2026 05:00:00",28.3419248,77.319699,NH3,4,5,4
India,Haryana,Ballabgarh,"Nathu Colony, Ballabgarh - HSPCB","31-08-2026 05:00:00",28.3419248,77.319699,OZONE,5,41,20
India,Haryana,Bhiwani,"H.B. Colony, Bhiwani - HSPCB","31-08-2026 05:00:00",28.806223,76.141105,NH3,2,3,2
India,Haryana,Bhiwani,"H.B. Colony, Bhiwani - HSPCB","31-08-2026 05:00:00",28.806223,76.141105,SO2,0,14,4
India,Haryana,Bhiwani,"H.B. Colony, Bhiwani - HSPCB","31-08-2026 05:00:00",28.806223,76.141105,OZONE,9,21,15
India,Haryana,"Charkhi Dadri","Mini Secretariat, Charkhi Dadri - HSPCB","31-08-2026 05:00:00",28.593883,76.270653,CO,12,25,16
India,Delhi,Delhi,"IMD Lodhi Road, Delhi - IITM","31-08-2026 05:00:00",28.5918245,77.2273074,PM10,75,151,115
India,Delhi,Delhi,"JNU, Delhi - DPCC","31-08-2026 05:00:00",28.540721,77.168544,PM10,82,123,102
India,Delhi,Delhi,"Alipur, Delhi - DPCC","31-08-2026 05:00:00",28.815329,77.15301,SO2,9,11,10
India,Delhi,Delhi,"North Campus, DU, Delhi - IITM","31-08-2026 05:00:00",28.6573814,77.1585447,PM2.5,29,63,48
India,Delhi,Delhi,"R K Puram, Delhi - DPCC","31-08-2026 05:00:00",28.563262,77.186937,NH3,3,6,5
India,Delhi,Delhi,"R K Puram, Delhi - DPCC","31-08-2026 05:00:00",28.563262,77.186937,SO2,9,12,11
India,Gujarat,Ahmedabad,"Rakhial, Ahmedabad - IITM","31-08-2026 05:00:00",23.016834,72.625775,NH3,2,4,2
India,Gujarat,Ahmedabad,"Rakhial, Ahmedabad - IITM","31-08-2026 05:00:00",23.016834,72.625775,CO,3,9,6
India,Gujarat,Ahmedabad,"Maninagar, Ahmedabad - GPCB","31-08-2026 05:00:00",23.002657,72.591912,PM10,60,108,80
India,Gujarat,Ahmedabad,"Maninagar, Ahmedabad - GPCB","31-08-2026 05:00:00",23.002657,72.591912,NH3,NA,NA,NA
India,Gujarat,Ahmedabad,"Maninagar, Ahmedabad - GPCB","31-08-2026 05:00:00",23.002657,72.591912,OZONE,20,24,21
India,Gujarat,Ahmedabad,"Chandkheda, Ahmedabad - IITM","31-08-2026 05:00:00",23.107969,72.574648,PM10,52,114,78
India,Haryana,Hisar,"Urban Estate-II, Hisar - HSPCB","31-08-2026 05:00:00",29.14056,75.744941,SO2,7,9,8
India,Haryana,Jind,"Police Lines, Jind - HSPCB","31-08-2026 05:00:00",29.307814,76.337619,CO,5,11,7
India,Haryana,Kaithal,"Rishi Nagar, Kaithal - HSPCB","31-08-2026 05:00:00",29.8006,76.4155,NH3,4,6,5
India,Haryana,Kaithal,"Rishi Nagar, Kaithal - HSPCB","31-08-2026 05:00:00",29.8006,76.4155,CO,14,22,19
India,Haryana,Kurukshetra,"Sector-7, Kurukshetra - HSPCB","31-08-2026 05:00:00",29.966942,76.875879,PM2.5,69,98,80
India,Haryana,Kurukshetra,"Sector-7, Kurukshetra - HSPCB","31-08-2026 05:00:00",29.966942,76.875879,SO2,3,15,7
India,Haryana,Mandikhera,"General Hospital, Mandikhera(Nuh) - HSPCB","31-08-2026 05:00:00",27.9002,76.9938,NH3,7,9,8
India,Haryana,Manesar,"Sector-2 IMT, Manesar - HSPCB","31-08-2026 05:00:00",28.360699,76.93609,PM2.5,79,154,114
India,Haryana,Manesar,"Sector-2 IMT, Manesar - HSPCB","31-08-2026 05:00:00",28.360699,76.93609,NO2,22,101,42
India,Haryana,Manesar,"Sector-2 IMT, Manesar - HSPCB","31-08-2026 05:00:00",28.360699,76.93609,NH3,7,17,13
India,Haryana,Manesar,"Sector-2 IMT, Manesar - HSPCB","31-08-2026 05:00:00",28.360699,76.93609,OZONE,4,9,5
India,Haryana,Palwal,"Shyam Nagar, Palwal - HSPCB","31-08-2026 05:00:00",28.1485564,77.3320667,NH3,6,6,6
India,Delhi,Delhi,"Mandir Marg, Delhi - DPCC","31-08-2026 05:00:00",28.636429,77.201067,PM2.5,8,72,34
India,Delhi,Delhi,"Pusa, Delhi - DPCC","31-08-2026 05:00:00",28.639652,77.146275,SO2,8,18,11
India,Delhi,Delhi,"Sirifort, Delhi - CPCB","31-08-2026 05:00:00",28.5504249,77.2159377,SO2,28,31,30
India,Delhi,Delhi,"Sirifort, Delhi - CPCB","31-08-2026 05:00:00",28.5504249,77.2159377,CO,14,39,21
India,Delhi,Delhi,"Chandni Chowk, Delhi - IITM","31-08-2026 05:00:00",28.656756,77.227234,PM10,57,107,84
India,Delhi,Delhi,"Chandni Chowk, Delhi - IITM","31-08-2026 05:00:00",28.656756,77.227234,NH3,4,5,4
India,Delhi,Delhi,"Chandni Chowk, Delhi - IITM","31-08-2026 05:00:00",28.656756,77.227234,CO,80,104,93
India,Delhi,Delhi,"DTU, Delhi - CPCB","31-08-2026 05:00:00",28.7500499,77.1112615,PM2.5,31,70,47
India,Delhi,Delhi,"Dwarka-Sector 8, Delhi - DPCC ","31-08-2026 05:00:00",28.5710274,77.0719006,PM2.5,12,87,36
India,Delhi,Delhi,"Dwarka-Sector 8, Delhi - DPCC ","31-08-2026 05:00:00",28.5710274,77.0719006,CO,2,26,10
India,Delhi,Delhi,"Dr. Karni Singh Shooting Range, Delhi - DPCC","31-08-2026 05:00:00",28.498571,77.26484,PM2.5,8,95,42
India,Delhi,Delhi,"IIT Delhi, Delhi - IITM","31-08-2026 05:00:00",28.54246,77.191651,NH3,NA,NA,NA
India,Delhi,Delhi,"Jawaharlal Nehru Stadium, Delhi - DPCC","31-08-2026 05:00:00",28.58028,77.233829,NH3,6,7,6
India,Delhi,Delhi,"Wazirpur, Delhi - DPCC","31-08-2026 05:00:00",28.699793,77.165453,NO2,33,62,43
India,Delhi,Delhi,"Wazirpur, Delhi - DPCC","31-08-2026 05:00:00",28.699793,77.165453,NH3,5,10,7
India,Delhi,Delhi,"Wazirpur, Delhi - DPCC","31-08-2026 05:00:00",28.699793,77.165453,OZONE,5,8,6
India,Delhi,Delhi,"NSUT Jaffarpur, Delhi - DPCC","31-08-2026 05:00:00",28.594004,76.909423,PM2.5,29,75,49
India,Delhi,Delhi,"NSUT Jaffarpur, Delhi - DPCC","31-08-2026 05:00:00",28.594004,76.909423,SO2,1,2,1
India,Delhi,Delhi,"NSUT Jaffarpur, Delhi - DPCC","31-08-2026 05:00:00",28.594004,76.909423,OZONE,3,14,6
India,Delhi,Delhi,"Mundka, Delhi - DPCC","31-08-2026 05:00:00",28.684678,77.076574,NH3,6,8,7
India,Delhi,Delhi,"Mundka, Delhi - DPCC","31-08-2026 05:00:00",28.684678,77.076574,CO,32,59,43
India,Delhi,Delhi,"Punjabi Bagh, Delhi - DPCC","31-08-2026 05:00:00",28.674045,77.131023,PM2.5,12,80,50
India,Delhi,Delhi,"Punjabi Bagh, Delhi - DPCC","31-08-2026 05:00:00",28.674045,77.131023,NO2,9,34,16
India,Delhi,Delhi,"Punjabi Bagh, Delhi - DPCC","31-08-2026 05:00:00",28.674045,77.131023,OZONE,4,20,11
India,Delhi,Delhi,"Ashok Vihar, Delhi - DPCC","31-08-2026 05:00:00",28.695381,77.181665,NO2,11,54,22
India,Delhi,Delhi,"Ashok Vihar, Delhi - DPCC","31-08-2026 05:00:00",28.695381,77.181665,NH3,5,10,8
India,Haryana,Faridabad,"Sector 30, Faridabad - HSPCB","31-08-2026 05:00:00",28.4417,77.3217,OZONE,0,4,2
India,Haryana,Fatehabad,"Huda Sector, Fatehabad - HSPCB","31-08-2026 05:00:00",29.503664,75.467934,PM2.5,NA,NA,NA
India,Haryana,Gurugram,"Teri Gram, Gurugram - HSPCB","31-08-2026 05:00:00",28.4275,77.1465,NH3,8,17,11
India,Haryana,Gurugram,"Teri Gram, Gurugram - HSPCB","31-08-2026 05:00:00",28.4275,77.1465,SO2,6,33,15
India,Haryana,Gurugram,"Teri Gram, Gurugram - HSPCB","31-08-2026 05:00:00",28.4275,77.1465,CO,13,21,18
India,Haryana,Gurugram,"Teri Gram, Gurugram - HSPCB","31-08-2026 05:00:00",28.4275,77.1465,OZONE,7,12,9
India,Haryana,Gurugram,"NISE Gwal Pahari, Gurugram - IITM","31-08-2026 05:00:00",28.422681,77.148944,PM2.5,30,61,43
India,Haryana,Gurugram,"NISE Gwal Pahari, Gurugram - IITM","31-08-2026 05:00:00",28.422681,77.148944,SO2,NA,NA,NA
India,Haryana,Gurugram,"Sector-51, Gurugram - HSPCB","31-08-2026 05:00:00",28.4227,77.0667,NH3,9,22,13
India,Haryana,Gurugram,"Vikas Sadan, Gurugram - HSPCB","31-08-2026 05:00:00",28.4501238,77.0263051,PM10,24,61,40
India,Haryana,Panchgaon,"Amity University, Panchgaon - IITM","31-08-2026 05:00:00",28.3153,76.9143,PM2.5,64,167,98
India,Haryana,Panchgaon,"Amity University, Panchgaon - IITM","31-08-2026 05:00:00",28.3153,76.9143,PM10,57,109,83
India,Haryana,Rohtak,"MD University, Rohtak - HSPCB","31-08-2026 05:00:00",28.52123,76.37138,SO2,9,12,11
India,Haryana,Sirsa,"F-Block, Sirsa - HSPCB","31-08-2026 05:00:00",29.5364,75.0158,SO2,31,42,36
India,Haryana,Sirsa,"F-Block, Sirsa - HSPCB","31-08-2026 05:00:00",29.5364,75.0158,OZONE,22,45,33
India,Haryana,Sonipat,"Murthal, Sonipat - HSPCB","31-08-2026 05:00:00",29.0272,77.0621,PM2.5,22,62,39
India,Haryana,Sonipat,"Murthal, Sonipat - HSPCB","31-08-2026 05:00:00",29.0272,77.0621,SO2,35,36,35
India,Haryana,Sonipat,"Murthal, Sonipat - HSPCB","31-08-2026 05:00:00",29.0272,77.0621,OZONE,49,52,50
India,Delhi,Delhi,"Commonwealth Sports Complex, Delhi - DPCC","31-08-2026 05:00:00",28.615828,77.271992,NH3,1,2,1
India,Delhi,Delhi,"Talkatora Garden, Delhi - DPCC","31-08-2026 05:00:00",28.62181,77.1944633,PM10,67,126,94
India,Delhi,Delhi,"Talkatora Garden, Delhi - DPCC","31-08-2026 05:00:00",28.62181,77.1944633,SO2,1,2,1
India,Delhi,Delhi,"Talkatora Garden, Delhi - DPCC","31-08-2026 05:00:00",28.62181,77.1944633,CO,42,64,53
India,Delhi,Delhi,"NSIT Dwarka, Delhi - CPCB","31-08-2026 05:00:00",28.60909,77.0325413,PM2.5,23,158,47
India,Delhi,Delhi,"Burari Crossing, Delhi - IITM","31-08-2026 05:00:00",28.7256504,77.2011573,SO2,NA,NA,NA
India,Gujarat,Ahmedabad,"Gyaspur, Ahmedabad - IITM","31-08-2026 05:00:00",22.977134,72.553024,PM10,47,120,90
India,Gujarat,Gandhinagar,"Sector-10, Gandhinagar - GPCB","31-08-2026 05:00:00",23.221714,72.654328,NO2,5,5,5
India,Gujarat,Gandhinagar,"IIPHG Lekawada, Gandhinagar - IITM","31-08-2026 05:00:00",23.243639,72.68994,NO2,3,8,5
India,Gujarat,Gandhinagar,"GIFT City, Gandhinagar - IITM","31-08-2026 05:00:00",23.163798,72.677768,NO2,16,37,21
India,"Madhya Pradesh",Gwalior,"Maharaj Bada, Gwalior - MPPCB","31-08-2026 05:00:00",26.200388,78.147714,SO2,1,18,8
India,"Madhya Pradesh",Gwalior,"City Center, Gwalior - MPPCB","31-08-2026 05:00:00",26.203442,78.193251,OZONE,30,70,59
India,"Madhya Pradesh",Gwalior,"Deen Dayal Nagar, Gwalior - MPPCB","31-08-2026 05:00:00",26.259242,78.216432,SO2,10,13,11
India,"Madhya Pradesh",Gwalior,"Deen Dayal Nagar, Gwalior - MPPCB","31-08-2026 05:00:00",26.259242,78.216432,OZONE,6,20,12
India,"Madhya Pradesh",Indore,"Regional Park, Indore - IMC","31-08-2026 05:00:00",22.678,75.8559,PM10,14,29,23
India,"Madhya Pradesh",Indore,"Regional Park, Indore - IMC","31-08-2026 05:00:00",22.678,75.8559,NO2,2,8,5
India,"Madhya Pradesh",Indore,"Regional Park, Indore - IMC","31-08-2026 05:00:00",22.678,75.8559,OZONE,5,5,5
India,"Madhya Pradesh",Indore,"Chhoti Gwaltoli, Indore - MPPCB","31-08-2026 05:00:00",22.431,75.5213,PM10,46,96,67
India,"Madhya Pradesh",Indore,"Chhoti Gwaltoli, Indore - MPPCB","31-08-2026 05:00:00",22.431,75.5213,SO2,15,20,17
India,"Madhya Pradesh",Indore,"Chhoti Gwaltoli, Indore - MPPCB","31-08-2026 05:00:00",22.431,75.5213,OZONE,16,23,20
India,"Madhya Pradesh",Indore,"Airport Area, Indore - IMC","31-08-2026 05:00:00",22.7289,75.8076,NO2,19,32,20
India,"Madhya Pradesh",Indore,"Airport Area, Indore - IMC","31-08-2026 05:00:00",22.7289,75.8076,SO2,8,10,9
India,"Madhya Pradesh",Indore,"Airport Area, Indore - IMC","31-08-2026 05:00:00",22.7289,75.8076,CO,34,36,35
India,"Madhya Pradesh",Indore,"Maguda Nagar, Indore - IMC","31-08-2026 05:00:00",22.7524,75.8872,NO2,2,4,3
India,"Madhya Pradesh",Indore,"Maguda Nagar, Indore - IMC","31-08-2026 05:00:00",22.7524,75.8872,NH3,NA,NA,NA
India,"Madhya Pradesh",Indore,"Maguda Nagar, Indore - IMC","31-08-2026 05:00:00",22.7524,75.8872,CO,29,32,31
India,"Madhya Pradesh",Indore,"Residency Area, Indore - IMC","31-08-2026 05:00:00",22.7084,75.8815,PM2.5,21,38,32
India,"Madhya Pradesh",Indore,"Residency Area, Indore - IMC","31-08-2026 05:00:00",22.7084,75.8815,PM10,27,47,36
India,"Madhya Pradesh",Indore,"Residency Area, Indore - IMC","31-08-2026 05:00:00",22.7084,75.8815,SO2,1,3,2
India,"Madhya Pradesh",Indore,"Residency Area, Indore - IMC","31-08-2026 05:00:00",22.7084,75.8815,CO,1,4,3
India,"Madhya Pradesh",Jabalpur,"Marhatal, Jabalpur - MPPCB","31-08-2026 05:00:00",23.168606,79.932247,PM2.5,15,37,27
India,"Madhya Pradesh",Jabalpur,"Marhatal, Jabalpur - MPPCB","31-08-2026 05:00:00",23.168606,79.932247,NH3,4,4,4
India,"Madhya Pradesh",Jabalpur,"Govindh Bhavan Colony, Jabalpur - JMC","31-08-2026 05:00:00",23.163174,79.973061,SO2,6,7,7
India,"Madhya Pradesh",Jabalpur,"Suhagi, Jabalpur - JMC","31-08-2026 05:00:00",23.218135,79.95777,PM2.5,30,43,39
India,"Jammu and Kashmir",Pampore,"Khrew, Pampore - JKPCC","31-08-2026 05:00:00",34.031606,75.009712,OZONE,NA,NA,NA
India,"Jammu and Kashmir",Srinagar,"Rajbagh, Srinagar - JKPCC","31-08-2026 05:00:00",34.066206,74.81982,PM2.5,17,34,28
India,"Jammu and Kashmir",Srinagar,"Rajbagh, Srinagar - JKPCC","31-08-2026 05:00:00",34.066206,74.81982,OZONE,1,2,1
India,"Jammu and Kashmir",Srinagar,"Khunmoh, Srinagar - JKPCC","31-08-2026 05:00:00",34.06313,74.96017,PM2.5,4,15,9
India,Jharkhand,Dhanbad,"Sardar Patel Nagar, Dhanbad - JSPCB","31-08-2026 05:00:00",23.80569,86.44268,NO2,96,195,103
India,Jharkhand,Dhanbad,"Sardar Patel Nagar, Dhanbad - JSPCB","31-08-2026 05:00:00",23.80569,86.44268,OZONE,19,27,23
India,Jharkhand,Jorapokhar,"Tata Stadium, Jorapokhar - JSPCB","31-08-2026 05:00:00",23.707909,86.41467,PM2.5,55,62,56
India,Jharkhand,Jorapokhar,"Tata Stadium, Jorapokhar - JSPCB","31-08-2026 05:00:00",23.707909,86.41467,PM10,37,100,62
India,Jharkhand,Jorapokhar,"Tata Stadium, Jorapokhar - JSPCB","31-08-2026 05:00:00",23.707909,86.41467,NO2,8,8,8
India,Jharkhand,Jorapokhar,"Tata Stadium, Jorapokhar - JSPCB","31-08-2026 05:00:00",23.707909,86.41467,CO,38,39,39
India,Karnataka,Bengaluru,"Jigani, Bengaluru - KSPCB","31-08-2026 05:00:00",12.7816279,77.6299145,PM2.5,NA,NA,NA
India,Karnataka,Bengaluru,"Jigani, Bengaluru - KSPCB","31-08-2026 05:00:00",12.7816279,77.6299145,PM10,NA,NA,NA
India,Karnataka,Bengaluru,"City Railway Station, Bengaluru - KSPCB","31-08-2026 05:00:00",12.9756843,77.5660749,PM2.5,NA,NA,NA
India,Karnataka,Bengaluru,"City Railway Station, Bengaluru - KSPCB","31-08-2026 05:00:00",12.9756843,77.5660749,CO,53,61,57
India,Karnataka,Bengaluru,"Jayanagar 5th Block, Bengaluru - KSPCB","31-08-2026 05:00:00",12.920984,77.584908,NH3,0,1,0
India,Karnataka,Bengaluru,"Jayanagar 5th Block, Bengaluru - KSPCB","31-08-2026 05:00:00",12.920984,77.584908,CO,3,7,5
India,Karnataka,Bengaluru,"Jayanagar 5th Block, Bengaluru - KSPCB","31-08-2026 05:00:00",12.920984,77.584908,OZONE,8,120,35
India,Karnataka,Bengaluru,"Hombegowda Nagar, Bengaluru - KSPCB","31-08-2026 05:00:00",12.938539,77.5901,PM2.5,11,29,20
India,Karnataka,Bengaluru,"Hombegowda Nagar, Bengaluru - KSPCB","31-08-2026 05:00:00",12.938539,77.5901,PM10,23,70,40
India,Karnataka,Bengaluru,"Hombegowda Nagar, Bengaluru - KSPCB","31-08-2026 05:00:00",12.938539,77.5901,NO2,9,36,16
India,Karnataka,Bengaluru,"Hombegowda Nagar, Bengaluru - KSPCB","31-08-2026 05:00:00",12.938539,77.5901,CO,15,28,19
India,Karnataka,Bengaluru,"Shivapura_Peenya, Bengaluru - KSPCB","31-08-2026 05:00:00",13.0246342,77.5080115,PM2.5,35,46,38
India,Karnataka,Bengaluru,"Shivapura_Peenya, Bengaluru - KSPCB","31-08-2026 05:00:00",13.0246342,77.5080115,SO2,3,3,3
India,Karnataka,Bengaluru,"Hebbal, Bengaluru - KSPCB","31-08-2026 05:00:00",13.029152,77.585901,PM10,15,35,23
India,Karnataka,Bengaluru,"Hebbal, Bengaluru - KSPCB","31-08-2026 05:00:00",13.029152,77.585901,SO2,11,13,12
India,Karnataka,Bengaluru,"Bapuji Nagar, Bengaluru - KSPCB","31-08-2026 05:00:00",12.951913,77.539784,PM2.5,13,31,23
India,Karnataka,Bengaluru,"Bapuji Nagar, Bengaluru - KSPCB","31-08-2026 05:00:00",12.951913,77.539784,NH3,3,3,3
India,Karnataka,Bengaluru,"Bapuji Nagar, Bengaluru - KSPCB","31-08-2026 05:00:00",12.951913,77.539784,SO2,3,43,17
India,Karnataka,Chamarajanagar,"Urban, Chamarajanagar - KSPCB","31-08-2026 05:00:00",11.55358,76.55521,NO2,15,29,25
India,Karnataka,Chikkamagaluru,"Kalyana Nagara, Chikkamagaluru - KSPCB","31-08-2026 05:00:00",13.328028,75.797056,NO2,12,23,18
India,Karnataka,Chikkamagaluru,"Kalyana Nagara, Chikkamagaluru - KSPCB","31-08-2026 05:00:00",13.328028,75.797056,NH3,2,3,2
India,Karnataka,Chikkamagaluru,"Kalyana Nagara, Chikkamagaluru - KSPCB","31-08-2026 05:00:00",13.328028,75.797056,OZONE,11,12,11
India,Karnataka,Dharwad,"Kalabhavan, Dharwad - KSPCB","31-08-2026 05:00:00",15.459706,75.008381,NO2,25,26,25
India,Karnataka,Dharwad,"Kalabhavan, Dharwad - KSPCB","31-08-2026 05:00:00",15.459706,75.008381,NH3,7,7,7
India,Karnataka,Gadag,"Panchal Nagar, Gadag - KSPCB","31-08-2026 05:00:00",15.411456,75.638133,NO2,11,35,21
India,Karnataka,Hubballi,"Lingaraj Nagar, Hubballi - KSPCB","31-08-2026 05:00:00",15.3714823,75.1160168,PM2.5,33,40,36
India,Karnataka,Hubballi,"Lingaraj Nagar, Hubballi - KSPCB","31-08-2026 05:00:00",15.3714823,75.1160168,NO2,10,10,10
India,"Madhya Pradesh",Jabalpur,"Suhagi, Jabalpur - JMC","31-08-2026 05:00:00",23.218135,79.95777,PM10,36,51,46
India,"Madhya Pradesh",Jabalpur,"Suhagi, Jabalpur - JMC","31-08-2026 05:00:00",23.218135,79.95777,SO2,6,8,7
India,"Madhya Pradesh",Katni,"Gole Bazar, Katni - MPPCB","31-08-2026 05:00:00",23.50016,80.23284,SO2,17,52,31
India,"Madhya Pradesh",Maihar,"Sahilara, Maihar - KJS Cements","31-08-2026 05:00:00",24.2613009,80.7231783,SO2,11,12,12
India,"Madhya Pradesh",Mandideep,"Sector-D Industrial Area, Mandideep - MPPCB","31-08-2026 05:00:00",23.10844,77.511428,SO2,3,7,5
India,"Madhya Pradesh",Mandideep,"Sector-D Industrial Area, Mandideep - MPPCB","31-08-2026 05:00:00",23.10844,77.511428,CO,16,21,18
India,"Madhya Pradesh",Pithampur,"Sector-2 Industrial Area, Pithampur - MPPCB","31-08-2026 05:00:00",22.624758,75.675238,PM10,74,148,102
India,"Madhya Pradesh",Pithampur,"Sector-2 Industrial Area, Pithampur - MPPCB","31-08-2026 05:00:00",22.624758,75.675238,NH3,6,7,7
India,"Madhya Pradesh",Sagar,"Civil Lines, Sagar - MPPCB","31-08-2026 05:00:00",23.838586,78.759431,PM10,60,86,70
India,"Madhya Pradesh",Sagar,"Civil Lines, Sagar - MPPCB","31-08-2026 05:00:00",23.838586,78.759431,OZONE,34,39,37
India,"Madhya Pradesh",Satna,"Bandhavgar Colony, Satna - Birla Cement","31-08-2026 05:00:00",24.58434363,80.8549414,SO2,NA,NA,NA
India,"Madhya Pradesh",Ujjain,"Mahashweta Nagar, Ujjain - MPPCB","31-08-2026 05:00:00",23.1633321,75.800225,NO2,5,24,10
India,"Madhya Pradesh",Ujjain,"Mahashweta Nagar, Ujjain - MPPCB","31-08-2026 05:00:00",23.1633321,75.800225,SO2,4,7,5
India,"Madhya Pradesh",Ujjain,"Mahashweta Nagar, Ujjain - MPPCB","31-08-2026 05:00:00",23.1633321,75.800225,CO,12,72,35
India,Maharashtra,Ahmednagar,"Tarakpur, Ahmednagar - MPCB","31-08-2026 05:00:00",19.10122,74.73339,PM2.5,6,28,15
India,Maharashtra,Ahmednagar,"Tarakpur, Ahmednagar - MPCB","31-08-2026 05:00:00",19.10122,74.73339,NO2,1,9,3
India,Karnataka,Hubballi,"Lingaraj Nagar, Hubballi - KSPCB","31-08-2026 05:00:00",15.3714823,75.1160168,SO2,2,2,2
India,Karnataka,Kalaburagi,"Mahatma Basaveswar Colony, Kalaburgi - KSPCB","31-08-2026 05:00:00",17.336318,76.847397,PM2.5,21,33,25
India,Karnataka,Kalaburagi,"Mahatma Basaveswar Colony, Kalaburgi - KSPCB","31-08-2026 05:00:00",17.336318,76.847397,NH3,2,3,2
India,Karnataka,Madikeri,"Stuart Hill, Madikeri - KSPCB","31-08-2026 05:00:00",12.415911,75.73505,NH3,1,1,1
India,Karnataka,Mysuru,"Hebbal 1st Stage, Mysuru - KSPCB","31-08-2026 05:00:00",12.21041,76.37376,SO2,3,5,3
India,Karnataka,Ramanagara,"Vijay Nagar, Ramanagara - KSPCB","31-08-2026 05:00:00",12.733409,77.298051,NO2,NA,NA,NA
India,Karnataka,Ramanagara,"Vijay Nagar, Ramanagara - KSPCB","31-08-2026 05:00:00",12.733409,77.298051,OZONE,16,19,18
India,Karnataka,Shivamogga,"Vinoba Nagara, Shivamogga - KSPCB","31-08-2026 05:00:00",13.94,75.555917,NH3,2,3,3
India,Karnataka,Shivamogga,"Vinoba Nagara, Shivamogga - KSPCB","31-08-2026 05:00:00",13.94,75.555917,SO2,2,6,5
India,Karnataka,Vijayapura,"Ibrahimpur, Vijayapura - KSPCB","31-08-2026 05:00:00",16.802639,75.722694,PM10,42,43,43
India,Karnataka,Yadgir,"Collector Office, Yadgir - KSPCB","31-08-2026 05:00:00",16.7602,77.1428,SO2,9,37,17
India,Karnataka,Yadgir,"Collector Office, Yadgir - KSPCB","31-08-2026 05:00:00",16.7602,77.1428,CO,1,27,15
India,Kerala,Kannur,"Thavakkara, Kannur - Kerala PCB","31-08-2026 05:00:00",11.875,75.3732,PM10,76,86,79
India,Kerala,Kannur,"Thavakkara, Kannur - Kerala PCB","31-08-2026 05:00:00",11.875,75.3732,CO,13,14,13
India,Kerala,Thiruvananthapuram,"Kariavattom, Thiruvananthapuram - Kerala PCB","31-08-2026 05:00:00",8.5637,76.8865,NO2,6,7,6
India,Kerala,Thiruvananthapuram,"Kariavattom, Thiruvananthapuram - Kerala PCB","31-08-2026 05:00:00",8.5637,76.8865,CO,21,23,22
India,Kerala,Thiruvananthapuram,"Kariavattom, Thiruvananthapuram - Kerala PCB","31-08-2026 05:00:00",8.5637,76.8865,OZONE,30,30,30
India,Kerala,Thrissur,"Corporation Ground, Thrissur - Kerala PCB","31-08-2026 05:00:00",10.5324,76.2159,PM2.5,52,63,59
India,Kerala,Thrissur,"Corporation Ground, Thrissur - Kerala PCB","31-08-2026 05:00:00",10.5324,76.2159,PM10,49,60,56
India,Kerala,Thrissur,"Corporation Ground, Thrissur - Kerala PCB","31-08-2026 05:00:00",10.5324,76.2159,NO2,8,10,9
India,Kerala,Thrissur,"Corporation Ground, Thrissur - Kerala PCB","31-08-2026 05:00:00",10.5324,76.2159,NH3,0,0,0
India,Kerala,Thrissur,"Corporation Ground, Thrissur - Kerala PCB","31-08-2026 05:00:00",10.5324,76.2159,CO,13,18,15
India,Kerala,Thrissur,"Corporation Ground, Thrissur - Kerala PCB","31-08-2026 05:00:00",10.5324,76.2159,OZONE,30,30,30
India,"Madhya Pradesh",Bhopal,"Paryavaran Parisar, Bhopal - MPPCB","31-08-2026 05:00:00",23.210494,77.425409,CO,10,14,12
India,"Madhya Pradesh",Bhopal,"Idgah Hills, Bhopal - MPPCB","31-08-2026 05:00:00",23.264759,77.381568,PM2.5,NA,NA,NA
India,"Madhya Pradesh",Bhopal,"Idgah Hills, Bhopal - MPPCB","31-08-2026 05:00:00",23.264759,77.381568,PM10,NA,NA,NA
India,"Madhya Pradesh",Bhopal,"Idgah Hills, Bhopal - MPPCB","31-08-2026 05:00:00",23.264759,77.381568,NO2,NA,NA,NA
India,"Madhya Pradesh",Bhopal,"Idgah Hills, Bhopal - MPPCB","31-08-2026 05:00:00",23.264759,77.381568,SO2,NA,NA,NA
India,"Madhya Pradesh",Damoh,"Shrivastav Colony, Damoh - MPPCB","31-08-2026 05:00:00",23.81748678,79.446246,PM2.5,20,45,30
India,"Madhya Pradesh",Dewas,"Bhopal Chauraha, Dewas - MPPCB","31-08-2026 05:00:00",22.9682591,76.064118,PM10,35,83,59
India,"Madhya Pradesh",Dewas,"Bhopal Chauraha, Dewas - MPPCB","31-08-2026 05:00:00",22.9682591,76.064118,OZONE,39,42,41
India,Maharashtra,Akola,"Ramdaspeth, Akola - MPCB","31-08-2026 05:00:00",20.719516,77.000253,NO2,16,39,23
India,Maharashtra,Ambernath,"Chinchpada, Ambernath - MPCB","31-08-2026 05:00:00",19.215784,73.199781,NH3,2,3,2
India,Maharashtra,Ambernath,"Chinchpada, Ambernath - MPCB","31-08-2026 05:00:00",19.215784,73.199781,OZONE,1,4,2
India,Maharashtra,Amravati,"Shri Shivaji Science College, Amravati - MPCB","31-08-2026 05:00:00",20.939198,77.765701,NH3,2,6,3
India,Maharashtra,Amravati,"Shri Shivaji Science College, Amravati - MPCB","31-08-2026 05:00:00",20.939198,77.765701,CO,24,29,26
India,Maharashtra,Amravati,"Shivneri Colony, Amravati - MPCB","31-08-2026 05:00:00",20.9402359,77.7895248,NH3,2,2,2
India,Maharashtra,Amravati,"Shivneri Colony, Amravati - MPCB","31-08-2026 05:00:00",20.9402359,77.7895248,OZONE,9,12,10
India,Maharashtra,Aurangabad,"Rachnakar Colony, Aurangabad - MPCB","31-08-2026 05:00:00",19.863756,75.321188,PM10,32,54,44
India,Maharashtra,Aurangabad,"More Chowk Waluj, Aurangabad - MPCB","31-08-2026 05:00:00",19.8389439,75.244448,NH3,7,8,7
India,Maharashtra,Badlapur,"Katrap, Badlapur - MPCB","31-08-2026 05:00:00",19.16485,73.23409,NO2,16,18,17
India,Maharashtra,Badlapur,"Katrap, Badlapur - MPCB","31-08-2026 05:00:00",19.16485,73.23409,NH3,7,8,7
India,Maharashtra,Badlapur,"Katrap, Badlapur - MPCB","31-08-2026 05:00:00",19.16485,73.23409,SO2,6,8,8
India,Maharashtra,Badlapur,"Katrap, Badlapur - MPCB","31-08-2026 05:00:00",19.16485,73.23409,CO,28,33,31
India,Maharashtra,Badlapur,"Katrap, Badlapur - MPCB","31-08-2026 05:00:00",19.16485,73.23409,OZONE,5,20,13
India,Maharashtra,Beed,"Bir, Beed - MPCB","31-08-2026 05:00:00",18.988474,75.753873,NO2,4,26,11
India,Maharashtra,Beed,"Bir, Beed - MPCB","31-08-2026 05:00:00",18.988474,75.753873,SO2,6,10,8
India,Maharashtra,Bhiwandi,"Gokul Nagar, Bhiwandi - MPCB","31-08-2026 05:00:00",19.309073,73.057223,SO2,3,4,3
India,Maharashtra,Boisar,"Khaira, Boisar - MPCB","31-08-2026 05:00:00",19.786089,72.757971,SO2,NA,NA,NA
India,Maharashtra,Boisar,"Khaira, Boisar - MPCB","31-08-2026 05:00:00",19.786089,72.757971,OZONE,29,38,33
India,Maharashtra,Chandrapur,"MIDC Khutala, Chandrapur - MPCB","31-08-2026 05:00:00",19.9775302,79.2337086,OZONE,3,10,7
India,Maharashtra,Chandrapur,"Chauhan Colony, Chandrapur - MPCB","31-08-2026 05:00:00",19.9629,79.298714,NO2,12,14,13
India,Maharashtra,Chandrapur,"Chauhan Colony, Chandrapur - MPCB","31-08-2026 05:00:00",19.9629,79.298714,SO2,9,11,10
India,Maharashtra,Chandrapur,"Chauhan Colony, Chandrapur - MPCB","31-08-2026 05:00:00",19.9629,79.298714,OZONE,4,8,6
India,Maharashtra,Dhule,"Deopur, Dhule - MPCB","31-08-2026 05:00:00",20.918946,74.776388,CO,1,3,2
India,Maharashtra,Dombivli,"Kalu Nagar, Dombivli - MPCB","31-08-2026 05:00:00",19.2268427,73.0788456,SO2,24,45,26
India,Maharashtra,Hingoli,"Ashta Vinayak Nagar, Hingoli - MPCB","31-08-2026 05:00:00",19.710842,77.151824,PM2.5,19,40,29
India,Maharashtra,Hingoli,"Ashta Vinayak Nagar, Hingoli - MPCB","31-08-2026 05:00:00",19.710842,77.151824,PM10,28,119,65
India,Maharashtra,Hingoli,"Ashta Vinayak Nagar, Hingoli - MPCB","31-08-2026 05:00:00",19.710842,77.151824,OZONE,3,19,15
India,Maharashtra,Jalna,"Old MIDC, Jalna - MPCB","31-08-2026 05:00:00",19.854616,75.905894,PM2.5,NA,NA,NA
India,Maharashtra,Jalna,"Old MIDC, Jalna - MPCB","31-08-2026 05:00:00",19.854616,75.905894,PM10,NA,NA,NA
India,Maharashtra,Jalna,"Old MIDC, Jalna - MPCB","31-08-2026 05:00:00",19.854616,75.905894,NO2,11,25,19
India,Maharashtra,Kalyan,"Khadakpada, Kalyan - MPCB","31-08-2026 05:00:00",19.25292,73.142019,NO2,37,37,37
India,Maharashtra,Kalyan,"Pimpleshwar Mandir, Kalyan - MPCB","31-08-2026 05:00:00",19.192056,72.9585188,PM2.5,13,53,27
India,Maharashtra,Malegaon,"Mahesh Nagar, Malegaon - MPCB","31-08-2026 05:00:00",20.555712,74.529236,OZONE,19,22,21
India,Meghalaya,Byrnihat,"15th Mile-Nongthymmai, Byrnihat -Meghalaya PCB","31-08-2026 05:00:00",26.079047,91.875185,PM10,NA,NA,NA
India,Meghalaya,Byrnihat,"15th Mile-Nongthymmai, Byrnihat -Meghalaya PCB","31-08-2026 05:00:00",26.079047,91.875185,NO2,1,2,2
India,Meghalaya,Byrnihat,"15th Mile-Nongthymmai, Byrnihat -Meghalaya PCB","31-08-2026 05:00:00",26.079047,91.875185,CO,NA,NA,NA
India,Meghalaya,Byrnihat,"15th Mile-Nongthymmai, Byrnihat -Meghalaya PCB","31-08-2026 05:00:00",26.079047,91.875185,OZONE,NA,NA,NA
India,Meghalaya,Shillong,"JN Stadium, Shillong - Meghalaya PCB","31-08-2026 05:00:00",25.5803419,91.8942571,OZONE,10,15,13
India,Odisha,Angul,"Hakimapada, Angul - OSPCB","31-08-2026 05:00:00",20.832874,85.104082,PM2.5,2,30,13
India,Odisha,Balasore,"Kalidaspur, Balasore - OSPCB","31-08-2026 05:00:00",21.51161,86.89088,PM2.5,2,47,23
India,Odisha,Balasore,"Kalidaspur, Balasore - OSPCB","31-08-2026 05:00:00",21.51161,86.89088,PM10,2,37,18
India,Odisha,Balasore,"Kalidaspur, Balasore - OSPCB","31-08-2026 05:00:00",21.51161,86.89088,NH3,3,4,3
India,Odisha,Balasore,"Kalidaspur, Balasore - OSPCB","31-08-2026 05:00:00",21.51161,86.89088,SO2,5,125,15
India,Odisha,Barbil,"Forest Office, Barbil - OSPCB","31-08-2026 05:00:00",22.1166054,85.3945546,PM10,4,84,37
India,Odisha,Baripada,"Meher Colony, Baripada - OSPCB","31-08-2026 05:00:00",21.941841,86.728318,PM10,22,49,36
India,Odisha,Baripada,"Meher Colony, Baripada - OSPCB","31-08-2026 05:00:00",21.941841,86.728318,NO2,3,35,19
India,Odisha,Bhubaneswar,"Patia, Bhubaneswar - OSPCB","31-08-2026 05:00:00",20.34652,85.8163,NO2,4,11,7
India,Odisha,Bileipada,"Tata Township, Bileipada - OSPCB","31-08-2026 05:00:00",22.06156703,85.47409613,PM2.5,10,53,27
India,Odisha,Byasanagar,"Ferro Chrome Colony, Byasanagar - OSPCB","31-08-2026 05:00:00",20.94185,86.1151,NO2,12,61,22
India,Odisha,Byasanagar,"Ferro Chrome Colony, Byasanagar - OSPCB","31-08-2026 05:00:00",20.94185,86.1151,SO2,14,90,25
India,Odisha,Cuttack,"CDA Area, Cuttack - OSPCB","31-08-2026 05:00:00",20.48891,85.84768,PM10,11,39,23
India,Odisha,Cuttack,"CDA Area, Cuttack - OSPCB","31-08-2026 05:00:00",20.48891,85.84768,NO2,6,16,11
India,Odisha,Cuttack,"CDA Area, Cuttack - OSPCB","31-08-2026 05:00:00",20.48891,85.84768,SO2,6,13,10
India,Odisha,Keonjhar,"Jagamohanpur, Keonjhar - OSPCB","31-08-2026 05:00:00",21.6439,85.599355,PM2.5,NA,NA,NA
India,Odisha,Keonjhar,"Jagamohanpur, Keonjhar - OSPCB","31-08-2026 05:00:00",21.6439,85.599355,SO2,16,22,18
India,Odisha,Nayagarh,"Dabuna, Nayagarh - OSPCB","31-08-2026 05:00:00",21.847279,85.416905,PM10,26,186,71
India,Odisha,Nayagarh,"Dabuna, Nayagarh - OSPCB","31-08-2026 05:00:00",21.847279,85.416905,SO2,17,18,18
India,Odisha,Nayagarh,"Dabuna, Nayagarh - OSPCB","31-08-2026 05:00:00",21.847279,85.416905,OZONE,16,16,16
India,Odisha,Rourkela,"Sector-2, Rourkela - OSPCB","31-08-2026 05:00:00",22.245,84.88111111,CO,36,36,36
India,Odisha,Rourkela,"Fertilizer Township, Rourkela - OSPCB","31-08-2026 05:00:00",22.18972222,84.86277778,CO,28,30,29
India,Odisha,Talcher,"Talcher Coalfields,Talcher - OSPCB","31-08-2026 05:00:00",20.9360711,85.1707021,NH3,6,7,7
India,Odisha,Tensa,"Barsua Iron Ore Mines, Tensa - OSPCB","31-08-2026 05:00:00",21.869985,85.167016,NH3,NA,NA,NA
India,Maharashtra,Mumbai,"Khindipada-Bhandup West, Mumbai - IITM","31-08-2026 05:00:00",19.1653323,72.922099,SO2,3,16,9
India,Maharashtra,Mumbai,"Malad West, Mumbai - IITM","31-08-2026 05:00:00",19.19709,72.82204,CO,21,34,28
India,Maharashtra,Mumbai,"Borivali East, Mumbai - IITM","31-08-2026 05:00:00",19.23241,72.86895,PM2.5,6,27,16
India,Maharashtra,Mumbai,"Mazgaon, Mumbai - IITM","31-08-2026 05:00:00",18.96702,72.84214,NO2,22,35,27
India,Maharashtra,Mumbai,"Chakala-Andheri East, Mumbai - IITM","31-08-2026 05:00:00",19.11074,72.86084,SO2,4,12,9
India,Maharashtra,Mumbai,"Kurla, Mumbai - MPCB","31-08-2026 05:00:00",19.0863,72.8888,SO2,29,29,29
India,Maharashtra,Mumbai,"Ghatkopar, Mumbai - BMC","31-08-2026 05:00:00",19.083694,72.920967,PM10,29,44,37
India,Maharashtra,Mumbai,"Ghatkopar, Mumbai - BMC","31-08-2026 05:00:00",19.083694,72.920967,CO,NA,NA,NA
India,Maharashtra,Mumbai,"Deonar, Mumbai - IITM","31-08-2026 05:00:00",19.04946,72.923,PM10,27,59,42
India,Maharashtra,Mumbai,"Deonar, Mumbai - IITM","31-08-2026 05:00:00",19.04946,72.923,SO2,1,5,3
India,Maharashtra,Mumbai,"Deonar, Mumbai - IITM","31-08-2026 05:00:00",19.04946,72.923,OZONE,6,9,8
India,Maharashtra,Mumbai,"Chhatrapati Shivaji Intl. Airport (T2), Mumbai - MPCB","31-08-2026 05:00:00",19.10078,72.87462,OZONE,NA,NA,NA
India,Maharashtra,Pimpri-Chinchwad,"Thergaon, Pimpri Chinchwad - MPCB","31-08-2026 05:00:00",18.616318,73.765797,SO2,0,4,2
India,Maharashtra,Pimpri-Chinchwad,"Transport Nagar-Nigdi, Pune - IITM","31-08-2026 05:00:00",18.664282,73.763966,PM2.5,17,53,31
India,Maharashtra,Pimpri-Chinchwad,"Transport Nagar-Nigdi, Pune - IITM","31-08-2026 05:00:00",18.664282,73.763966,SO2,NA,NA,NA
India,Maharashtra,Pimpri-Chinchwad,"Savta Mali Nagar, Pimpri-Chinchwad - IITM","31-08-2026 05:00:00",18.614767,73.799516,NO2,14,33,21
India,Maharashtra,Pimpri-Chinchwad,"Savta Mali Nagar, Pimpri-Chinchwad - IITM","31-08-2026 05:00:00",18.614767,73.799516,SO2,NA,NA,NA
India,Maharashtra,Pimpri-Chinchwad,"Savta Mali Nagar, Pimpri-Chinchwad - IITM","31-08-2026 05:00:00",18.614767,73.799516,OZONE,1,13,6
India,Maharashtra,Pune,"Hadapsar, Pune - IITM","31-08-2026 05:00:00",18.501793,73.927532,NH3,NA,NA,NA
India,Maharashtra,Pune,"Revenue Colony-Shivajinagar, Pune - IITM","31-08-2026 05:00:00",18.530085,73.849598,NO2,7,26,13
India,Maharashtra,Pune,"Revenue Colony-Shivajinagar, Pune - IITM","31-08-2026 05:00:00",18.530085,73.849598,NH3,NA,NA,NA
India,Maharashtra,Pune,"Savitribai Phule Pune University, Pune - MPCB","31-08-2026 05:00:00",18.547056,73.826908,PM2.5,9,23,16
India,Maharashtra,Pune,"Savitribai Phule Pune University, Pune - MPCB","31-08-2026 05:00:00",18.547056,73.826908,NH3,NA,NA,NA
India,Maharashtra,Sangli,"Vijay Nagar, Sangli - MPCB","31-08-2026 05:00:00",16.5038,74.3623,PM2.5,16,33,22
India,Maharashtra,Mumbai,"Sion, Mumbai - MPCB","31-08-2026 05:00:00",19.047,72.8746,CO,19,19,19
India,Maharashtra,Mumbai,"Sion, Mumbai - MPCB","31-08-2026 05:00:00",19.047,72.8746,OZONE,NA,NA,NA
India,Maharashtra,Mumbai,"Borivali East, Mumbai - MPCB","31-08-2026 05:00:00",19.2243333,72.8658113,PM10,22,38,28
India,Maharashtra,Mumbai,"Borivali East, Mumbai - MPCB","31-08-2026 05:00:00",19.2243333,72.8658113,NH3,2,2,2
India,Maharashtra,Mumbai,"Borivali East, Mumbai - MPCB","31-08-2026 05:00:00",19.2243333,72.8658113,SO2,17,20,19
India,Maharashtra,Mumbai,"Bandra Kurla Complex, Mumbai - MPCB","31-08-2026 05:00:00",19.065931,72.862131,NH3,NA,NA,NA
India,Maharashtra,Mumbai,"Kherwadi_Bandra East, Mumbai - MPCB","31-08-2026 05:00:00",19.0632143,72.8456324,NO2,3,8,5
India,Maharashtra,Mumbai,"Worli, Mumbai - MPCB","31-08-2026 05:00:00",18.9936162,72.8128113,PM2.5,2,44,19
India,Maharashtra,Mumbai,"Mulund West, Mumbai - MPCB","31-08-2026 05:00:00",19.175,72.9419,SO2,NA,NA,NA
India,Maharashtra,Mumbai,"Sewri, Mumbai - BMC","31-08-2026 05:00:00",19.000084,72.85673,PM2.5,15,21,17
India,Maharashtra,"Navi Mumbai","Sector-2E Kalamboli, Navi Mumbai - MPCB","31-08-2026 05:00:00",19.02579,73.10297,OZONE,4,6,5
India,Maharashtra,"Navi Mumbai","Mahape, Navi Mumbai - MPCB","31-08-2026 05:00:00",19.1135051,73.008978,NH3,1,1,1
India,Maharashtra,"Navi Mumbai","Mahape, Navi Mumbai - MPCB","31-08-2026 05:00:00",19.1135051,73.008978,CO,28,29,28
India,Maharashtra,Parbhani,"Masoom Colony, Parbhani - MPCB","31-08-2026 05:00:00",19.265594,76.761463,SO2,0,1,1
India,Maharashtra,Pimpri-Chinchwad,"Gavalinagar, Pimpri Chinchwad - MPCB","31-08-2026 05:00:00",18.63673,73.82487,PM2.5,22,43,30
India,Maharashtra,Pimpri-Chinchwad,"Gavalinagar, Pimpri Chinchwad - MPCB","31-08-2026 05:00:00",18.63673,73.82487,SO2,1,2,1
India,Maharashtra,Pimpri-Chinchwad,"Gavalinagar, Pimpri Chinchwad - MPCB","31-08-2026 05:00:00",18.63673,73.82487,OZONE,7,11,9
India,Maharashtra,Pimpri-Chinchwad,"Bhosari, Pune - IITM","31-08-2026 05:00:00",18.640051,73.848956,NO2,16,32,23
India,Maharashtra,Pimpri-Chinchwad,"Thergaon, Pimpri Chinchwad - MPCB","31-08-2026 05:00:00",18.616318,73.765797,PM2.5,NA,NA,NA
India,Maharashtra,Mumbai,"Powai, Mumbai - MPCB","31-08-2026 05:00:00",19.1375,72.915056,PM2.5,10,91,36
India,Maharashtra,Nagpur,"Mahal, Nagpur - MPCB","31-08-2026 05:00:00",21.14472,79.107595,NO2,7,18,12
India,Maharashtra,Nagpur,"Mahal, Nagpur - MPCB","31-08-2026 05:00:00",21.14472,79.107595,OZONE,4,11,8
India,Maharashtra,Nagpur,"Ram Nagar, Nagpur - MPCB","31-08-2026 05:00:00",21.143383,79.048912,OZONE,13,19,15
India,Maharashtra,Nagpur,"Ambazari, Nagpur - MPCB","31-08-2026 05:00:00",21.121801,79.04952,SO2,5,8,7
India,Maharashtra,Nashik,"Gangapur Road, Nashik - MPCB","31-08-2026 05:00:00",20.0073285,73.7762427,NH3,3,3,3
India,Maharashtra,Nashik,"Pandav Nagari, Nashik - MPCB","31-08-2026 05:00:00",19.9591346,73.7788008,NO2,2,5,4
India,Maharashtra,Nashik,"Pandav Nagari, Nashik - MPCB","31-08-2026 05:00:00",19.9591346,73.7788008,NH3,1,2,1
India,Maharashtra,Nashik,"Hirawadi, Nashik - MPCB","31-08-2026 05:00:00",20.021503,73.813844,PM10,18,48,33
India,Maharashtra,Sangli,"Vijay Nagar, Sangli - MPCB","31-08-2026 05:00:00",16.5038,74.3623,NH3,0,2,1
India,Maharashtra,Satara,"Koyana Nagar, Satara - MPCB","31-08-2026 05:00:00",17.696651,74.003387,OZONE,14,24,19
India,Maharashtra,Solapur,"Dnyaneshwar Nagar, Solapur - MPCB","31-08-2026 05:00:00",17.6336264,75.9132495,CO,7,13,9
India,Maharashtra,Solapur,"Ratandeep Housing Society, Solapur - MPCB","31-08-2026 05:00:00",17.65439,75.90649,NO2,8,23,15
India,Maharashtra,Solapur,"Ratandeep Housing Society, Solapur - MPCB","31-08-2026 05:00:00",17.65439,75.90649,OZONE,9,14,11
India,Maharashtra,Ulhasnagar,"Sidhi Vinayak Nagar, Ulhasnagar - MPCB","31-08-2026 05:00:00",19.235581,73.159121,PM10,33,86,57
India,Maharashtra,Ulhasnagar,"Sidhi Vinayak Nagar, Ulhasnagar - MPCB","31-08-2026 05:00:00",19.235581,73.159121,NO2,1,10,9
India,Maharashtra,Virar,"Bolinj, Virar - MPCB","31-08-2026 05:00:00",19.445821,72.7988231,CO,1,8,5
India,Maharashtra,"Navi Mumbai","Kopripada-Vashi, Navi Mumbai - MPCB","31-08-2026 05:00:00",19.090337,73.014232,NO2,5,12,7
India,Maharashtra,"Navi Mumbai","Tondare-Taloja, Navi Mumbai - MPCB","31-08-2026 05:00:00",19.063,73.1209,CO,42,52,49
India,Maharashtra,"Navi Mumbai","Sanpada, Navi Mumbai - MPCB","31-08-2026 05:00:00",19.0575752,73.0151367,SO2,4,7,5
India,Maharashtra,"Navi Mumbai","Sector-2E Kalamboli, Navi Mumbai - MPCB","31-08-2026 05:00:00",19.02579,73.10297,PM10,21,37,28
India,Rajasthan,Chittorgarh,"Shastri Nagar, Chittorgarh - RSPCB","31-08-2026 05:00:00",24.892047,74.623527,OZONE,36,43,40
India,Rajasthan,Churu,"Subash Chowk, Churu - RSPCB","31-08-2026 05:00:00",28.296139,74.961696,SO2,3,5,4
India,Rajasthan,Dausa,"Khatikan Mohalla, Dausa - RSPCB","31-08-2026 05:00:00",26.895552,76.334753,NO2,11,37,21
India,Rajasthan,Dausa,"Khatikan Mohalla, Dausa - RSPCB","31-08-2026 05:00:00",26.895552,76.334753,NH3,5,9,7
India,Rajasthan,Dausa,"Khatikan Mohalla, Dausa - RSPCB","31-08-2026 05:00:00",26.895552,76.334753,SO2,2,7,3
India,Rajasthan,Dausa,"Khatikan Mohalla, Dausa - RSPCB","31-08-2026 05:00:00",26.895552,76.334753,CO,8,34,17
India,Rajasthan,Dholpur,"Raja Ganj, Dholpur - RSPCB","31-08-2026 05:00:00",26.699557,77.898881,PM10,38,70,52
India,Rajasthan,Dungarpur,"Bhoiwada, Dungarpur - RSPCB","31-08-2026 05:00:00",23.837789,73.714926,CO,37,45,42
India,Rajasthan,Hanumangarh,"Housing Board, Hanumangarh - RSPCB","31-08-2026 05:00:00",29.61075,74.283608,PM10,47,88,69
India,Rajasthan,Hanumangarh,"Housing Board, Hanumangarh - RSPCB","31-08-2026 05:00:00",29.61075,74.283608,NO2,1,8,5
India,Rajasthan,Jaipur,"Mansarovar Sector-12, Jaipur - RSPCB","31-08-2026 05:00:00",26.843698,75.766894,NO2,2,49,15
India,Rajasthan,Jaipur,"Mansarovar Sector-12, Jaipur - RSPCB","31-08-2026 05:00:00",26.843698,75.766894,OZONE,16,67,36
India,Rajasthan,Jaipur,"Sector-2 Murlipura, Jaipur - RSPCB","31-08-2026 05:00:00",26.960669,75.771817,PM10,52,117,81
India,Rajasthan,Jaipur,"Police Commissionerate, Jaipur - RSPCB","31-08-2026 05:00:00",26.9164092,75.7994901,PM2.5,29,55,42
India,Rajasthan,Jaipur,"Police Commissionerate, Jaipur - RSPCB","31-08-2026 05:00:00",26.9164092,75.7994901,CO,34,72,49
India,Rajasthan,Jaipur,"Police Commissionerate, Jaipur - RSPCB","31-08-2026 05:00:00",26.9164092,75.7994901,OZONE,31,34,33
India,Rajasthan,Jaipur,"RIICO Sitapura, Jaipur - RSPCB","31-08-2026 05:00:00",26.786682,75.827928,PM2.5,53,93,68
India,Rajasthan,Jaipur,"RIICO Sitapura, Jaipur - RSPCB","31-08-2026 05:00:00",26.786682,75.827928,PM10,72,118,92
India,Rajasthan,Jaipur,"RIICO Sitapura, Jaipur - RSPCB","31-08-2026 05:00:00",26.786682,75.827928,CO,13,39,21
India,Rajasthan,Jaipur,"Adarsh Nagar, Jaipur - RSPCB","31-08-2026 05:00:00",26.902909,75.836858,PM10,68,102,80
India,Rajasthan,Jaipur,"Adarsh Nagar, Jaipur - RSPCB","31-08-2026 05:00:00",26.902909,75.836858,NH3,3,5,3
India,Rajasthan,Jaipur,"Adarsh Nagar, Jaipur - RSPCB","31-08-2026 05:00:00",26.902909,75.836858,CO,15,24,19
India,Rajasthan,Kota,"Nayapura, Kota - RSPCB","31-08-2026 05:00:00",25.196024,75.855668,NH3,3,10,6
India,Rajasthan,Kota,"Nayapura, Kota - RSPCB","31-08-2026 05:00:00",25.196024,75.855668,SO2,6,7,7
India,Rajasthan,Kota,"Dhanmandi, Kota - RSPCB","31-08-2026 05:00:00",25.16409,75.858137,NO2,12,31,18
India,Rajasthan,Kota,"Shrinath Puram, Kota - RSPCB","31-08-2026 05:00:00",25.14389,75.821256,CO,39,46,42
India,Rajasthan,Nagaur,"Karni Colony, Nagaur - RSPCB","31-08-2026 05:00:00",27.213494,73.734444,PM10,56,119,91
India,Rajasthan,Nagaur,"Karni Colony, Nagaur - RSPCB","31-08-2026 05:00:00",27.213494,73.734444,NH3,2,5,4
India,Rajasthan,Nagaur,"Karni Colony, Nagaur - RSPCB","31-08-2026 05:00:00",27.213494,73.734444,CO,6,16,9
India,Rajasthan,Pali,"Indira Colony Vistar, Pali - RSPCB","31-08-2026 05:00:00",25.771061,73.340227,PM2.5,69,145,99
India,Rajasthan,Pali,"Indira Colony Vistar, Pali - RSPCB","31-08-2026 05:00:00",25.771061,73.340227,PM10,76,125,105
India,Rajasthan,Pali,"Indira Colony Vistar, Pali - RSPCB","31-08-2026 05:00:00",25.771061,73.340227,NH3,4,12,7
India,Rajasthan,Pratapgarh,"Pragati Nagar, Pratapgarh - RSPCB","31-08-2026 05:00:00",24.041198,74.780702,PM2.5,27,58,42
India,Rajasthan,"Sawai Madhopur","Sahu Nagar, Sawai Madhopur - RSPCB","31-08-2026 05:00:00",26.031443,76.359327,PM10,64,110,88
India,Rajasthan,Sikar,"Radhakishan Pura, Sikar - RSPCB","31-08-2026 05:00:00",27.608912,75.153302,NO2,4,14,8
India,Rajasthan,Sikar,"Radhakishan Pura, Sikar - RSPCB","31-08-2026 05:00:00",27.608912,75.153302,NH3,9,11,10
India,Rajasthan,Sikar,"Radhakishan Pura, Sikar - RSPCB","31-08-2026 05:00:00",27.608912,75.153302,SO2,2,5,4
India,Rajasthan,Sikar,"Radhakishan Pura, Sikar - RSPCB","31-08-2026 05:00:00",27.608912,75.153302,CO,12,22,15
India,Rajasthan,"Sri Ganganagar","Old City, Sri Ganganagar - RSPCB","31-08-2026 05:00:00",29.931624,73.864511,PM2.5,12,42,23
India,Rajasthan,"Sri Ganganagar","Old City, Sri Ganganagar - RSPCB","31-08-2026 05:00:00",29.931624,73.864511,SO2,NA,NA,NA
India,Rajasthan,Tonk,"Shastri Nagar, Tonk - RSPCB","31-08-2026 05:00:00",26.159933,75.780517,PM10,81,142,112
India,"Tamil Nadu",Chennai,"Royapuram, Chennai - TNPCB","31-08-2026 05:00:00",13.1036,80.2909,SO2,4,6,5
India,"Tamil Nadu",Chennai,"Royapuram, Chennai - TNPCB","31-08-2026 05:00:00",13.1036,80.2909,OZONE,30,34,32
India,"Tamil Nadu",Cuddalore,"Kudikadu, Cuddalore - TNPCB","31-08-2026 05:00:00",11.6829898,79.7532099,NO2,NA,NA,NA
India,"Tamil Nadu",Thoothukudi,"Meelavittan, Thoothukudi - TNPCB","31-08-2026 05:00:00",8.816428,78.099039,SO2,5,19,14
India,"Tamil Nadu",Thoothukudi,"Meelavittan, Thoothukudi - TNPCB","31-08-2026 05:00:00",8.816428,78.099039,OZONE,26,31,29
India,Telangana,Hyderabad,"Zoo Park, Hyderabad - TSPCB","31-08-2026 05:00:00",17.349694,78.451437,PM10,2,31,17
India,Telangana,Hyderabad,"Zoo Park, Hyderabad - TSPCB","31-08-2026 05:00:00",17.349694,78.451437,NO2,9,10,9
India,Telangana,Hyderabad,"Zoo Park, Hyderabad - TSPCB","31-08-2026 05:00:00",17.349694,78.451437,SO2,2,2,2
India,Telangana,Hyderabad,"Central University, Hyderabad - TSPCB","31-08-2026 05:00:00",17.460103,78.334361,PM2.5,3,24,17
India,Telangana,Hyderabad,"Central University, Hyderabad - TSPCB","31-08-2026 05:00:00",17.460103,78.334361,OZONE,10,12,11
India,Telangana,Hyderabad,"New Malakpet, Hyderabad - TSPCB","31-08-2026 05:00:00",17.37206,78.50864,NO2,11,16,13
India,Telangana,Hyderabad,"ECIL Kapra, Hyderabad - TSPCB","31-08-2026 05:00:00",17.470431,78.566959,PM10,43,64,51
India,Telangana,Hyderabad,"ECIL Kapra, Hyderabad - TSPCB","31-08-2026 05:00:00",17.470431,78.566959,NO2,8,13,10
India,Telangana,Hyderabad,"Ramachandrapuram, Hyderabad - TSPCB","31-08-2026 05:00:00",17.528544,78.286195,PM10,39,72,53
India,Telangana,Hyderabad,"Ramachandrapuram, Hyderabad - TSPCB","31-08-2026 05:00:00",17.528544,78.286195,NH3,2,5,4
India,Telangana,Hyderabad,"Ramachandrapuram, Hyderabad - TSPCB","31-08-2026 05:00:00",17.528544,78.286195,CO,18,19,19
India,Telangana,Hyderabad,"Kompally Municipal Office, Hyderabad - TSPCB","31-08-2026 05:00:00",17.544899,78.486949,NO2,10,13,11
India,Telangana,Hyderabad,"Kompally Municipal Office, Hyderabad - TSPCB","31-08-2026 05:00:00",17.544899,78.486949,SO2,3,12,8
India,Telangana,Hyderabad,"Kompally Municipal Office, Hyderabad - TSPCB","31-08-2026 05:00:00",17.544899,78.486949,OZONE,7,20,12
India,Odisha,Tensa,"Barsua Iron Ore Mines, Tensa - OSPCB","31-08-2026 05:00:00",21.869985,85.167016,SO2,17,29,25
India,Puducherry,Puducherry,"Jawahar Nagar, Puducherry - PPCC","31-08-2026 05:00:00",11.9309,79.8027,SO2,6,11,8
India,Puducherry,Puducherry,"Jawahar Nagar, Puducherry - PPCC","31-08-2026 05:00:00",11.9309,79.8027,CO,5,18,13
India,Punjab,Bathinda,"Hardev Nagar, Bathinda - PPCB","31-08-2026 05:00:00",30.233011,74.907758,NO2,25,29,27
India,Punjab,Khanna,"Kalal Majra, Khanna - PPCB","31-08-2026 05:00:00",30.736056,76.209694,PM10,1,307,77
India,Punjab,Khanna,"Kalal Majra, Khanna - PPCB","31-08-2026 05:00:00",30.736056,76.209694,OZONE,10,29,18
India,Punjab,"Mandi Gobindgarh","RIMT University, Mandi Gobindgarh - PPCB","31-08-2026 05:00:00",30.649961,76.331442,NO2,24,25,25
India,Punjab,Patiala,"Model Town, Patiala - PPCB","31-08-2026 05:00:00",30.349388,76.366642,NO2,7,22,14
India,Punjab,Patiala,"Model Town, Patiala - PPCB","31-08-2026 05:00:00",30.349388,76.366642,CO,20,40,28
India,Punjab,Rupnagar,"Ratanpura, Rupnagar - Ambuja Cements","31-08-2026 05:00:00",31.0325454,76.5623046,NH3,NA,NA,NA
India,Punjab,Rupnagar,"Ratanpura, Rupnagar - Ambuja Cements","31-08-2026 05:00:00",31.0325454,76.5623046,OZONE,NA,NA,NA
India,Rajasthan,Ajmer,"Civil Lines,  Ajmer - RSPCB","31-08-2026 05:00:00",26.470859,74.646594,NO2,16,18,17
India,Rajasthan,Ajmer,"Civil Lines,  Ajmer - RSPCB","31-08-2026 05:00:00",26.470859,74.646594,SO2,7,11,9
India,Rajasthan,Alwar,"Moti Doongri, Alwar - RSPCB","31-08-2026 05:00:00",27.554793,76.611536,PM2.5,51,109,67
India,Rajasthan,Banswara,"Rati Talai, Banswara - RSPCB","31-08-2026 05:00:00",23.55519,74.44001,PM2.5,18,29,24
India,Rajasthan,Banswara,"Rati Talai, Banswara - RSPCB","31-08-2026 05:00:00",23.55519,74.44001,NO2,21,43,27
India,Rajasthan,Banswara,"Rati Talai, Banswara - RSPCB","31-08-2026 05:00:00",23.55519,74.44001,NH3,2,4,3
India,Rajasthan,Baran,"Bamboliya, Baran - RSPCB","31-08-2026 05:00:00",25.106006,76.469948,NO2,24,31,27
India,Rajasthan,Baran,"Bamboliya, Baran - RSPCB","31-08-2026 05:00:00",25.106006,76.469948,NH3,6,6,6
India,Rajasthan,Bharatpur,"Krishna Nagar, Bharatpur - RSPCB","31-08-2026 05:00:00",27.215415,77.50873,NH3,2,7,5
India,Rajasthan,Bhiwadi,"RIICO Ind. Area III, Bhiwadi - RSPCB","31-08-2026 05:00:00",28.194909,76.862296,NO2,35,71,48
India,Rajasthan,Bhiwadi,"RIICO Ind. Area III, Bhiwadi - RSPCB","31-08-2026 05:00:00",28.194909,76.862296,CO,13,37,28
India,Rajasthan,Bhiwadi,"Vasundhara Nagar_UIT, Bhiwadi - RSPCB","31-08-2026 05:00:00",28.207266,76.829265,NH3,6,10,8
India,Rajasthan,Bundi,"New Colony, Bundi - RSPCB","31-08-2026 05:00:00",25.435774,75.644272,OZONE,20,38,30
India,Rajasthan,Chittorgarh,"Shastri Nagar, Chittorgarh - RSPCB","31-08-2026 05:00:00",24.892047,74.623527,PM2.5,23,82,51
India,Rajasthan,Chittorgarh,"Shastri Nagar, Chittorgarh - RSPCB","31-08-2026 05:00:00",24.892047,74.623527,PM10,54,80,66
India,Rajasthan,Jaisalmer,"Sadar Bazar, Jaisalmer - RSPCB","31-08-2026 05:00:00",26.912329,70.909168,OZONE,33,42,35
India,Rajasthan,Jhalawar,"Rajlaxmi Nagar, Jhalawar - RSPCB","31-08-2026 05:00:00",24.588397,76.172782,OZONE,36,43,40
India,Rajasthan,Jhunjhunu,"Indra Nagar, Jhunjhunu - RSPCB","31-08-2026 05:00:00",28.108988,75.386577,PM2.5,12,33,23
India,Rajasthan,Jodhpur,"Digari Kalan, Jodhpur - RSPCB","31-08-2026 05:00:00",26.29581,73.082283,PM2.5,15,30,21
India,Rajasthan,Jodhpur,"Digari Kalan, Jodhpur - RSPCB","31-08-2026 05:00:00",26.29581,73.082283,NO2,8,18,12
India,Rajasthan,Jodhpur,"Jhalamand, Jodhpur - RSPCB","31-08-2026 05:00:00",26.215415,73.070156,NO2,2,7,4
India,Rajasthan,Jodhpur,"Mandor, Jodhpur - RSPCB","31-08-2026 05:00:00",26.358805,73.047444,NH3,2,12,5
India,Rajasthan,Jodhpur,"Collectorate, Jodhpur - RSPCB","31-08-2026 05:00:00",26.268249,73.0193853,SO2,3,11,7
India,Rajasthan,Jodhpur,"Samrat Ashok Udhyan, Jodhpur - RSPCB","31-08-2026 05:00:00",26.253384,72.976571,PM10,42,98,64
India,Rajasthan,Jodhpur,"Samrat Ashok Udhyan, Jodhpur - RSPCB","31-08-2026 05:00:00",26.253384,72.976571,NH3,2,3,3
India,Rajasthan,Jodhpur,"Samrat Ashok Udhyan, Jodhpur - RSPCB","31-08-2026 05:00:00",26.253384,72.976571,OZONE,15,20,18
India,Rajasthan,Kota,"Nayapura, Kota - RSPCB","31-08-2026 05:00:00",25.196024,75.855668,PM10,65,110,79
India,Telangana,Hyderabad,"Somajiguda, Hyderabad - TSPCB","31-08-2026 05:00:00",17.417094,78.457437,NH3,3,4,4
India,Telangana,Hyderabad,"Somajiguda, Hyderabad - TSPCB","31-08-2026 05:00:00",17.417094,78.457437,CO,10,31,17
India,Telangana,Hyderabad,"Somajiguda, Hyderabad - TSPCB","31-08-2026 05:00:00",17.417094,78.457437,OZONE,14,16,15
India,Telangana,Hyderabad,"Sanathnagar, Hyderabad - TSPCB","31-08-2026 05:00:00",17.4559458,78.4332152,CO,40,57,46
India,Telangana,Hyderabad,"ICRISAT Patancheru, Hyderabad - TSPCB","31-08-2026 05:00:00",17.5184,78.278777,PM2.5,10,41,20
India,Telangana,Hyderabad,"ICRISAT Patancheru, Hyderabad - TSPCB","31-08-2026 05:00:00",17.5184,78.278777,PM10,18,84,39
India,"Uttar Pradesh",Agra,"Rohta, Agra - UPPCB","31-08-2026 05:00:00",27.106972,78.000111,CO,19,27,24
India,"Uttar Pradesh",Agra,"Sector-3B Avas Vikas Colony, Agra - UPPCB","31-08-2026 05:00:00",27.19412,77.96237,SO2,26,27,26
India,"Uttar Pradesh",Agra,"Sector-3B Avas Vikas Colony, Agra - UPPCB","31-08-2026 05:00:00",27.19412,77.96237,CO,9,12,11
India,"Uttar Pradesh",Agra,"Shahjahan Garden, Agra - UPPCB","31-08-2026 05:00:00",27.169338,78.03582,PM2.5,21,34,27
India,"Uttar Pradesh",Agra,"Shahjahan Garden, Agra - UPPCB","31-08-2026 05:00:00",27.169338,78.03582,NH3,1,1,1
India,"Uttar Pradesh",Agra,"Shahjahan Garden, Agra - UPPCB","31-08-2026 05:00:00",27.169338,78.03582,SO2,71,84,77
India,"Uttar Pradesh",Agra,"Sanjay Palace, Agra - UPPCB","31-08-2026 05:00:00",27.19865833,78.00598056,PM10,36,118,64
India,"Uttar Pradesh",Baghpat,"Sardar Patel Inter College, Baghpat - UPPCB","31-08-2026 05:00:00",28.964949,77.278761,PM10,44,108,78
India,"Uttar Pradesh",Baghpat,"Sardar Patel Inter College, Baghpat - UPPCB","31-08-2026 05:00:00",28.964949,77.278761,SO2,9,13,11
India,"Uttar Pradesh",Baraut,"Nagar Palika Parishad, Baraut - UPPCB","31-08-2026 05:00:00",29.09956,77.26235,NO2,2,19,7
India,"Uttar Pradesh",Bareilly,"Civil Lines, Bareilly - UPPCB","31-08-2026 05:00:00",28.359581,79.414455,PM2.5,24,39,33
India,"Uttar Pradesh",Bulandshahr,"Yamunapuram, Bulandshahr - UPPCB","31-08-2026 05:00:00",28.406963,77.849831,PM10,94,292,180
India,"Uttar Pradesh","Fatehpur Sikri","Dadupura, Fatehpur Sikri - UPPCB","31-08-2026 05:00:00",27.097694,77.671335,OZONE,11,14,12
India,"Uttar Pradesh",Firozabad,"Nagla Bhau, Firozabad - UPPCB","31-08-2026 05:00:00",27.168897,78.37696,SO2,20,61,31
India,"Uttar Pradesh",Firozabad,"Vibhab Nagar, Firozabad - UPPCB","31-08-2026 05:00:00",27.1594,78.3953,PM2.5,19,38,31
India,"Uttar Pradesh",Firozabad,"Vibhab Nagar, Firozabad - UPPCB","31-08-2026 05:00:00",27.1594,78.3953,NO2,14,15,15
India,Rajasthan,Tonk,"Shastri Nagar, Tonk - RSPCB","31-08-2026 05:00:00",26.159933,75.780517,CO,12,78,48
India,Rajasthan,Tonk,"Shastri Nagar, Tonk - RSPCB","31-08-2026 05:00:00",26.159933,75.780517,OZONE,34,42,38
India,Rajasthan,Udaipur,"Ashok Nagar, Udaipur - RSPCB","31-08-2026 05:00:00",24.5886166,73.6321397,PM2.5,52,115,77
India,"Tamil Nadu",Chennai,"Kodungaiyur, Chennai - TNPCB","31-08-2026 05:00:00",13.1278,80.2642,NH3,4,5,4
India,"Tamil Nadu",Chennai,"Velachery Res. Area, Chennai - CPCB","31-08-2026 05:00:00",13.0052189,80.2398125,PM2.5,63,63,63
India,"Tamil Nadu",Chennai,"Velachery Res. Area, Chennai - CPCB","31-08-2026 05:00:00",13.0052189,80.2398125,SO2,5,8,7
India,"Tamil Nadu",Chennai,"Perungudi, Chennai - TNPCB","31-08-2026 05:00:00",12.9533,80.2357,SO2,1,10,5
India,"Tamil Nadu",Chennai,"Manali Village, Chennai - TNPCB","31-08-2026 05:00:00",13.1662,80.2584,PM2.5,15,44,26
India,"Tamil Nadu",Chennai,"Manali, Chennai - CPCB","31-08-2026 05:00:00",13.164544,80.26285,NH3,6,7,7
India,"Uttar Pradesh",Moradabad,"Buddhi Vihar, Moradabad - UPPCB","31-08-2026 05:00:00",28.83526,78.7446,PM2.5,23,81,46
India,"Uttar Pradesh",Moradabad,"Buddhi Vihar, Moradabad - UPPCB","31-08-2026 05:00:00",28.83526,78.7446,NH3,5,5,5
India,"Uttar Pradesh",Moradabad,"Jigar Colony, Moradabad - UPPCB","31-08-2026 05:00:00",28.856664,78.772638,PM2.5,25,53,38
India,"Uttar Pradesh",Moradabad,"Jigar Colony, Moradabad - UPPCB","31-08-2026 05:00:00",28.856664,78.772638,NH3,6,6,6
India,"Uttar Pradesh",Moradabad,"Transport Nagar, Moradabad - UPPCB","31-08-2026 05:00:00",28.802625,78.753728,CO,43,55,49
India,"Uttar Pradesh",Moradabad,"Transport Nagar, Moradabad - UPPCB","31-08-2026 05:00:00",28.802625,78.753728,OZONE,NA,NA,NA
India,"Uttar Pradesh",Moradabad,"Kashiram Nagar, Moradabad - UPPCB","31-08-2026 05:00:00",28.849399,78.742362,NO2,24,25,25
India,"Uttar Pradesh",Muzaffarnagar,"New Mandi, Muzaffarnagar - UPPCB","31-08-2026 05:00:00",29.4723508,77.7194031,NO2,11,37,21
India,"Uttar Pradesh",Muzaffarnagar,"New Mandi, Muzaffarnagar - UPPCB","31-08-2026 05:00:00",29.4723508,77.7194031,NH3,1,4,2
India,"Uttar Pradesh",Noida,"Sector - 125, Noida - UPPCB","31-08-2026 05:00:00",28.5447608,77.3231257,SO2,8,11,10
India,"Uttar Pradesh",Noida,"Sector - 62, Noida - IITM","31-08-2026 05:00:00",28.6245479,77.3577104,SO2,NA,NA,NA
India,"Uttar Pradesh",Noida,"Sector-1, Noida - UPPCB","31-08-2026 05:00:00",28.5898,77.3101,NH3,9,11,10
India,"Uttar Pradesh",Noida,"Sector-116, Noida - UPPCB","31-08-2026 05:00:00",28.56923,77.393848,PM2.5,66,123,84
India,"Uttar Pradesh",Kanpur,"NSI Kalyanpur, Kanpur - UPPCB","31-08-2026 05:00:00",26.509954,80.249612,PM10,56,97,79
India,"Uttar Pradesh",Kanpur,"NSI Kalyanpur, Kanpur - UPPCB","31-08-2026 05:00:00",26.509954,80.249612,NO2,31,32,31
India,"Uttar Pradesh",Kanpur,"NSI Kalyanpur, Kanpur - UPPCB","31-08-2026 05:00:00",26.509954,80.249612,OZONE,20,21,21
India,"Uttar Pradesh",Kanpur,"Nehru Nagar, Kanpur - UPPCB","31-08-2026 05:00:00",26.4703136,80.3229863,NO2,44,48,47
India,"Uttar Pradesh",Kanpur,"Nehru Nagar, Kanpur - UPPCB","31-08-2026 05:00:00",26.4703136,80.3229863,CO,48,52,50
India,"Uttar Pradesh",Kanpur,"Nehru Nagar, Kanpur - UPPCB","31-08-2026 05:00:00",26.4703136,80.3229863,OZONE,2,2,2
India,"Uttar Pradesh",Lucknow,"Talkatora District Industries Center, Lucknow - CPCB","31-08-2026 05:00:00",26.83399722,80.8917361,PM10,18,38,25
India,"Uttar Pradesh",Lucknow,"Talkatora District Industries Center, Lucknow - CPCB","31-08-2026 05:00:00",26.83399722,80.8917361,NO2,18,26,20
India,"Uttar Pradesh",Lucknow,"Kendriya Vidyalaya, Lucknow - CPCB","31-08-2026 05:00:00",26.906111,80.948222,OZONE,33,38,36
India,"Uttar Pradesh",Lucknow,"Gomti Nagar, Lucknow - UPPCB","31-08-2026 05:00:00",26.86812,81.005119,NH3,NA,NA,NA
India,"Uttar Pradesh",Lucknow,"B R Ambedkar University, Lucknow - UPPCB","31-08-2026 05:00:00",26.766433,80.927299,OZONE,0,17,10
India,"Uttar Pradesh",Lucknow,"Lalbagh, Lucknow - CPCB","31-08-2026 05:00:00",26.8458805,80.9365541,NO2,20,32,23
India,"West Bengal",Asansol,"Mahabir Colliery, Asansol - WBPCB","31-08-2026 05:00:00",23.618183,87.105718,NO2,2,2,2
India,"West Bengal",Asansol,"Mahabir Colliery, Asansol - WBPCB","31-08-2026 05:00:00",23.618183,87.105718,NH3,0,1,0
India,"West Bengal",Barrackpore,"SVSPA Campus, Barrackpore - WBPCB","31-08-2026 05:00:00",22.7605581,88.3617589,NH3,4,6,6
India,"West Bengal",Durgapur,"PCBL Residential Complex, Durgapur - WBPCB","31-08-2026 05:00:00",23.508764,87.35444,NH3,2,3,3
India,"West Bengal",Durgapur,"Mahishkapur Road_B-Zone, Durgapur - WBPCB","31-08-2026 05:00:00",23.567923,87.306843,SO2,2,2,2
India,"West Bengal",Durgapur,"Womens College_City Center, Durgapur - WBPCB","31-08-2026 05:00:00",23.549395,87.300496,PM2.5,5,48,17
India,"West Bengal",Durgapur,"Womens College_City Center, Durgapur - WBPCB","31-08-2026 05:00:00",23.549395,87.300496,OZONE,23,23,23
India,"West Bengal",Haldia,"Priyambada Housing Estate, Haldia - WBPCB","31-08-2026 05:00:00",22.06047,88.109737,CO,24,41,31
India,"West Bengal",Howrah,"Belur Math, Howrah - WBPCB","31-08-2026 05:00:00",22.629801,88.352017,NO2,12,20,16
India,"West Bengal",Howrah,"Belur Math, Howrah - WBPCB","31-08-2026 05:00:00",22.629801,88.352017,NH3,4,4,4
India,"West Bengal",Howrah,"Dasnagar, Howrah - WBPCB","31-08-2026 05:00:00",22.6025571,88.3105664,NO2,2,6,4
India,"West Bengal",Howrah,"Ghusuri, Howrah - WBPCB","31-08-2026 05:00:00",22.611968,88.347422,OZONE,19,24,21
India,"West Bengal",Kolkata,"Bidhannagar, Kolkata - WBPCB","31-08-2026 05:00:00",22.58157048,88.41002457,PM10,28,39,32
India,"West Bengal",Kolkata,"Bidhannagar, Kolkata - WBPCB","31-08-2026 05:00:00",22.58157048,88.41002457,SO2,6,10,8
India,"West Bengal",Kolkata,"Jadavpur, Kolkata - WBPCB","31-08-2026 05:00:00",22.49929,88.36917,PM2.5,24,41,34
India,"West Bengal",Kolkata,"Jadavpur, Kolkata - WBPCB","31-08-2026 05:00:00",22.49929,88.36917,CO,24,31,28
India,"West Bengal",Kolkata,"Jadavpur, Kolkata - WBPCB","31-08-2026 05:00:00",22.49929,88.36917,OZONE,11,14,13
India,"West Bengal",Kolkata,"Rabindra Sarobar, Kolkata - WBPCB","31-08-2026 05:00:00",22.51106,88.35142,PM2.5,17,23,18
India,"West Bengal",Kolkata,"Rabindra Sarobar, Kolkata - WBPCB","31-08-2026 05:00:00",22.51106,88.35142,SO2,5,7,6
India,"West Bengal",Kolkata,"Victoria, Kolkata - WBPCB","31-08-2026 05:00:00",22.5448082,88.3403691,NH3,5,7,6
India,"West Bengal",Kolkata,"Victoria, Kolkata - WBPCB","31-08-2026 05:00:00",22.5448082,88.3403691,SO2,2,8,5
India,"West Bengal",Siliguri,"Ward-32 Bapupara, Siliguri - WBPCB","31-08-2026 05:00:00",26.6879226,88.4152495,PM2.5,14,26,19
India,"West Bengal",Siliguri,"Ward-32 Bapupara, Siliguri - WBPCB","31-08-2026 05:00:00",26.6879226,88.4152495,NH3,8,8,8
India,"West Bengal",Siliguri,"Ward-32 Bapupara, Siliguri - WBPCB","31-08-2026 05:00:00",26.6879226,88.4152495,OZONE,22,24,23
India,"Uttar Pradesh",Lucknow,"Kukrail Picnic Spot-1, Lucknow - UPPCB","31-08-2026 05:00:00",26.90723,80.98579,CO,13,15,14
India,"Uttar Pradesh",Mathura,"Pali Dungra, Mathura - UPPCB","31-08-2026 05:00:00",27.410954,77.550619,PM2.5,34,34,34
India,"Uttar Pradesh",Mathura,"Pali Dungra, Mathura - UPPCB","31-08-2026 05:00:00",27.410954,77.550619,PM10,96,116,107
India,"Uttar Pradesh",Mathura,"Pali Dungra, Mathura - UPPCB","31-08-2026 05:00:00",27.410954,77.550619,NH3,1,2,1
India,"Uttar Pradesh",Mathura,"Pali Dungra, Mathura - UPPCB","31-08-2026 05:00:00",27.410954,77.550619,OZONE,5,10,8
India,"Uttar Pradesh",Meerut,"Jai Bhim Nagar, Meerut - UPPCB","31-08-2026 05:00:00",28.9535882,77.7622941,PM10,46,144,98
India,"Uttar Pradesh",Meerut,"Jai Bhim Nagar, Meerut - UPPCB","31-08-2026 05:00:00",28.9535882,77.7622941,NO2,9,33,16
India,"Uttar Pradesh",Meerut,"Jai Bhim Nagar, Meerut - UPPCB","31-08-2026 05:00:00",28.9535882,77.7622941,OZONE,15,22,18
India,"Uttar Pradesh",Meerut,"MIET College, Meerut - UPPCB","31-08-2026 05:00:00",28.972677,77.641018,PM10,85,194,130
India,"Uttar Pradesh",Meerut,"MIET College, Meerut - UPPCB","31-08-2026 05:00:00",28.972677,77.641018,CO,32,61,44
India,"Uttar Pradesh",Meerut,"Pallavpuram Phase 2, Meerut - UPPCB","31-08-2026 05:00:00",29.06351,77.709723,SO2,8,36,20
India,"Uttar Pradesh",Meerut,"Pallavpuram Phase 2, Meerut - UPPCB","31-08-2026 05:00:00",29.06351,77.709723,OZONE,14,23,18
India,"Uttar Pradesh",Ghaziabad,"Loni, Ghaziabad - UPPCB","31-08-2026 05:00:00",28.757294,77.278792,PM2.5,27,96,49
India,"Uttar Pradesh",Ghaziabad,"Loni, Ghaziabad - UPPCB","31-08-2026 05:00:00",28.757294,77.278792,NH3,3,8,4
India,"Uttar Pradesh",Ghaziabad,"Loni, Ghaziabad - UPPCB","31-08-2026 05:00:00",28.757294,77.278792,CO,36,67,50
India,"Uttar Pradesh",Ghaziabad,"Govindpuram, Ghaziabad - UPPCB","31-08-2026 05:00:00",28.694528,77.494705,SO2,1,9,5
India,"Uttar Pradesh","Greater Noida","Knowledge Park - V, Greater Noida - UPPCB","31-08-2026 05:00:00",28.557054,77.453663,PM2.5,32,139,55
India,"Uttar Pradesh","Greater Noida","Knowledge Park - V, Greater Noida - UPPCB","31-08-2026 05:00:00",28.557054,77.453663,SO2,3,12,7
India,"Uttar Pradesh","Greater Noida","Knowledge Park - V, Greater Noida - UPPCB","31-08-2026 05:00:00",28.557054,77.453663,CO,5,19,13
India,"Uttar Pradesh",Hapur,"Anand Vihar, Hapur - UPPCB","31-08-2026 05:00:00",28.725645,77.749675,NO2,0,22,8
India,"Uttar Pradesh",Hapur,"Anand Vihar, Hapur - UPPCB","31-08-2026 05:00:00",28.725645,77.749675,SO2,7,14,10
India,"Uttar Pradesh",Hapur,"Anand Vihar, Hapur - UPPCB","31-08-2026 05:00:00",28.725645,77.749675,CO,42,48,45
India,"Uttar Pradesh",Kanpur,"FTI Kidwai Nagar, Kanpur - UPPCB","31-08-2026 05:00:00",26.428282,80.327067,PM2.5,29,303,62
India,"Uttar Pradesh",Kanpur,"FTI Kidwai Nagar, Kanpur - UPPCB","31-08-2026 05:00:00",26.428282,80.327067,CO,31,35,33
India,"Uttar Pradesh",Noida,"Sector-116, Noida - UPPCB","31-08-2026 05:00:00",28.56923,77.393848,OZONE,15,38,27
India,"Uttar Pradesh",Prayagraj,"Motilal Nehru NIT, Prayagraj - UPPCB","31-08-2026 05:00:00",25.494,81.863,SO2,20,38,23
India,"Uttar Pradesh",Prayagraj,"Nagar Nigam, Prayagraj - UPPCB","31-08-2026 05:00:00",25.44919916,81.82735986,SO2,0,20,11
India,"Uttar Pradesh",Prayagraj,"Nagar Nigam, Prayagraj - UPPCB","31-08-2026 05:00:00",25.44919916,81.82735986,CO,13,19,16
India,"Uttar Pradesh",Prayagraj,"Nagar Nigam, Prayagraj - UPPCB","31-08-2026 05:00:00",25.44919916,81.82735986,OZONE,11,12,11
India,"Uttar Pradesh",Prayagraj,"Jhunsi, Prayagraj - UPPCB","31-08-2026 05:00:00",25.425602,81.917152,NO2,6,6,6
India,"Uttar Pradesh",Raebareli,"Anand Nagar, Raebareli - UPPCB","31-08-2026 05:00:00",26.219512,81.237648,PM10,48,92,74
India,"Uttar Pradesh",Raebareli,"Anand Nagar, Raebareli - UPPCB","31-08-2026 05:00:00",26.219512,81.237648,NH3,NA,NA,NA
India,"Uttar Pradesh",Raebareli," Indira Nagar, Raebareli - NTPC Unchahar","31-08-2026 05:00:00",26.207781,81.245571,PM10,40,97,67
India,"Uttar Pradesh",Raebareli," Indira Nagar, Raebareli - NTPC Unchahar","31-08-2026 05:00:00",26.207781,81.245571,OZONE,4,15,9
India,"Uttar Pradesh",Gajraula,"Rajanpur, Gajraula - UPPCB","31-08-2026 05:00:00",28.829109,78.248796,CO,57,72,67
India,"Uttar Pradesh",Ghaziabad,"Sanjay Nagar, Ghaziabad - UPPCB","31-08-2026 05:00:00",28.685382,77.453839,PM2.5,25,129,50
India,"Uttar Pradesh",Ghaziabad,"Sanjay Nagar, Ghaziabad - UPPCB","31-08-2026 05:00:00",28.685382,77.453839,OZONE,18,21,19
India,"Uttar Pradesh",Ghaziabad,"Indirapuram, Ghaziabad - UPPCB","31-08-2026 05:00:00",28.646233,77.358075,NO2,18,50,26
India,"Uttar Pradesh",Ghaziabad,"Indirapuram, Ghaziabad - UPPCB","31-08-2026 05:00:00",28.646233,77.358075,SO2,10,14,12
India,"Uttar Pradesh",Ghaziabad,"Indirapuram, Ghaziabad - UPPCB","31-08-2026 05:00:00",28.646233,77.358075,OZONE,24,28,26
India,"Uttar Pradesh",Ghaziabad,"Wave City, Ghaziabad - UPPCB","31-08-2026 05:00:00",28.646675,77.489049,PM2.5,NA,NA,NA
India,"Uttar Pradesh",Ghaziabad,"Wave City, Ghaziabad - UPPCB","31-08-2026 05:00:00",28.646675,77.489049,NO2,17,93,23
India,"Uttar Pradesh",Ghaziabad,"Wave City, Ghaziabad - UPPCB","31-08-2026 05:00:00",28.646675,77.489049,NH3,NA,NA,NA
India,"Uttar Pradesh",Ghaziabad,"Wave City, Ghaziabad - UPPCB","31-08-2026 05:00:00",28.646675,77.489049,CO,69,78,72
India,"Uttar Pradesh",Varanasi,"Maldahiya, Varanasi - UPPCB","31-08-2026 05:00:00",25.32393,82.99687,OZONE,4,4,4
India,"Uttar Pradesh",Varanasi,"Ardhali Bazar, Varanasi - UPPCB","31-08-2026 05:00:00",25.3505986,82.9083074,PM10,13,56,32
India,"Uttar Pradesh",Varanasi,"IESD Banaras Hindu University, Varanasi - UPPCB","31-08-2026 05:00:00",25.262326,82.995408,PM2.5,16,56,24
India,Uttarakhand,Rishikesh,"Shivaji Nagar, Rishikesh - UKPCB","31-08-2026 05:00:00",30.075911,78.2859547,PM10,9,9,9
India,"West Bengal",Asansol,"Asansol Court Area, Asansol - WBPCB","31-08-2026 05:00:00",23.685297,86.945968,SO2,10,15,13
India,Chandigarh,Chandigarh,"Sector-25, Chandigarh - CPCC","31-08-2026 05:00:00",30.751462,76.762879,CO,18,28,23
India,Chhattisgarh,Bhilai,"32Bungalows, Bhilai - CECB","31-08-2026 05:00:00",21.194815,81.31477,PM2.5,12,28,19
India,Chhattisgarh,Bhilai,"32Bungalows, Bhilai - CECB","31-08-2026 05:00:00",21.194815,81.31477,CO,6,9,8
India,Chhattisgarh,Bhilai,"Civic Center, Bhilai - Bhilai Steel Plant","31-08-2026 05:00:00",21.185571,81.343175,CO,20,28,23
India,Chhattisgarh,Bhilai,"Hathkhoj, Bhilai - CECB","31-08-2026 05:00:00",21.224231,81.40835,PM10,24,33,28
India,Chhattisgarh,Bhilai,"Hathkhoj, Bhilai - CECB","31-08-2026 05:00:00",21.224231,81.40835,NH3,6,11,9
India,Chhattisgarh,Bhilai,"Hathkhoj, Bhilai - CECB","31-08-2026 05:00:00",21.224231,81.40835,OZONE,6,8,7
India,Chhattisgarh,Bilaspur,"Mangala, Bilaspur - NTPC","31-08-2026 05:00:00",22.08815,82.13737,PM2.5,20,53,34
India,Chhattisgarh,Chhal,"Nawapara SECL Colony, Chhal - CECB","31-08-2026 05:00:00",22.118125,83.140608,PM2.5,11,47,21
India,Chhattisgarh,Korba,"Urja Nagar, Korba - CECB","31-08-2026 05:00:00",22.348441,82.549611,PM2.5,10,21,15
India,Chhattisgarh,Korba,"Urja Nagar, Korba - CECB","31-08-2026 05:00:00",22.348441,82.549611,CO,16,21,19
India,Chhattisgarh,Korba,"Urja Nagar, Korba - CECB","31-08-2026 05:00:00",22.348441,82.549611,OZONE,5,5,5
India,Chhattisgarh,Kunjemura,"OP Jindal School, Kunjemura - CECB","31-08-2026 05:00:00",22.12665,83.483212,PM2.5,3,13,7
India,Chhattisgarh,Milupara,"Govt. Higher Secondary School, Milupara - CECB","31-08-2026 05:00:00",22.1910172,83.5197009,CO,10,19,14
India,Chhattisgarh,Raipur,"Krishak Nagar, Raipur - CECB","31-08-2026 05:00:00",21.237755,81.705301,PM2.5,18,31,24
India,Chhattisgarh,Raipur,"Krishak Nagar, Raipur - CECB","31-08-2026 05:00:00",21.237755,81.705301,NO2,5,7,6
India,Chhattisgarh,Raipur,"Bhatagaon New ISBT, Raipur - CECB","31-08-2026 05:00:00",21.219665,81.630094,NO2,7,15,9
India,Bihar,Muzaffarpur,"MIT-Daudpur Kothi, Muzaffarpur - BSPCB","31-08-2026 05:00:00",26.1403345,85.3650192,NH3,1,1,1
India,Bihar,Muzaffarpur,"MIT-Daudpur Kothi, Muzaffarpur - BSPCB","31-08-2026 05:00:00",26.1403345,85.3650192,OZONE,12,37,22
India,Bihar,Patna,"Govt. High School Shikarpur, Patna - BSPCB","31-08-2026 05:00:00",25.592539,85.227158,NH3,6,6,6
India,Bihar,Patna,"DRM Office Danapur, Patna - BSPCB","31-08-2026 05:00:00",25.586562,85.043586,SO2,5,8,6
India,Bihar,Patna,"Muradpur, Patna - BSPCB","31-08-2026 05:00:00",25.619651,85.147382,NO2,4,4,4
India,Bihar,Purnia,"Mariam Nagar, Purnia - BSPCB","31-08-2026 05:00:00",25.366336,87.117468,NO2,NA,NA,NA
India,Bihar,Purnia,"Mariam Nagar, Purnia - BSPCB","31-08-2026 05:00:00",25.366336,87.117468,SO2,NA,NA,NA
India,Bihar,Saharsa,"Police Line, Saharsa - BSPCB","31-08-2026 05:00:00",25.892357,86.590325,PM10,38,488,193
India,Bihar,Samastipur,"DM Office_Kasipur, Samastipur - BSPCB","31-08-2026 05:00:00",25.859655,85.77944,NH3,1,2,1
India,Bihar,Siwan,"Chitragupta Nagar, Siwan - BSPCB","31-08-2026 05:00:00",26.2271665,84.3570427,NO2,2,2,2
India,Chandigarh,Chandigarh,"Sector 22, Chandigarh - CPCC","31-08-2026 05:00:00",30.735567,76.775714,PM10,28,77,50
India,Chandigarh,Chandigarh,"Sector 22, Chandigarh - CPCC","31-08-2026 05:00:00",30.735567,76.775714,NH3,3,9,6
India,Chandigarh,Chandigarh,"Sector-25, Chandigarh - CPCC","31-08-2026 05:00:00",30.751462,76.762879,PM10,36,118,77
India,Chhattisgarh,Raipur,"Siltara Phase-II, Raipur - CECB","31-08-2026 05:00:00",21.371751,81.664929,PM10,46,91,62
India,Chhattisgarh,Raipur,"Siltara Phase-II, Raipur - CECB","31-08-2026 05:00:00",21.371751,81.664929,NH3,2,2,2
India,Chhattisgarh,Raipur,"Siltara Phase-II, Raipur - CECB","31-08-2026 05:00:00",21.371751,81.664929,OZONE,2,4,3
India,Chhattisgarh,Raipur,"AIIMS, Raipur - CECB","31-08-2026 05:00:00",21.258815,81.578979,NO2,0,2,1
India,Chhattisgarh,Raipur,"AIIMS, Raipur - CECB","31-08-2026 05:00:00",21.258815,81.578979,OZONE,NA,NA,NA
India,Delhi,Delhi,"ITO, Delhi - CPCB","31-08-2026 05:00:00",28.628624,77.24106,NO2,3,122,63
India,Delhi,Delhi,"ITO, Delhi - CPCB","31-08-2026 05:00:00",28.628624,77.24106,CO,32,77,49
India,Delhi,Delhi,"Narela, Delhi - DPCC","31-08-2026 05:00:00",28.822836,77.101981,PM2.5,23,110,65
India,Delhi,Delhi,"Narela, Delhi - DPCC","31-08-2026 05:00:00",28.822836,77.101981,CO,50,75,62
India,Delhi,Delhi,"Cantonment Area, Delhi - DPCC","31-08-2026 05:00:00",28.594169,77.1251,PM10,NA,NA,NA
India,Delhi,Delhi,"Cantonment Area, Delhi - DPCC","31-08-2026 05:00:00",28.594169,77.1251,SO2,4,6,5
India,Delhi,Delhi,"Cantonment Area, Delhi - DPCC","31-08-2026 05:00:00",28.594169,77.1251,CO,80,100,89
India,Delhi,Delhi,"Sonia Vihar, Delhi - DPCC","31-08-2026 05:00:00",28.710508,77.249485,NH3,12,17,14
India,Delhi,Delhi,"Bawana, Delhi - DPCC","31-08-2026 05:00:00",28.7762,77.051074,OZONE,15,17,16
India,Bihar,Gaya,"SFTI Kusdihra, Gaya - BSPCB","31-08-2026 05:00:00",24.762518,84.982348,PM10,13,36,29
India,Bihar,Gaya,"Kareemganj, Gaya - BSPCB","31-08-2026 05:00:00",24.792403,84.992416,PM2.5,NA,NA,NA
India,Bihar,Hajipur,"Industrial Area, Hajipur - BSPCB","31-08-2026 05:00:00",25.697189,85.2459,NH3,10,16,13
India,Bihar,Katihar,"Mirchaibari, Katihar - BSPCB","31-08-2026 05:00:00",25.560083,87.553265,PM10,20,41,28
India,Bihar,Katihar,"Mirchaibari, Katihar - BSPCB","31-08-2026 05:00:00",25.560083,87.553265,NO2,2,2,2
India,Bihar,Manguraha,"Forest Rest House, Manguraha - BSPCB","31-08-2026 05:00:00",27.308328,84.531742,NO2,4,16,10
India,Bihar,Motihari,"Gandak Colony, Motihari - BSPCB","31-08-2026 05:00:00",26.63086,84.90051,SO2,2,3,3
India,Bihar,Munger,"Town Hall, Munger - BSPCB","31-08-2026 05:00:00",25.376776,86.471523,PM2.5,NA,NA,NA
India,Bihar,Munger,"Town Hall, Munger - BSPCB","31-08-2026 05:00:00",25.376776,86.471523,PM10,NA,NA,NA
India,Bihar,Munger,"Town Hall, Munger - BSPCB","31-08-2026 05:00:00",25.376776,86.471523,NO2,11,13,12
India,Bihar,Munger,"Town Hall, Munger - BSPCB","31-08-2026 05:00:00",25.376776,86.471523,NH3,3,3,3
India,Bihar,Muzaffarpur,"MIT-Daudpur Kothi, Muzaffarpur - BSPCB","31-08-2026 05:00:00",26.1403345,85.3650192,PM2.5,13,30,20
India,Delhi,Delhi,"Okhla Phase-2, Delhi - DPCC","31-08-2026 05:00:00",28.530785,77.271255,NO2,15,61,24
India,Delhi,Delhi,"Okhla Phase-2, Delhi - DPCC","31-08-2026 05:00:00",28.530785,77.271255,CO,46,72,57
India,Delhi,Delhi,"Rohini, Delhi - DPCC","31-08-2026 05:00:00",28.732528,77.11992,PM2.5,43,107,66
India,Delhi,Delhi,"Rohini, Delhi - DPCC","31-08-2026 05:00:00",28.732528,77.11992,CO,32,55,44
India,Delhi,Delhi,"Vivek Vihar, Delhi - DPCC","31-08-2026 05:00:00",28.672342,77.31526,NH3,5,5,5
India,Delhi,Delhi,"Vivek Vihar, Delhi - DPCC","31-08-2026 05:00:00",28.672342,77.31526,CO,51,90,63
India,Delhi,Delhi,"Jahangirpuri, Delhi - DPCC","31-08-2026 05:00:00",28.73282,77.170633,SO2,14,23,18
India,Delhi,Delhi,"IHBAS, Dilshad Garden, Delhi - CPCB","31-08-2026 05:00:00",28.6811736,77.3025234,NH3,2,2,2
India,Delhi,Delhi,"Sri Aurobindo Marg, Delhi - DPCC","31-08-2026 05:00:00",28.531346,77.190156,PM2.5,32,87,59
India,Delhi,Delhi,"Sri Aurobindo Marg, Delhi - DPCC","31-08-2026 05:00:00",28.531346,77.190156,SO2,1,10,4
India,Delhi,Delhi,"Nehru Nagar, Delhi - DPCC","31-08-2026 05:00:00",28.56789,77.250515,PM10,NA,NA,NA
India,Delhi,Delhi,"Patparganj, Delhi - DPCC","31-08-2026 05:00:00",28.623763,77.287209,NO2,15,49,26
India,"Andhra Pradesh",Tirumala,"Toll Gate, Tirumala - APPCB","31-08-2026 05:00:00",13.67,79.35,PM2.5,4,27,17
India,"Andhra Pradesh",Vijayawada,"Rajiv Nagar, Vijayawada - APPCB","31-08-2026 05:00:00",16.554731,80.64911,PM2.5,57,71,64
India,"Andhra Pradesh",Vijayawada,"Rajiv Nagar, Vijayawada - APPCB","31-08-2026 05:00:00",16.554731,80.64911,NH3,4,5,4
India,"Andhra Pradesh",Vijayawada,"HB Colony, Vijayawada - APPCB","31-08-2026 05:00:00",16.536107,80.594233,CO,32,32,32
India,"Andhra Pradesh",Vijayawada,"HB Colony, Vijayawada - APPCB","31-08-2026 05:00:00",16.536107,80.594233,OZONE,12,12,12
India,"Andhra Pradesh",Vijayawada,"Rajiv Gandhi Park, Vijayawada - APPCB","31-08-2026 05:00:00",16.509717,80.612222,OZONE,14,14,14
India,"Andhra Pradesh",Visakhapatnam,"GVM Corporation, Visakhapatnam - APPCB","31-08-2026 05:00:00",17.72,83.3,NO2,30,100,63
India,"Andhra Pradesh",Visakhapatnam,"GVM Corporation, Visakhapatnam - APPCB","31-08-2026 05:00:00",17.72,83.3,SO2,4,35,14
India,"Arunachal Pradesh",Naharlagun,"Naharlagun, Naharlagun - APSPCB","31-08-2026 05:00:00",27.103358,93.679645,PM2.5,10,56,29
India,"Arunachal Pradesh",Naharlagun,"Naharlagun, Naharlagun - APSPCB","31-08-2026 05:00:00",27.103358,93.679645,NH3,1,1,1
India,"Arunachal Pradesh",Naharlagun,"Naharlagun, Naharlagun - APSPCB","31-08-2026 05:00:00",27.103358,93.679645,CO,6,27,11
India,Assam,Byrnihat,"Central Academy for SFS, Byrnihat - PCBA","31-08-2026 05:00:00",26.071318,91.87488,NH3,4,5,4
India,Assam,Guwahati,"IITG, Guwahati - PCBA","31-08-2026 05:00:00",26.2028636,91.70046436,PM10,4,33,11
India,Assam,Guwahati,"Pan Bazaar, Guwahati - PCBA","31-08-2026 05:00:00",26.1875,91.744194,PM2.5,NA,NA,NA
India,Assam,Guwahati,"Pan Bazaar, Guwahati - PCBA","31-08-2026 05:00:00",26.1875,91.744194,NO2,1,2,2
India,Assam,Guwahati,"Railway Colony, Guwahati - PCBA","31-08-2026 05:00:00",26.181742,91.78063,PM2.5,11,68,31
India,Assam,Guwahati,"Railway Colony, Guwahati - PCBA","31-08-2026 05:00:00",26.181742,91.78063,NO2,3,4,3
India,Assam,Guwahati,"Railway Colony, Guwahati - PCBA","31-08-2026 05:00:00",26.181742,91.78063,SO2,2,12,6
India,Assam,Guwahati,"Railway Colony, Guwahati - PCBA","31-08-2026 05:00:00",26.181742,91.78063,CO,7,14,12
India,Assam,Nagaon,"Christianpatty, Nagaon - PCBA","31-08-2026 05:00:00",26.349082,92.68449,SO2,3,16,12
India,Assam,Silchar,"Tarapur, Silchar - PCBA","31-08-2026 05:00:00",24.82827,92.79525,PM10,35,73,52
India,Assam,Silchar,"Tarapur, Silchar - PCBA","31-08-2026 05:00:00",24.82827,92.79525,OZONE,5,9,7
India,"Andhra Pradesh",Kakinada,"Rama Rao Peta, Kakinada - APPCB","31-08-2026 05:00:00",16.962488,82.229513,CO,2,43,21
India,"Andhra Pradesh",Kakinada,"Rama Rao Peta, Kakinada - APPCB","31-08-2026 05:00:00",16.962488,82.229513,OZONE,13,18,15
India,"Andhra Pradesh",Kurnool,"Sita Rama Nagar, Kurnool - APPCB","31-08-2026 05:00:00",15.83411,78.028546,NH3,6,6,6
India,"Andhra Pradesh",Nellore,"Ambedkar Nagar, Nellore - APPCB ","31-08-2026 05:00:00",14.438164,79.966814,PM2.5,51,55,53
India,"Andhra Pradesh",Nellore,"Ambedkar Nagar, Nellore - APPCB ","31-08-2026 05:00:00",14.438164,79.966814,NO2,25,30,27
India,"Andhra Pradesh",Rajamahendravaram,"Anand Kala Kshetram, Rajamahendravaram - APPCB","31-08-2026 05:00:00",16.9872867,81.7363176,PM2.5,15,38,25
India,"Andhra Pradesh",Srikakulam,"Chinna Bharatham Colony, Srikakulam - APPCB","31-08-2026 05:00:00",18.292191,83.897173,PM10,33,61,47
India,"Andhra Pradesh",Srikakulam,"Chinna Bharatham Colony, Srikakulam - APPCB","31-08-2026 05:00:00",18.292191,83.897173,NH3,3,6,4
India,"Andhra Pradesh",Amaravati,"Secretariat, Amaravati - APPCB","31-08-2026 05:00:00",16.5150833,80.5181667,NO2,11,31,18
India,"Andhra Pradesh",Amaravati,"Secretariat, Amaravati - APPCB","31-08-2026 05:00:00",16.5150833,80.5181667,NH3,4,5,5
India,"Andhra Pradesh",Amaravati,"Secretariat, Amaravati - APPCB","31-08-2026 05:00:00",16.5150833,80.5181667,SO2,10,100,16
India,"Andhra Pradesh",Amaravati,"Secretariat, Amaravati - APPCB","31-08-2026 05:00:00",16.5150833,80.5181667,CO,10,12,11
India,"Andhra Pradesh",Chittoor,"Gangineni Cheruvu, Chittoor - APPCB","31-08-2026 05:00:00",13.20488,79.097889,OZONE,31,35,33
India,"Andhra Pradesh",Eluru,"District Court, Eluru - APPCB","31-08-2026 05:00:00",16.711754,81.092095,SO2,9,13,10
India,"Andhra Pradesh",Guntur,"Rajendra Nagar North, Guntur - APPCB","31-08-2026 05:00:00",16.316553,80.413302,SO2,5,13,7
India,"Andhra Pradesh",Kadapa,"Yerramukkapalli, Kadapa - APPCB","31-08-2026 05:00:00",14.465052,78.824187,PM10,49,53,50
India,Assam,Sivasagar,"Girls College, Sivasagar - PCBA","31-08-2026 05:00:00",26.987634,94.636574,PM2.5,17,20,19
India,Assam,Sivasagar,"Girls College, Sivasagar - PCBA","31-08-2026 05:00:00",26.987634,94.636574,OZONE,12,24,16
India,Bihar,Araria,"Kharahiya Basti, Araria - BSPCB","31-08-2026 05:00:00",26.146529,87.454184,NO2,7,20,13
India,Bihar,Bhagalpur,"Mayaganj, Bhagalpur - BSPCB","31-08-2026 05:00:00",25.265194,87.012947,PM2.5,NA,NA,NA
India,Bihar,Bhagalpur,"DM Office_Kachari Chowk, Bhagalpur - BSPCB","31-08-2026 05:00:00",25.251013,86.989001,PM2.5,10,330,63
India,Bihar,Bhagalpur,"DM Office_Kachari Chowk, Bhagalpur - BSPCB","31-08-2026 05:00:00",25.251013,86.989001,OZONE,18,21,19
India,Bihar,"Bihar Sharif","D M Colony, Bihar Sharif - BSPCB","31-08-2026 05:00:00",25.204762,85.51496,PM2.5,NA,NA,NA
India,Bihar,"Bihar Sharif","D M Colony, Bihar Sharif - BSPCB","31-08-2026 05:00:00",25.204762,85.51496,NH3,3,4,3
India,Gujarat,Ahmedabad,"Gyaspur, Ahmedabad - IITM","31-08-2026 05:00:00",22.977134,72.553024,OZONE,NA,NA,NA
India,Gujarat,Ahmedabad,"Raikhad, Ahmedabad - IITM","31-08-2026 05:00:00",23.020509,72.579261,PM2.5,15,47,26
India,Gujarat,Ahmedabad,"Raikhad, Ahmedabad - IITM","31-08-2026 05:00:00",23.020509,72.579261,NO2,9,20,14
India,Gujarat,Ahmedabad,"Raikhad, Ahmedabad - IITM","31-08-2026 05:00:00",23.020509,72.579261,CO,37,52,45
India,Gujarat,Bhavnagar,"Vidhyanagar, Bhavnagar - Nexteng Enviro","31-08-2026 05:00:00",21.755417,72.139056,NH3,4,6,5
India,Gujarat,Bhavnagar,"Vidhyanagar, Bhavnagar - Nexteng Enviro","31-08-2026 05:00:00",21.755417,72.139056,OZONE,20,22,21
India,Gujarat,Gandhinagar,"Sector-10, Gandhinagar - GPCB","31-08-2026 05:00:00",23.221714,72.654328,PM10,NA,NA,NA
India,Gujarat,Gandhinagar,"Sector-10, Gandhinagar - GPCB","31-08-2026 05:00:00",23.221714,72.654328,NH3,1,1,1
India,Gujarat,Gandhinagar,"IIPHG Lekawada, Gandhinagar - IITM","31-08-2026 05:00:00",23.243639,72.68994,NH3,1,1,1
India,Gujarat,Gandhinagar,"GIFT City, Gandhinagar - IITM","31-08-2026 05:00:00",23.163798,72.677768,PM2.5,8,63,28
India,Gujarat,Gandhinagar,"GIFT City, Gandhinagar - IITM","31-08-2026 05:00:00",23.163798,72.677768,NH3,1,2,1
India,Gujarat,Gandhinagar,"GIFT City, Gandhinagar - IITM","31-08-2026 05:00:00",23.163798,72.677768,SO2,0,5,1
India,Gujarat,Mehsana,"Sadanand Nagar, Mehsana - Nexteng Enviro","31-08-2026 05:00:00",23.59315,72.372792,PM2.5,19,50,30
India,Gujarat,Mehsana,"Sadanand Nagar, Mehsana - Nexteng Enviro","31-08-2026 05:00:00",23.59315,72.372792,NO2,3,5,4
India,Gujarat,Mehsana,"Sadanand Nagar, Mehsana - Nexteng Enviro","31-08-2026 05:00:00",23.59315,72.372792,NH3,0,0,0
India,Gujarat,Mehsana,"Sadanand Nagar, Mehsana - Nexteng Enviro","31-08-2026 05:00:00",23.59315,72.372792,OZONE,11,13,12
India,Gujarat,Rajkot,"Mavdi, Rajkot - Nexteng Enviro ","31-08-2026 05:00:00",22.248853,70.776774,NO2,4,7,5
India,Gujarat,Rajkot,"Mavdi, Rajkot - Nexteng Enviro ","31-08-2026 05:00:00",22.248853,70.776774,NH3,0,1,0
India,Gujarat,Rajkot,"Mavdi, Rajkot - Nexteng Enviro ","31-08-2026 05:00:00",22.248853,70.776774,OZONE,8,10,9
India,Gujarat,Surat,"Science Center, Surat - SMC","31-08-2026 05:00:00",21.170046,72.795405,PM2.5,19,67,36
India,Gujarat,Surat,"Science Center, Surat - SMC","31-08-2026 05:00:00",21.170046,72.795405,NO2,2,8,5
India,Gujarat,Surat,"Science Center, Surat - SMC","31-08-2026 05:00:00",21.170046,72.795405,NH3,NA,NA,NA
India,Gujarat,Surat,"Science Center, Surat - SMC","31-08-2026 05:00:00",21.170046,72.795405,OZONE,NA,NA,NA
India,Gujarat,Surat,"Katargam, Surat - Nexteng Enviro","31-08-2026 05:00:00",21.217779,72.834787,NH3,1,1,1
India,Haryana,Faridabad,"New Industrial Town, Faridabad - HSPCB","31-08-2026 05:00:00",28.39072,77.30059,SO2,3,47,9
India,Haryana,Faridabad,"New Industrial Town, Faridabad - HSPCB","31-08-2026 05:00:00",28.39072,77.30059,CO,16,20,18
India,Haryana,Faridabad,"New Industrial Town, Faridabad - HSPCB","31-08-2026 05:00:00",28.39072,77.30059,OZONE,13,15,14
India,Haryana,Faridabad,"Sector 11, Faridabad - HSPCB","31-08-2026 05:00:00",28.376058,77.315741,PM10,58,267,140
India,Haryana,Faridabad,"Sector 30, Faridabad - HSPCB","31-08-2026 05:00:00",28.4417,77.3217,PM2.5,71,213,130
India,Haryana,Faridabad,"Sector 30, Faridabad - HSPCB","31-08-2026 05:00:00",28.4417,77.3217,PM10,125,189,150
India,Haryana,Fatehabad,"Huda Sector, Fatehabad - HSPCB","31-08-2026 05:00:00",29.503664,75.467934,PM10,NA,NA,NA
India,Haryana,Fatehabad,"Huda Sector, Fatehabad - HSPCB","31-08-2026 05:00:00",29.503664,75.467934,NO2,18,20,19
India,Haryana,Fatehabad,"Huda Sector, Fatehabad - HSPCB","31-08-2026 05:00:00",29.503664,75.467934,NH3,13,15,14
India,Haryana,Fatehabad,"Huda Sector, Fatehabad - HSPCB","31-08-2026 05:00:00",29.503664,75.467934,CO,45,51,48
India,Haryana,Fatehabad,"Huda Sector, Fatehabad - HSPCB","31-08-2026 05:00:00",29.503664,75.467934,OZONE,69,83,78
India,Haryana,Gurugram,"NISE Gwal Pahari, Gurugram - IITM","31-08-2026 05:00:00",28.422681,77.148944,NO2,14,25,18
India,Haryana,Gurugram,"Sector-51, Gurugram - HSPCB","31-08-2026 05:00:00",28.4227,77.0667,CO,38,52,45
India,Haryana,Gurugram,"Vikas Sadan, Gurugram - HSPCB","31-08-2026 05:00:00",28.4501238,77.0263051,NO2,1,17,7
India,Haryana,Hisar,"Urban Estate-II, Hisar - HSPCB","31-08-2026 05:00:00",29.14056,75.744941,PM10,66,111,89
India,Haryana,Hisar,"Urban Estate-II, Hisar - HSPCB","31-08-2026 05:00:00",29.14056,75.744941,OZONE,0,1,0
India,Haryana,Jind,"Police Lines, Jind - HSPCB","31-08-2026 05:00:00",29.307814,76.337619,PM2.5,85,109,95
India,Haryana,Jind,"Police Lines, Jind - HSPCB","31-08-2026 05:00:00",29.307814,76.337619,NO2,12,14,13
India,Haryana,Jind,"Police Lines, Jind - HSPCB","31-08-2026 05:00:00",29.307814,76.337619,NH3,4,6,5
India,Haryana,Panipat,"Sector-18, Panipat - HSPCB","31-08-2026 05:00:00",29.432304,76.972765,NH3,7,12,9
India,Haryana,Panipat,"Sector-18, Panipat - HSPCB","31-08-2026 05:00:00",29.432304,76.972765,SO2,35,68,46
India,Haryana,Panipat,"Sector-18, Panipat - HSPCB","31-08-2026 05:00:00",29.432304,76.972765,CO,26,28,27
India,Haryana,Rohtak,"MD University, Rohtak - HSPCB","31-08-2026 05:00:00",28.52123,76.37138,OZONE,2,18,9
India,Haryana,Sirsa,"F-Block, Sirsa - HSPCB","31-08-2026 05:00:00",29.5364,75.0158,NO2,11,24,17
India,Haryana,Sonipat,"Murthal, Sonipat - HSPCB","31-08-2026 05:00:00",29.0272,77.0621,CO,72,77,75
India,"Himachal Pradesh",Baddi,"HIMUDA Complex Phase-1, Baddi - HPPCB","31-08-2026 05:00:00",30.943887,76.801991,NO2,1,21,9
India,"Jammu and Kashmir",Pampore,"Khrew, Pampore - JKPCC","31-08-2026 05:00:00",34.031606,75.009712,PM2.5,28,66,45
India,"Jammu and Kashmir",Pampore,"Khrew, Pampore - JKPCC","31-08-2026 05:00:00",34.031606,75.009712,NH3,NA,NA,NA
India,"Jammu and Kashmir",Srinagar,"Rajbagh, Srinagar - JKPCC","31-08-2026 05:00:00",34.066206,74.81982,PM10,26,54,44
India,"Jammu and Kashmir",Srinagar,"Rajbagh, Srinagar - JKPCC","31-08-2026 05:00:00",34.066206,74.81982,NO2,19,20,19
India,"Jammu and Kashmir",Srinagar,"Rajbagh, Srinagar - JKPCC","31-08-2026 05:00:00",34.066206,74.81982,NH3,9,9,9
India,"Jammu and Kashmir",Srinagar,"Khunmoh, Srinagar - JKPCC","31-08-2026 05:00:00",34.06313,74.96017,NO2,7,31,18
India,"Jammu and Kashmir",Srinagar,"Khunmoh, Srinagar - JKPCC","31-08-2026 05:00:00",34.06313,74.96017,SO2,3,5,4
India,"Jammu and Kashmir",Srinagar,"Khunmoh, Srinagar - JKPCC","31-08-2026 05:00:00",34.06313,74.96017,CO,NA,NA,NA
India,Haryana,Karnal,"Sector-12, Karnal - HSPCB","31-08-2026 05:00:00",29.6953,77.0027,PM2.5,51,80,64
India,Haryana,Karnal,"Sector-12, Karnal - HSPCB","31-08-2026 05:00:00",29.6953,77.0027,NO2,9,21,15
India,Haryana,Mandikhera,"General Hospital, Mandikhera(Nuh) - HSPCB","31-08-2026 05:00:00",27.9002,76.9938,PM10,76,122,96
India,Haryana,Mandikhera,"General Hospital, Mandikhera(Nuh) - HSPCB","31-08-2026 05:00:00",27.9002,76.9938,NO2,14,17,15
India,Haryana,Manesar,"Sector-2 IMT, Manesar - HSPCB","31-08-2026 05:00:00",28.360699,76.93609,CO,12,18,16
India,Haryana,Narnaul,"Shastri Nagar, Narnaul - HSPCB","31-08-2026 05:00:00",28.060249,76.113115,NO2,20,78,46
India,Haryana,Narnaul,"Shastri Nagar, Narnaul - HSPCB","31-08-2026 05:00:00",28.060249,76.113115,NH3,3,8,5
India,Haryana,Palwal,"Shyam Nagar, Palwal - HSPCB","31-08-2026 05:00:00",28.1485564,77.3320667,PM10,53,74,63
India,Haryana,Palwal,"Shyam Nagar, Palwal - HSPCB","31-08-2026 05:00:00",28.1485564,77.3320667,SO2,8,47,20
India,Haryana,Panchgaon,"Amity University, Panchgaon - IITM","31-08-2026 05:00:00",28.3153,76.9143,NO2,25,34,28
India,Haryana,Panchgaon,"Amity University, Panchgaon - IITM","31-08-2026 05:00:00",28.3153,76.9143,SO2,9,17,13
India,Haryana,Panchgaon,"Amity University, Panchgaon - IITM","31-08-2026 05:00:00",28.3153,76.9143,OZONE,5,33,14
India,Haryana,Panchkula,"Sector-6, Panchkula - HSPCB ","31-08-2026 05:00:00",30.7057778,76.8531805555555,PM10,NA,NA,NA
India,Haryana,Panipat,"Sector-18, Panipat - HSPCB","31-08-2026 05:00:00",29.432304,76.972765,PM10,10,237,92
India,Delhi,Delhi,"Commonwealth Sports Complex, Delhi - DPCC","31-08-2026 05:00:00",28.615828,77.271992,PM2.5,30,80,52
India,Delhi,Delhi,"Commonwealth Sports Complex, Delhi - DPCC","31-08-2026 05:00:00",28.615828,77.271992,PM10,78,146,113
India,Delhi,Delhi,"Talkatora Garden, Delhi - DPCC","31-08-2026 05:00:00",28.62181,77.1944633,PM2.5,24,61,45
India,Delhi,Delhi,"Talkatora Garden, Delhi - DPCC","31-08-2026 05:00:00",28.62181,77.1944633,NH3,0,3,1
India,Delhi,Delhi,"NSIT Dwarka, Delhi - CPCB","31-08-2026 05:00:00",28.60909,77.0325413,SO2,13,19,16
India,Delhi,Delhi,"NSIT Dwarka, Delhi - CPCB","31-08-2026 05:00:00",28.60909,77.0325413,OZONE,15,18,16
India,Delhi,Delhi,"Aya Nagar, Delhi - IITM","31-08-2026 05:00:00",28.4706914,77.1099364,PM10,38,120,70
India,Delhi,Delhi,"Aya Nagar, Delhi - IITM","31-08-2026 05:00:00",28.4706914,77.1099364,NH3,NA,NA,NA
India,Delhi,Delhi,"Aya Nagar, Delhi - IITM","31-08-2026 05:00:00",28.4706914,77.1099364,SO2,NA,NA,NA
India,Delhi,Delhi,"Aya Nagar, Delhi - IITM","31-08-2026 05:00:00",28.4706914,77.1099364,OZONE,13,24,18
India,Delhi,Delhi,"CRRI Mathura Road, Delhi - IITM","31-08-2026 05:00:00",28.5512005,77.2735737,NH3,NA,NA,NA
India,Delhi,Delhi,"CRRI Mathura Road, Delhi - IITM","31-08-2026 05:00:00",28.5512005,77.2735737,CO,1,59,24
India,Delhi,Delhi,"CRRI Mathura Road, Delhi - IITM","31-08-2026 05:00:00",28.5512005,77.2735737,OZONE,14,17,15
India,Delhi,Delhi,"Burari Crossing, Delhi - IITM","31-08-2026 05:00:00",28.7256504,77.2011573,CO,14,69,31
India,Delhi,Delhi,"IMD Lodhi Road, Delhi - IITM","31-08-2026 05:00:00",28.5918245,77.2273074,PM2.5,19,112,47
India,Delhi,Delhi,"IMD Lodhi Road, Delhi - IITM","31-08-2026 05:00:00",28.5918245,77.2273074,NH3,NA,NA,NA
India,Gujarat,Vadodara,"Bapunagar, Vadodara - Nexteng Enviro","31-08-2026 05:00:00",22.320153,73.216285,PM10,34,82,56
India,Gujarat,Vadodara,"Bapunagar, Vadodara - Nexteng Enviro","31-08-2026 05:00:00",22.320153,73.216285,NH3,2,2,2
India,Gujarat,Vatva,"Phase-4 GIDC, Vatva - GPCB","31-08-2026 05:00:00",22.969611,72.6435,OZONE,10,10,10
India,Haryana,Ambala,"Patti Mehar, Ambala - HSPCB","31-08-2026 05:00:00",30.379589,76.778328,PM2.5,49,84,62
India,Haryana,Ambala,"Patti Mehar, Ambala - HSPCB","31-08-2026 05:00:00",30.379589,76.778328,NH3,6,7,6
India,Haryana,Ballabgarh,"Nathu Colony, Ballabgarh - HSPCB","31-08-2026 05:00:00",28.3419248,77.319699,PM2.5,20,64,39
India,Haryana,Ballabgarh,"Nathu Colony, Ballabgarh - HSPCB","31-08-2026 05:00:00",28.3419248,77.319699,SO2,1,4,2
India,Haryana,Bhiwani,"H.B. Colony, Bhiwani - HSPCB","31-08-2026 05:00:00",28.806223,76.141105,NO2,7,10,8
India,Haryana,"Charkhi Dadri","Mini Secretariat, Charkhi Dadri - HSPCB","31-08-2026 05:00:00",28.593883,76.270653,OZONE,18,22,19
India,Haryana,Dharuhera,"Municipal Corporation Office, Dharuhera -  HSPCB","31-08-2026 05:00:00",28.2068,76.7997,NO2,15,51,38
India,Haryana,Dharuhera,"Municipal Corporation Office, Dharuhera -  HSPCB","31-08-2026 05:00:00",28.2068,76.7997,CO,12,34,23
India,Delhi,Delhi,"Pusa, Delhi - DPCC","31-08-2026 05:00:00",28.639652,77.146275,PM2.5,13,57,35
India,Delhi,Delhi,"Pusa, Delhi - DPCC","31-08-2026 05:00:00",28.639652,77.146275,OZONE,2,4,3
India,Delhi,Delhi,"Sirifort, Delhi - CPCB","31-08-2026 05:00:00",28.5504249,77.2159377,PM10,81,264,135
India,Delhi,Delhi,"Sirifort, Delhi - CPCB","31-08-2026 05:00:00",28.5504249,77.2159377,NH3,3,7,5
India,Delhi,Delhi,"Chandni Chowk, Delhi - IITM","31-08-2026 05:00:00",28.656756,77.227234,PM2.5,38,63,49
India,Delhi,Delhi,"DTU, Delhi - CPCB","31-08-2026 05:00:00",28.7500499,77.1112615,CO,6,30,20
India,Delhi,Delhi,"Dwarka-Sector 8, Delhi - DPCC ","31-08-2026 05:00:00",28.5710274,77.0719006,SO2,2,25,9
India,Delhi,Delhi,"Dr. Karni Singh Shooting Range, Delhi - DPCC","31-08-2026 05:00:00",28.498571,77.26484,NH3,4,6,5
India,Delhi,Delhi,"Dr. Karni Singh Shooting Range, Delhi - DPCC","31-08-2026 05:00:00",28.498571,77.26484,OZONE,11,15,13
India,Delhi,Delhi,"IIT Delhi, Delhi - IITM","31-08-2026 05:00:00",28.54246,77.191651,PM10,97,205,150
India,Delhi,Delhi,"IGI Airport (T3), Delhi - IITM","31-08-2026 05:00:00",28.5627763,77.1180053,PM2.5,26,80,51
India,Delhi,Delhi,"IGI Airport (T3), Delhi - IITM","31-08-2026 05:00:00",28.5627763,77.1180053,NO2,70,141,109
India,Delhi,Delhi,"JNU, Delhi - DPCC","31-08-2026 05:00:00",28.540721,77.168544,NO2,6,41,16
India,Delhi,Delhi,"JNU, Delhi - DPCC","31-08-2026 05:00:00",28.540721,77.168544,CO,33,45,38
India,Delhi,Delhi,"JNU, Delhi - DPCC","31-08-2026 05:00:00",28.540721,77.168544,OZONE,NA,NA,NA
India,Delhi,Delhi,"Alipur, Delhi - DPCC","31-08-2026 05:00:00",28.815329,77.15301,NH3,5,9,7
India,Delhi,Delhi,"Alipur, Delhi - DPCC","31-08-2026 05:00:00",28.815329,77.15301,OZONE,16,22,20
India,Delhi,Delhi,"North Campus, DU, Delhi - IITM","31-08-2026 05:00:00",28.6573814,77.1585447,NH3,NA,NA,NA
India,Gujarat,Ahmedabad,"Rakhial, Ahmedabad - IITM","31-08-2026 05:00:00",23.016834,72.625775,PM2.5,23,34,28
India,Gujarat,Ahmedabad,"SAC ISRO Satellite, Ahmedabad - IITM","31-08-2026 05:00:00",23.023389,72.515201,NO2,17,41,23
India,Gujarat,Ahmedabad,"SAC ISRO Satellite, Ahmedabad - IITM","31-08-2026 05:00:00",23.023389,72.515201,NH3,1,2,2
India,Gujarat,Ahmedabad,"SAC ISRO Satellite, Ahmedabad - IITM","31-08-2026 05:00:00",23.023389,72.515201,SO2,1,6,5
India,Gujarat,Ahmedabad,"Gyaspur, Ahmedabad - IITM","31-08-2026 05:00:00",22.977134,72.553024,NO2,35,44,38
India,Delhi,Delhi,"Jawaharlal Nehru Stadium, Delhi - DPCC","31-08-2026 05:00:00",28.58028,77.233829,PM2.5,40,87,61
India,Delhi,Delhi,"Jawaharlal Nehru Stadium, Delhi - DPCC","31-08-2026 05:00:00",28.58028,77.233829,OZONE,8,33,16
India,Delhi,Delhi,"Najafgarh, Delhi - DPCC","31-08-2026 05:00:00",28.570173,76.933762,SO2,9,12,10
India,Delhi,Delhi,"Mundka, Delhi - DPCC","31-08-2026 05:00:00",28.684678,77.076574,SO2,1,9,5
India,Delhi,Delhi,"Punjabi Bagh, Delhi - DPCC","31-08-2026 05:00:00",28.674045,77.131023,PM10,60,175,127
India,Delhi,Delhi,"Punjabi Bagh, Delhi - DPCC","31-08-2026 05:00:00",28.674045,77.131023,NH3,2,3,2
India,Delhi,Delhi,"Ashok Vihar, Delhi - DPCC","31-08-2026 05:00:00",28.695381,77.181665,OZONE,5,6,6
India,Delhi,Delhi,"Shadipur, Delhi - CPCB","31-08-2026 05:00:00",28.6514781,77.1473105,PM2.5,25,62,39
India,Delhi,Delhi,"Shadipur, Delhi - CPCB","31-08-2026 05:00:00",28.6514781,77.1473105,CO,33,50,43
India,Delhi,Delhi,"Mandir Marg, Delhi - DPCC","31-08-2026 05:00:00",28.636429,77.201067,PM10,70,155,109
India,"Madhya Pradesh",Sagar,"Civil Lines, Sagar - MPPCB","31-08-2026 05:00:00",23.838586,78.759431,CO,9,12,11
India,"Madhya Pradesh",Singrauli,"Suryakiran Bhawan NCL, Singrauli - MPPCB","31-08-2026 05:00:00",24.10897,82.64558,NO2,NA,NA,NA
India,"Madhya Pradesh",Singrauli,"Suryakiran Bhawan NCL, Singrauli - MPPCB","31-08-2026 05:00:00",24.10897,82.64558,NH3,NA,NA,NA
India,"Madhya Pradesh",Singrauli,"Suryakiran Bhawan NCL, Singrauli - MPPCB","31-08-2026 05:00:00",24.10897,82.64558,CO,23,41,27
India,"Madhya Pradesh",Singrauli,"Suryakiran Bhawan NCL, Singrauli - MPPCB","31-08-2026 05:00:00",24.10897,82.64558,OZONE,27,36,31
India,"Madhya Pradesh",Ujjain,"Mahashweta Nagar, Ujjain - MPPCB","31-08-2026 05:00:00",23.1633321,75.800225,PM2.5,17,68,43
India,Maharashtra,Ahmednagar,"Tarakpur, Ahmednagar - MPCB","31-08-2026 05:00:00",19.10122,74.73339,NH3,0,1,0
India,Maharashtra,Ahmednagar,"Tarakpur, Ahmednagar - MPCB","31-08-2026 05:00:00",19.10122,74.73339,OZONE,10,31,19
India,Maharashtra,Ambernath,"Chinchpada, Ambernath - MPCB","31-08-2026 05:00:00",19.215784,73.199781,PM10,58,125,91
India,Maharashtra,Amravati,"Shri Shivaji Science College, Amravati - MPCB","31-08-2026 05:00:00",20.939198,77.765701,SO2,NA,NA,NA
India,Maharashtra,Amravati,"Shri Shivaji Science College, Amravati - MPCB","31-08-2026 05:00:00",20.939198,77.765701,OZONE,9,14,12
India,Maharashtra,Amravati,"Shivneri Colony, Amravati - MPCB","31-08-2026 05:00:00",20.9402359,77.7895248,PM2.5,17,39,28
India,Maharashtra,Amravati,"Shivneri Colony, Amravati - MPCB","31-08-2026 05:00:00",20.9402359,77.7895248,CO,5,25,13
India,Maharashtra,Aurangabad,"MIDC Chilkalthana, Aurangabad - MPCB","31-08-2026 05:00:00",19.87562,75.38731,PM2.5,22,32,28
India,Maharashtra,Aurangabad,"Rachnakar Colony, Aurangabad - MPCB","31-08-2026 05:00:00",19.863756,75.321188,SO2,1,2,2
India,Maharashtra,Aurangabad,"Rachnakar Colony, Aurangabad - MPCB","31-08-2026 05:00:00",19.863756,75.321188,CO,14,22,17
India,Maharashtra,Aurangabad,"More Chowk Waluj, Aurangabad - MPCB","31-08-2026 05:00:00",19.8389439,75.244448,NO2,8,12,10
India,Maharashtra,Aurangabad,"More Chowk Waluj, Aurangabad - MPCB","31-08-2026 05:00:00",19.8389439,75.244448,SO2,22,31,27
India,Maharashtra,Beed,"Bir, Beed - MPCB","31-08-2026 05:00:00",18.988474,75.753873,PM2.5,12,45,20
India,Maharashtra,Beed,"Bir, Beed - MPCB","31-08-2026 05:00:00",18.988474,75.753873,CO,3,9,5
India,Maharashtra,Belapur,"CBD Belapur, Belapur - MPCB","31-08-2026 05:00:00",19.0243902,73.0406721,SO2,5,7,6
India,Maharashtra,Belapur,"CBD Belapur, Belapur - MPCB","31-08-2026 05:00:00",19.0243902,73.0406721,CO,9,12,11
India,Maharashtra,Bhiwandi,"Gokul Nagar, Bhiwandi - MPCB","31-08-2026 05:00:00",19.309073,73.057223,PM10,28,43,36
India,Maharashtra,Bhiwandi,"Gokul Nagar, Bhiwandi - MPCB","31-08-2026 05:00:00",19.309073,73.057223,NO2,5,6,5
India,Maharashtra,Bhiwandi,"Gokul Nagar, Bhiwandi - MPCB","31-08-2026 05:00:00",19.309073,73.057223,OZONE,20,20,20
India,Maharashtra,Chandrapur,"MIDC Khutala, Chandrapur - MPCB","31-08-2026 05:00:00",19.9775302,79.2337086,PM2.5,32,39,38
India,Maharashtra,Chandrapur,"MIDC Khutala, Chandrapur - MPCB","31-08-2026 05:00:00",19.9775302,79.2337086,PM10,34,134,84
India,Maharashtra,Chandrapur,"MIDC Khutala, Chandrapur - MPCB","31-08-2026 05:00:00",19.9775302,79.2337086,NO2,NA,NA,NA
India,Maharashtra,Chandrapur,"Chauhan Colony, Chandrapur - MPCB","31-08-2026 05:00:00",19.9629,79.298714,NH3,1,1,1
India,Maharashtra,Dhule,"Deopur, Dhule - MPCB","31-08-2026 05:00:00",20.918946,74.776388,NO2,4,17,7
India,Maharashtra,Dombivli,"Kalu Nagar, Dombivli - MPCB","31-08-2026 05:00:00",19.2268427,73.0788456,PM10,9,37,19
India,Maharashtra,Dombivli,"Kalu Nagar, Dombivli - MPCB","31-08-2026 05:00:00",19.2268427,73.0788456,NH3,1,1,1
India,Maharashtra,Dombivli,"Kalu Nagar, Dombivli - MPCB","31-08-2026 05:00:00",19.2268427,73.0788456,CO,9,17,13
India,Maharashtra,Dombivli,"Kalu Nagar, Dombivli - MPCB","31-08-2026 05:00:00",19.2268427,73.0788456,OZONE,26,33,29
India,Maharashtra,Hingoli,"Ashta Vinayak Nagar, Hingoli - MPCB","31-08-2026 05:00:00",19.710842,77.151824,NO2,2,29,8
India,Maharashtra,Hingoli,"Ashta Vinayak Nagar, Hingoli - MPCB","31-08-2026 05:00:00",19.710842,77.151824,NH3,1,5,2
India,Maharashtra,Jalgaon,"Prabhat Colony, Jalgaon - MPCB","31-08-2026 05:00:00",21.001264,75.565602,PM2.5,7,86,31
India,Karnataka,Bengaluru,"Silk Board, Bengaluru - KSPCB","31-08-2026 05:00:00",12.917348,77.622813,NH3,2,2,2
India,Karnataka,Bengaluru,"Bapuji Nagar, Bengaluru - KSPCB","31-08-2026 05:00:00",12.951913,77.539784,CO,16,28,21
India,Karnataka,Bengaluru,"Bapuji Nagar, Bengaluru - KSPCB","31-08-2026 05:00:00",12.951913,77.539784,OZONE,17,20,19
India,Karnataka,Chamarajanagar,"Urban, Chamarajanagar - KSPCB","31-08-2026 05:00:00",11.55358,76.55521,PM10,29,46,40
India,Karnataka,Chamarajanagar,"Urban, Chamarajanagar - KSPCB","31-08-2026 05:00:00",11.55358,76.55521,NH3,1,2,2
India,Karnataka,Chamarajanagar,"Urban, Chamarajanagar - KSPCB","31-08-2026 05:00:00",11.55358,76.55521,OZONE,13,20,15
India,Karnataka,Dharwad,"Kalabhavan, Dharwad - KSPCB","31-08-2026 05:00:00",15.459706,75.008381,PM2.5,46,51,49
India,Karnataka,Dharwad,"Kalabhavan, Dharwad - KSPCB","31-08-2026 05:00:00",15.459706,75.008381,SO2,7,8,8
India,Karnataka,Hubballi,"Lingaraj Nagar, Hubballi - KSPCB","31-08-2026 05:00:00",15.3714823,75.1160168,NH3,2,2,2
India,Karnataka,Hubballi,"Lingaraj Nagar, Hubballi - KSPCB","31-08-2026 05:00:00",15.3714823,75.1160168,CO,10,13,11
India,Karnataka,Madikeri,"Stuart Hill, Madikeri - KSPCB","31-08-2026 05:00:00",12.415911,75.73505,PM2.5,13,28,21
India,Karnataka,Madikeri,"Stuart Hill, Madikeri - KSPCB","31-08-2026 05:00:00",12.415911,75.73505,NO2,2,2,2
India,Karnataka,Madikeri,"Stuart Hill, Madikeri - KSPCB","31-08-2026 05:00:00",12.415911,75.73505,SO2,7,8,7
India,Karnataka,Madikeri,"Stuart Hill, Madikeri - KSPCB","31-08-2026 05:00:00",12.415911,75.73505,OZONE,1,4,2
India,Karnataka,Mysuru,"Hebbal 1st Stage, Mysuru - KSPCB","31-08-2026 05:00:00",12.21041,76.37376,NH3,3,5,4
India,Karnataka,Mysuru,"Hebbal 1st Stage, Mysuru - KSPCB","31-08-2026 05:00:00",12.21041,76.37376,CO,4,23,12
India,Karnataka,Mysuru,"Hebbal 1st Stage, Mysuru - KSPCB","31-08-2026 05:00:00",12.21041,76.37376,OZONE,12,22,15
India,Karnataka,Ramanagara,"Vijay Nagar, Ramanagara - KSPCB","31-08-2026 05:00:00",12.733409,77.298051,PM2.5,13,44,21
India,"Madhya Pradesh",Indore,"Airport Area, Indore - IMC","31-08-2026 05:00:00",22.7289,75.8076,OZONE,4,5,5
India,"Madhya Pradesh",Indore,"Maguda Nagar, Indore - IMC","31-08-2026 05:00:00",22.7524,75.8872,PM2.5,18,27,23
India,"Madhya Pradesh",Indore,"Maguda Nagar, Indore - IMC","31-08-2026 05:00:00",22.7524,75.8872,SO2,21,26,23
India,"Madhya Pradesh",Indore,"Maguda Nagar, Indore - IMC","31-08-2026 05:00:00",22.7524,75.8872,OZONE,10,11,11
India,"Madhya Pradesh",Indore,"Residency Area, Indore - IMC","31-08-2026 05:00:00",22.7084,75.8815,OZONE,6,6,6
India,"Madhya Pradesh",Jabalpur,"Marhatal, Jabalpur - MPPCB","31-08-2026 05:00:00",23.168606,79.932247,PM10,11,27,20
India,"Madhya Pradesh",Jabalpur,"Govindh Bhavan Colony, Jabalpur - JMC","31-08-2026 05:00:00",23.163174,79.973061,PM2.5,20,48,34
India,"Madhya Pradesh",Jabalpur,"Govindh Bhavan Colony, Jabalpur - JMC","31-08-2026 05:00:00",23.163174,79.973061,CO,35,44,39
India,"Madhya Pradesh",Jabalpur,"Suhagi, Jabalpur - JMC","31-08-2026 05:00:00",23.218135,79.95777,NH3,6,6,6
India,"Madhya Pradesh",Katni,"Gole Bazar, Katni - MPPCB","31-08-2026 05:00:00",23.50016,80.23284,NO2,9,14,12
India,"Madhya Pradesh",Maihar,"Sahilara, Maihar - KJS Cements","31-08-2026 05:00:00",24.2613009,80.7231783,PM10,61,62,62
India,"Madhya Pradesh",Mandideep,"Sector-D Industrial Area, Mandideep - MPPCB","31-08-2026 05:00:00",23.10844,77.511428,OZONE,19,30,25
India,"Madhya Pradesh",Pithampur,"Sector-2 Industrial Area, Pithampur - MPPCB","31-08-2026 05:00:00",22.624758,75.675238,PM2.5,59,173,87
India,"Madhya Pradesh",Pithampur,"Sector-2 Industrial Area, Pithampur - MPPCB","31-08-2026 05:00:00",22.624758,75.675238,SO2,26,46,34
India,"Madhya Pradesh",Pithampur,"Sector-2 Industrial Area, Pithampur - MPPCB","31-08-2026 05:00:00",22.624758,75.675238,OZONE,21,40,32
India,Maharashtra,Jalgaon,"Prabhat Colony, Jalgaon - MPCB","31-08-2026 05:00:00",21.001264,75.565602,NO2,1,7,3
India,Maharashtra,Jalgaon,"Prabhat Colony, Jalgaon - MPCB","31-08-2026 05:00:00",21.001264,75.565602,OZONE,15,19,16
India,Maharashtra,Jalna,"Old MIDC, Jalna - MPCB","31-08-2026 05:00:00",19.854616,75.905894,NH3,3,5,4
India,Maharashtra,Kalyan,"Khadakpada, Kalyan - MPCB","31-08-2026 05:00:00",19.25292,73.142019,PM10,27,181,105
India,Maharashtra,Kalyan,"Khadakpada, Kalyan - MPCB","31-08-2026 05:00:00",19.25292,73.142019,NH3,1,1,1
India,Maharashtra,Kalyan,"Pimpleshwar Mandir, Kalyan - MPCB","31-08-2026 05:00:00",19.192056,72.9585188,NO2,11,23,17
India,Maharashtra,Kolhapur,"Shivaji University, Kolhapur - MPCB","31-08-2026 05:00:00",16.6870449,74.2505872,NO2,3,23,11
India,Maharashtra,Kolhapur,"Shivaji University, Kolhapur - MPCB","31-08-2026 05:00:00",16.6870449,74.2505872,OZONE,8,13,11
India,Maharashtra,Latur,"Sawe Wadi, Latur - MPCB","31-08-2026 05:00:00",18.39963,76.57452,PM2.5,9,33,21
India,Maharashtra,Latur,"Sawe Wadi, Latur - MPCB","31-08-2026 05:00:00",18.39963,76.57452,OZONE,15,28,21
India,Maharashtra,Mahad,"Kamble Tarf Birwadi, Mahad - MPCB","31-08-2026 05:00:00",18.1023399,73.4783687,NO2,4,24,9
India,Maharashtra,Mahad,"Kamble Tarf Birwadi, Mahad - MPCB","31-08-2026 05:00:00",18.1023399,73.4783687,NH3,3,3,3
India,Maharashtra,Mahad,"Kamble Tarf Birwadi, Mahad - MPCB","31-08-2026 05:00:00",18.1023399,73.4783687,OZONE,4,30,11
India,Karnataka,Ramanagara,"Vijay Nagar, Ramanagara - KSPCB","31-08-2026 05:00:00",12.733409,77.298051,SO2,18,20,19
India,Karnataka,Vijayapura,"Ibrahimpur, Vijayapura - KSPCB","31-08-2026 05:00:00",16.802639,75.722694,CO,14,32,19
India,Karnataka,Vijayapura,"Ibrahimpur, Vijayapura - KSPCB","31-08-2026 05:00:00",16.802639,75.722694,OZONE,16,17,16
India,Karnataka,Yadgir,"Collector Office, Yadgir - KSPCB","31-08-2026 05:00:00",16.7602,77.1428,OZONE,30,39,33
India,Kerala,Thiruvananthapuram,"Plammoodu, Thiruvananthapuram - Kerala PCB","31-08-2026 05:00:00",8.5149093,76.9435879,SO2,14,21,17
India,Kerala,Thiruvananthapuram,"Kariavattom, Thiruvananthapuram - Kerala PCB","31-08-2026 05:00:00",8.5637,76.8865,SO2,4,5,4
India,Kerala,Thrissur,"Corporation Ground, Thrissur - Kerala PCB","31-08-2026 05:00:00",10.5324,76.2159,SO2,0,1,1
India,"Madhya Pradesh",Bhopal,"Paryavaran Parisar, Bhopal - MPPCB","31-08-2026 05:00:00",23.210494,77.425409,PM2.5,23,52,38
India,"Madhya Pradesh",Bhopal,"Paryavaran Parisar, Bhopal - MPPCB","31-08-2026 05:00:00",23.210494,77.425409,NH3,2,2,2
India,"Madhya Pradesh",Bhopal,"T T Nagar, Bhopal - MPPCB","31-08-2026 05:00:00",23.233584,77.400574,NO2,7,20,13
India,"Madhya Pradesh",Bhopal,"T T Nagar, Bhopal - MPPCB","31-08-2026 05:00:00",23.233584,77.400574,OZONE,21,30,26
India,"Madhya Pradesh",Damoh,"Shrivastav Colony, Damoh - MPPCB","31-08-2026 05:00:00",23.81748678,79.446246,PM10,24,54,36
India,"Madhya Pradesh",Damoh,"Shrivastav Colony, Damoh - MPPCB","31-08-2026 05:00:00",23.81748678,79.446246,NO2,5,6,6
India,"Madhya Pradesh",Dewas,"Bhopal Chauraha, Dewas - MPPCB","31-08-2026 05:00:00",22.9682591,76.064118,NH3,1,2,2
India,"Madhya Pradesh",Gwalior,"Maharaj Bada, Gwalior - MPPCB","31-08-2026 05:00:00",26.200388,78.147714,NH3,2,4,3
India,"Madhya Pradesh",Gwalior,"Maharaj Bada, Gwalior - MPPCB","31-08-2026 05:00:00",26.200388,78.147714,OZONE,34,46,40
India,"Madhya Pradesh",Gwalior,"City Center, Gwalior - MPPCB","31-08-2026 05:00:00",26.203442,78.193251,CO,26,43,33
India,"Madhya Pradesh",Gwalior,"Deen Dayal Nagar, Gwalior - MPPCB","31-08-2026 05:00:00",26.259242,78.216432,NH3,5,7,6
India,"Madhya Pradesh",Indore,"Regional Park, Indore - IMC","31-08-2026 05:00:00",22.678,75.8559,SO2,38,40,39
India,Maharashtra,Mira-Bhayandar,"Bhayandar West, Mira-Bhayandar - MPCB","31-08-2026 05:00:00",19.296481,72.840923,PM2.5,9,31,17
India,Maharashtra,Mira-Bhayandar,"Bhayandar West, Mira-Bhayandar - MPCB","31-08-2026 05:00:00",19.296481,72.840923,NH3,1,3,2
India,Maharashtra,Mira-Bhayandar,"Bhayandar West, Mira-Bhayandar - MPCB","31-08-2026 05:00:00",19.296481,72.840923,CO,11,14,12
India,Maharashtra,Mumbai,"Shivaji Nagar, Mumbai - BMC","31-08-2026 05:00:00",19.060498,72.923356,NO2,5,10,8
India,Maharashtra,Mumbai,"Shivaji Nagar, Mumbai - BMC","31-08-2026 05:00:00",19.060498,72.923356,SO2,1,10,6
India,Maharashtra,Mumbai,"Shivaji Nagar, Mumbai - BMC","31-08-2026 05:00:00",19.060498,72.923356,CO,10,21,16
India,Maharashtra,Mumbai,"Sion, Mumbai - MPCB","31-08-2026 05:00:00",19.047,72.8746,NH3,1,1,1
India,Maharashtra,Mumbai,"Borivali East, Mumbai - MPCB","31-08-2026 05:00:00",19.2243333,72.8658113,PM2.5,12,23,16
India,Maharashtra,Mumbai,"Borivali East, Mumbai - MPCB","31-08-2026 05:00:00",19.2243333,72.8658113,CO,7,8,8
India,Maharashtra,Mumbai,"Kherwadi_Bandra East, Mumbai - MPCB","31-08-2026 05:00:00",19.0632143,72.8456324,PM2.5,12,23,17
India,Maharashtra,Mumbai,"Worli, Mumbai - MPCB","31-08-2026 05:00:00",18.9936162,72.8128113,PM10,NA,NA,NA
India,Maharashtra,Mumbai,"Worli, Mumbai - MPCB","31-08-2026 05:00:00",18.9936162,72.8128113,NH3,4,5,5
India,Jharkhand,Dhanbad,"Sardar Patel Nagar, Dhanbad - JSPCB","31-08-2026 05:00:00",23.80569,86.44268,PM2.5,NA,NA,NA
India,Jharkhand,Dhanbad,"Sardar Patel Nagar, Dhanbad - JSPCB","31-08-2026 05:00:00",23.80569,86.44268,CO,NA,NA,NA
India,Jharkhand,Jorapokhar,"Tata Stadium, Jorapokhar - JSPCB","31-08-2026 05:00:00",23.707909,86.41467,SO2,21,21,21
India,Karnataka,Bengaluru,"Jigani, Bengaluru - KSPCB","31-08-2026 05:00:00",12.7816279,77.6299145,CO,35,37,36
India,Karnataka,Bengaluru,"Jayanagar 5th Block, Bengaluru - KSPCB","31-08-2026 05:00:00",12.920984,77.584908,PM2.5,NA,NA,NA
India,Karnataka,Bengaluru,"Jayanagar 5th Block, Bengaluru - KSPCB","31-08-2026 05:00:00",12.920984,77.584908,SO2,2,13,7
India,Karnataka,Bengaluru,"Hombegowda Nagar, Bengaluru - KSPCB","31-08-2026 05:00:00",12.938539,77.5901,SO2,4,8,6
India,Karnataka,Bengaluru,"Peenya, Bengaluru - CPCB","31-08-2026 05:00:00",13.0270199,77.494094,NH3,5,5,5
India,Karnataka,Bengaluru,"Peenya, Bengaluru - CPCB","31-08-2026 05:00:00",13.0270199,77.494094,CO,31,39,35
India,Karnataka,Bengaluru,"Shivapura_Peenya, Bengaluru - KSPCB","31-08-2026 05:00:00",13.0246342,77.5080115,NO2,38,41,40
India,Maharashtra,Thane,"Upvan Fort, Thane - MPCB","31-08-2026 05:00:00",19.222279,72.957979,CO,7,20,12
India,Maharashtra,Thane,"Upvan Fort, Thane - MPCB","31-08-2026 05:00:00",19.222279,72.957979,OZONE,6,12,9
India,Maharashtra,Ulhasnagar,"Sidhi Vinayak Nagar, Ulhasnagar - MPCB","31-08-2026 05:00:00",19.235581,73.159121,PM2.5,31,80,54
India,Maharashtra,Ulhasnagar,"Sidhi Vinayak Nagar, Ulhasnagar - MPCB","31-08-2026 05:00:00",19.235581,73.159121,SO2,1,6,3
India,Maharashtra,Ulhasnagar,"Vithalwadi, Ulhasnagar - MPCB","31-08-2026 05:00:00",19.2307571,73.155192,PM10,25,67,44
India,Maharashtra,Ulhasnagar,"Vithalwadi, Ulhasnagar - MPCB","31-08-2026 05:00:00",19.2307571,73.155192,CO,16,25,21
India,Maharashtra,Virar,"Bolinj, Virar - MPCB","31-08-2026 05:00:00",19.445821,72.7988231,NH3,5,5,5
India,Meghalaya,Shillong,"JN Stadium, Shillong - Meghalaya PCB","31-08-2026 05:00:00",25.5803419,91.8942571,PM2.5,NA,NA,NA
India,Meghalaya,Shillong,"JN Stadium, Shillong - Meghalaya PCB","31-08-2026 05:00:00",25.5803419,91.8942571,NH3,NA,NA,NA
India,Nagaland,Kohima,"PWD Junction, Kohima - NPCB","31-08-2026 05:00:00",25.6635413,94.0989878,PM10,2,37,11
India,Nagaland,Kohima,"PWD Junction, Kohima - NPCB","31-08-2026 05:00:00",25.6635413,94.0989878,CO,1,6,4
India,Odisha,Angul,"Hakimapada, Angul - OSPCB","31-08-2026 05:00:00",20.832874,85.104082,CO,46,49,47
India,Odisha,Balasore,"Kalidaspur, Balasore - OSPCB","31-08-2026 05:00:00",21.51161,86.89088,NO2,0,10,3
India,Odisha,Barbil,"Forest Office, Barbil - OSPCB","31-08-2026 05:00:00",22.1166054,85.3945546,NO2,4,9,6
India,Maharashtra,Mumbai,"Mulund West, Mumbai - MPCB","31-08-2026 05:00:00",19.175,72.9419,PM2.5,19,38,25
India,Maharashtra,Mumbai,"Mulund West, Mumbai - MPCB","31-08-2026 05:00:00",19.175,72.9419,NO2,12,14,13
India,Maharashtra,Mumbai,"Mulund West, Mumbai - MPCB","31-08-2026 05:00:00",19.175,72.9419,NH3,4,5,5
India,Maharashtra,Mumbai,"Kandivali West, Mumbai - BMC","31-08-2026 05:00:00",19.215859,72.831718,PM2.5,5,19,12
India,Maharashtra,Mumbai,"Sewri, Mumbai - BMC","31-08-2026 05:00:00",19.000084,72.85673,OZONE,6,6,6
India,Maharashtra,Mumbai,"Khindipada-Bhandup West, Mumbai - IITM","31-08-2026 05:00:00",19.1653323,72.922099,PM10,32,49,41
India,Maharashtra,Mumbai,"Malad West, Mumbai - IITM","31-08-2026 05:00:00",19.19709,72.82204,PM10,14,32,22
India,Maharashtra,Mumbai,"Malad West, Mumbai - IITM","31-08-2026 05:00:00",19.19709,72.82204,NO2,10,22,17
India,Maharashtra,Mumbai,"Malad West, Mumbai - IITM","31-08-2026 05:00:00",19.19709,72.82204,SO2,5,11,8
India,Maharashtra,Mumbai,"Malad West, Mumbai - IITM","31-08-2026 05:00:00",19.19709,72.82204,OZONE,8,14,11
India,Maharashtra,Mumbai,"Mazgaon, Mumbai - IITM","31-08-2026 05:00:00",18.96702,72.84214,PM10,26,45,36
India,Maharashtra,Mumbai,"Chakala-Andheri East, Mumbai - IITM","31-08-2026 05:00:00",19.11074,72.86084,NO2,3,10,7
India,Maharashtra,Mumbai,"Chakala-Andheri East, Mumbai - IITM","31-08-2026 05:00:00",19.11074,72.86084,CO,18,25,21
India,Maharashtra,Mumbai,"Bandra Kurla Complex, Mumbai - IITM","31-08-2026 05:00:00",19.053536,72.84643,OZONE,8,9,9
India,Maharashtra,Mumbai,"Kurla, Mumbai - MPCB","31-08-2026 05:00:00",19.0863,72.8888,NO2,9,9,9
India,Maharashtra,Mumbai,"Kurla, Mumbai - MPCB","31-08-2026 05:00:00",19.0863,72.8888,NH3,2,2,2
India,Odisha,Barbil,"Forest Office, Barbil - OSPCB","31-08-2026 05:00:00",22.1166054,85.3945546,NH3,2,3,2
India,Odisha,Baripada,"Meher Colony, Baripada - OSPCB","31-08-2026 05:00:00",21.941841,86.728318,SO2,6,9,7
India,Odisha,Baripada,"Meher Colony, Baripada - OSPCB","31-08-2026 05:00:00",21.941841,86.728318,OZONE,24,309,137
India,Odisha,Bhubaneswar,"Lingraj Mandir, Bhubaneswar - OSPCB","31-08-2026 05:00:00",20.24079,85.836784,PM2.5,2,227,29
India,Odisha,Bhubaneswar,"Lingraj Mandir, Bhubaneswar - OSPCB","31-08-2026 05:00:00",20.24079,85.836784,CO,24,32,28
India,Odisha,Bhubaneswar,"Lingraj Mandir, Bhubaneswar - OSPCB","31-08-2026 05:00:00",20.24079,85.836784,OZONE,4,21,14
India,Odisha,Bileipada,"Tata Township, Bileipada - OSPCB","31-08-2026 05:00:00",22.06156703,85.47409613,NO2,14,15,14
India,Odisha,Byasanagar,"Ferro Chrome Colony, Byasanagar - OSPCB","31-08-2026 05:00:00",20.94185,86.1151,PM10,31,82,49
India,Odisha,Byasanagar,"Ferro Chrome Colony, Byasanagar - OSPCB","31-08-2026 05:00:00",20.94185,86.1151,NH3,1,2,2
India,Odisha,Nayagarh,"Dabuna, Nayagarh - OSPCB","31-08-2026 05:00:00",21.847279,85.416905,PM2.5,21,52,36
India,Odisha,Nayagarh,"Dabuna, Nayagarh - OSPCB","31-08-2026 05:00:00",21.847279,85.416905,NH3,8,10,9
India,Odisha,Rourkela,"Sector-2, Rourkela - OSPCB","31-08-2026 05:00:00",22.245,84.88111111,PM2.5,33,33,33
India,Odisha,Rourkela,"Sector-2, Rourkela - OSPCB","31-08-2026 05:00:00",22.245,84.88111111,PM10,39,39,39
India,Odisha,Rourkela,"Sector-2, Rourkela - OSPCB","31-08-2026 05:00:00",22.245,84.88111111,NO2,11,11,11
India,Odisha,Rourkela,"Sector-2, Rourkela - OSPCB","31-08-2026 05:00:00",22.245,84.88111111,NH3,NA,NA,NA
India,Maharashtra,Mumbai,"Ghatkopar, Mumbai - BMC","31-08-2026 05:00:00",19.083694,72.920967,SO2,1,2,2
India,Maharashtra,Mumbai,"Ghatkopar, Mumbai - BMC","31-08-2026 05:00:00",19.083694,72.920967,OZONE,3,6,5
India,Maharashtra,Mumbai,"Deonar, Mumbai - IITM","31-08-2026 05:00:00",19.04946,72.923,NO2,2,8,5
India,Maharashtra,Mumbai,"Deonar, Mumbai - IITM","31-08-2026 05:00:00",19.04946,72.923,NH3,7,10,8
India,Maharashtra,Mumbai,"Chhatrapati Shivaji Intl. Airport (T2), Mumbai - MPCB","31-08-2026 05:00:00",19.10078,72.87462,CO,NA,NA,NA
India,Maharashtra,Mumbai,"Powai, Mumbai - MPCB","31-08-2026 05:00:00",19.1375,72.915056,SO2,10,18,12
India,Maharashtra,Mumbai,"Powai, Mumbai - MPCB","31-08-2026 05:00:00",19.1375,72.915056,CO,NA,NA,NA
India,Maharashtra,Mumbai,"Powai, Mumbai - MPCB","31-08-2026 05:00:00",19.1375,72.915056,OZONE,NA,NA,NA
India,Maharashtra,Nagpur,"Ram Nagar, Nagpur - MPCB","31-08-2026 05:00:00",21.143383,79.048912,PM10,32,53,45
India,Maharashtra,Nagpur,"Ram Nagar, Nagpur - MPCB","31-08-2026 05:00:00",21.143383,79.048912,NO2,4,9,6
India,Maharashtra,Nagpur,"Ram Nagar, Nagpur - MPCB","31-08-2026 05:00:00",21.143383,79.048912,CO,9,12,10
India,Maharashtra,Nagpur,"Opp GPO Civil Lines, Nagpur - MPCB","31-08-2026 05:00:00",21.152875,79.0517531,SO2,1,9,5
India,Maharashtra,Nagpur,"Opp GPO Civil Lines, Nagpur - MPCB","31-08-2026 05:00:00",21.152875,79.0517531,OZONE,5,8,7
India,Maharashtra,Nagpur,"Ambazari, Nagpur - MPCB","31-08-2026 05:00:00",21.121801,79.04952,PM10,20,246,53
India,Maharashtra,Nanded,"Sneh Nagar, Nanded - MPCB","31-08-2026 05:00:00",19.173852,77.296291,NO2,6,27,11
India,Maharashtra,Nanded,"Sneh Nagar, Nanded - MPCB","31-08-2026 05:00:00",19.173852,77.296291,SO2,15,16,15
India,Maharashtra,Pune,"Hadapsar, Pune - IITM","31-08-2026 05:00:00",18.501793,73.927532,SO2,NA,NA,NA
India,Maharashtra,Pune,"Revenue Colony-Shivajinagar, Pune - IITM","31-08-2026 05:00:00",18.530085,73.849598,PM10,80,80,80
India,Maharashtra,Pune,"Revenue Colony-Shivajinagar, Pune - IITM","31-08-2026 05:00:00",18.530085,73.849598,CO,49,72,60
India,Maharashtra,Pune,"Revenue Colony-Shivajinagar, Pune - IITM","31-08-2026 05:00:00",18.530085,73.849598,OZONE,6,11,9
India,Maharashtra,Pune,"Mhada Colony, Pune - IITM","31-08-2026 05:00:00",18.57304,73.927715,SO2,NA,NA,NA
India,Maharashtra,Pune,"Panchawati_Pashan, Pune - IITM","31-08-2026 05:00:00",18.536457,73.805454,PM2.5,18,42,28
India,Maharashtra,Pune,"Panchawati_Pashan, Pune - IITM","31-08-2026 05:00:00",18.536457,73.805454,CO,18,43,29
India,Maharashtra,Sangli,"Vijay Nagar, Sangli - MPCB","31-08-2026 05:00:00",16.5038,74.3623,NO2,1,7,3
India,Maharashtra,Satara,"Koyana Nagar, Satara - MPCB","31-08-2026 05:00:00",17.696651,74.003387,NH3,0,2,1
India,Maharashtra,Solapur,"Dnyaneshwar Nagar, Solapur - MPCB","31-08-2026 05:00:00",17.6336264,75.9132495,PM10,16,50,33
India,Maharashtra,Solapur,"Ratandeep Housing Society, Solapur - MPCB","31-08-2026 05:00:00",17.65439,75.90649,SO2,NA,NA,NA
India,Maharashtra,Thane,"Upvan Fort, Thane - MPCB","31-08-2026 05:00:00",19.222279,72.957979,NH3,0,2,1
India,Odisha,Rourkela,"Sector-2, Rourkela - OSPCB","31-08-2026 05:00:00",22.245,84.88111111,OZONE,NA,NA,NA
India,Odisha,Talcher,"Talcher Coalfields,Talcher - OSPCB","31-08-2026 05:00:00",20.9360711,85.1707021,SO2,7,11,9
India,Odisha,Talcher,"Talcher Coalfields,Talcher - OSPCB","31-08-2026 05:00:00",20.9360711,85.1707021,CO,20,24,22
India,Odisha,Talcher,"Talcher Coalfields,Talcher - OSPCB","31-08-2026 05:00:00",20.9360711,85.1707021,OZONE,15,15,15
India,Puducherry,Puducherry,"Jawahar Nagar, Puducherry - PPCC","31-08-2026 05:00:00",11.9309,79.8027,PM2.5,11,38,22
India,Puducherry,Puducherry,"Jawahar Nagar, Puducherry - PPCC","31-08-2026 05:00:00",11.9309,79.8027,PM10,24,49,37
India,Punjab,Amritsar,"Golden Temple, Amritsar - PPCB","31-08-2026 05:00:00",31.62,74.876512,CO,24,28,26
India,Punjab,Amritsar,"Golden Temple, Amritsar - PPCB","31-08-2026 05:00:00",31.62,74.876512,OZONE,24,31,28
India,Punjab,Bathinda,"Hardev Nagar, Bathinda - PPCB","31-08-2026 05:00:00",30.233011,74.907758,NH3,NA,NA,NA
India,Punjab,Jalandhar,"Civil Line, Jalandhar - PPCB","31-08-2026 05:00:00",31.321907,75.578914,NO2,35,40,38
India,Punjab,Jalandhar,"Civil Line, Jalandhar - PPCB","31-08-2026 05:00:00",31.321907,75.578914,OZONE,13,26,18
India,Punjab,"Mandi Gobindgarh","RIMT University, Mandi Gobindgarh - PPCB","31-08-2026 05:00:00",30.649961,76.331442,NH3,5,5,5
India,Maharashtra,Nashik,"Pandav Nagari, Nashik - MPCB","31-08-2026 05:00:00",19.9591346,73.7788008,CO,11,14,13
India,Maharashtra,Nashik,"Hirawadi, Nashik - MPCB","31-08-2026 05:00:00",20.021503,73.813844,PM2.5,10,31,17
India,Maharashtra,Nashik,"Hirawadi, Nashik - MPCB","31-08-2026 05:00:00",20.021503,73.813844,CO,45,49,47
India,Maharashtra,Nashik,"MIDC Ambad, Nashik - MPCB","31-08-2026 05:00:00",19.95022,73.73148,NH3,2,4,3
India,Maharashtra,Nashik,"MIDC Ambad, Nashik - MPCB","31-08-2026 05:00:00",19.95022,73.73148,OZONE,13,19,16
India,Maharashtra,"Navi Mumbai","Kopripada-Vashi, Navi Mumbai - MPCB","31-08-2026 05:00:00",19.090337,73.014232,PM10,29,52,38
India,Maharashtra,"Navi Mumbai","Tondare-Taloja, Navi Mumbai - MPCB","31-08-2026 05:00:00",19.063,73.1209,NO2,7,13,10
India,Maharashtra,"Navi Mumbai","Sanpada, Navi Mumbai - MPCB","31-08-2026 05:00:00",19.0575752,73.0151367,CO,7,12,10
India,Maharashtra,"Navi Mumbai","Sector-2E Kalamboli, Navi Mumbai - MPCB","31-08-2026 05:00:00",19.02579,73.10297,PM2.5,14,26,20
India,Maharashtra,"Navi Mumbai","Nerul, Navi Mumbai - MPCB","31-08-2026 05:00:00",19.008751,73.01662,OZONE,NA,NA,NA
India,Maharashtra,Parbhani,"Masoom Colony, Parbhani - MPCB","31-08-2026 05:00:00",19.265594,76.761463,PM2.5,8,34,21
India,Maharashtra,Parbhani,"Masoom Colony, Parbhani - MPCB","31-08-2026 05:00:00",19.265594,76.761463,OZONE,52,55,54
India,Maharashtra,Pimpri-Chinchwad,"Bhosari, Pune - IITM","31-08-2026 05:00:00",18.640051,73.848956,PM10,35,81,58
India,Maharashtra,Pimpri-Chinchwad,"Bhosari, Pune - IITM","31-08-2026 05:00:00",18.640051,73.848956,NH3,NA,NA,NA
India,Maharashtra,Pimpri-Chinchwad,"Bhumkar Nagar, Pune - IITM","31-08-2026 05:00:00",18.60577,73.749976,CO,13,18,15
India,Maharashtra,Pimpri-Chinchwad,"Thergaon, Pimpri Chinchwad - MPCB","31-08-2026 05:00:00",18.616318,73.765797,PM10,51,76,61
India,Maharashtra,Pimpri-Chinchwad,"Transport Nagar-Nigdi, Pune - IITM","31-08-2026 05:00:00",18.664282,73.763966,NH3,NA,NA,NA
India,Maharashtra,Pimpri-Chinchwad,"Transport Nagar-Nigdi, Pune - IITM","31-08-2026 05:00:00",18.664282,73.763966,CO,52,71,62
India,Maharashtra,"Navi Mumbai","Sector-2E Kalamboli, Navi Mumbai - MPCB","31-08-2026 05:00:00",19.02579,73.10297,NH3,6,8,7
India,Maharashtra,"Navi Mumbai","Mahape, Navi Mumbai - MPCB","31-08-2026 05:00:00",19.1135051,73.008978,NO2,43,44,43
India,Maharashtra,"Navi Mumbai","Mahape, Navi Mumbai - MPCB","31-08-2026 05:00:00",19.1135051,73.008978,OZONE,7,10,8
India,Maharashtra,"Navi Mumbai","Nerul, Navi Mumbai - MPCB","31-08-2026 05:00:00",19.008751,73.01662,PM10,NA,NA,NA
India,Maharashtra,"Navi Mumbai","Nerul, Navi Mumbai - MPCB","31-08-2026 05:00:00",19.008751,73.01662,NO2,5,5,5
India,Maharashtra,"Navi Mumbai","Nerul, Navi Mumbai - MPCB","31-08-2026 05:00:00",19.008751,73.01662,NH3,1,1,1
India,Rajasthan,Bhiwadi,"Vasundhara Nagar_UIT, Bhiwadi - RSPCB","31-08-2026 05:00:00",28.207266,76.829265,OZONE,21,23,22
India,Rajasthan,Bundi,"New Colony, Bundi - RSPCB","31-08-2026 05:00:00",25.435774,75.644272,NO2,16,33,24
India,Rajasthan,Chittorgarh,"Shastri Nagar, Chittorgarh - RSPCB","31-08-2026 05:00:00",24.892047,74.623527,SO2,1,8,3
India,Rajasthan,Churu,"Subash Chowk, Churu - RSPCB","31-08-2026 05:00:00",28.296139,74.961696,PM2.5,12,38,25
India,Rajasthan,Dausa,"Khatikan Mohalla, Dausa - RSPCB","31-08-2026 05:00:00",26.895552,76.334753,PM10,83,171,129
India,Rajasthan,Dholpur,"Raja Ganj, Dholpur - RSPCB","31-08-2026 05:00:00",26.699557,77.898881,PM2.5,34,61,46
India,Rajasthan,Dungarpur,"Bhoiwada, Dungarpur - RSPCB","31-08-2026 05:00:00",23.837789,73.714926,PM2.5,15,55,32
India,Rajasthan,Dungarpur,"Bhoiwada, Dungarpur - RSPCB","31-08-2026 05:00:00",23.837789,73.714926,SO2,4,6,5
India,Rajasthan,Dungarpur,"Bhoiwada, Dungarpur - RSPCB","31-08-2026 05:00:00",23.837789,73.714926,OZONE,17,31,23
India,Rajasthan,Hanumangarh,"Housing Board, Hanumangarh - RSPCB","31-08-2026 05:00:00",29.61075,74.283608,PM2.5,18,40,27
India,Rajasthan,Hanumangarh,"Housing Board, Hanumangarh - RSPCB","31-08-2026 05:00:00",29.61075,74.283608,SO2,4,5,4
India,Rajasthan,Hanumangarh,"Housing Board, Hanumangarh - RSPCB","31-08-2026 05:00:00",29.61075,74.283608,OZONE,16,19,17
India,Rajasthan,Jaipur,"Sector-2 Murlipura, Jaipur - RSPCB","31-08-2026 05:00:00",26.960669,75.771817,SO2,2,8,4
India,Rajasthan,Jaipur,"Police Commissionerate, Jaipur - RSPCB","31-08-2026 05:00:00",26.9164092,75.7994901,PM10,64,109,80
India,Rajasthan,Jaipur,"Police Commissionerate, Jaipur - RSPCB","31-08-2026 05:00:00",26.9164092,75.7994901,NH3,14,23,18
India,Rajasthan,Jaipur,"RIICO Sitapura, Jaipur - RSPCB","31-08-2026 05:00:00",26.786682,75.827928,NO2,12,48,27
India,Rajasthan,Jaipur,"RIICO Sitapura, Jaipur - RSPCB","31-08-2026 05:00:00",26.786682,75.827928,OZONE,35,66,53
India,Rajasthan,Jaipur,"Shastri Nagar, Jaipur - RSPCB","31-08-2026 05:00:00",26.9502929,75.730943,CO,14,23,20
India,Rajasthan,Jaisalmer,"Sadar Bazar, Jaisalmer - RSPCB","31-08-2026 05:00:00",26.912329,70.909168,PM10,45,216,112
India,Rajasthan,Jaisalmer,"Sadar Bazar, Jaisalmer - RSPCB","31-08-2026 05:00:00",26.912329,70.909168,NO2,28,41,35
India,Rajasthan,Jaisalmer,"Sadar Bazar, Jaisalmer - RSPCB","31-08-2026 05:00:00",26.912329,70.909168,SO2,2,6,5
India,Rajasthan,Jalore,"Mudtra Sili, Jalore - RSPCB","31-08-2026 05:00:00",25.344694,72.626208,PM10,45,89,69
India,Rajasthan,Jalore,"Mudtra Sili, Jalore - RSPCB","31-08-2026 05:00:00",25.344694,72.626208,NO2,3,8,6
India,Rajasthan,Jalore,"Mudtra Sili, Jalore - RSPCB","31-08-2026 05:00:00",25.344694,72.626208,CO,6,17,10
India,Rajasthan,Jhalawar,"Rajlaxmi Nagar, Jhalawar - RSPCB","31-08-2026 05:00:00",24.588397,76.172782,PM2.5,7,72,46
India,Rajasthan,Jhunjhunu,"Indra Nagar, Jhunjhunu - RSPCB","31-08-2026 05:00:00",28.108988,75.386577,NH3,16,18,16
India,Rajasthan,Jodhpur,"Digari Kalan, Jodhpur - RSPCB","31-08-2026 05:00:00",26.29581,73.082283,PM10,36,80,60
India,Rajasthan,Jodhpur,"Jhalamand, Jodhpur - RSPCB","31-08-2026 05:00:00",26.215415,73.070156,PM10,30,54,46
India,Rajasthan,Jodhpur,"Jhalamand, Jodhpur - RSPCB","31-08-2026 05:00:00",26.215415,73.070156,NH3,6,19,10
India,Rajasthan,Jodhpur,"Mandor, Jodhpur - RSPCB","31-08-2026 05:00:00",26.358805,73.047444,NO2,2,14,7
India,Rajasthan,Jodhpur,"Mandor, Jodhpur - RSPCB","31-08-2026 05:00:00",26.358805,73.047444,SO2,1,10,6
India,Rajasthan,Jodhpur,"Mandor, Jodhpur - RSPCB","31-08-2026 05:00:00",26.358805,73.047444,OZONE,4,70,30
India,Rajasthan,Jodhpur,"Collectorate, Jodhpur - RSPCB","31-08-2026 05:00:00",26.268249,73.0193853,NH3,2,8,4
India,Rajasthan,Karauli,"Satyawati Vihar, Karauli - RSPCB","31-08-2026 05:00:00",26.506177,77.025989,NO2,NA,NA,NA
India,"Uttar Pradesh",Ghaziabad,"Ved Vihar-Loni, Ghaziabad - UPPCB","31-08-2026 05:00:00",28.739153,77.273668,CO,84,102,92
India,"Uttar Pradesh",Ghaziabad,"Ved Vihar-Loni, Ghaziabad - UPPCB","31-08-2026 05:00:00",28.739153,77.273668,OZONE,3,8,5
India,"Uttar Pradesh",Ghaziabad,"Indirapuram, Ghaziabad - UPPCB","31-08-2026 05:00:00",28.646233,77.358075,PM2.5,26,130,50
India,"Uttar Pradesh",Ghaziabad,"Wave City, Ghaziabad - UPPCB","31-08-2026 05:00:00",28.646675,77.489049,PM10,NA,NA,NA
India,"Uttar Pradesh",Ghaziabad,"Loni, Ghaziabad - UPPCB","31-08-2026 05:00:00",28.757294,77.278792,PM10,105,294,163
India,"Uttar Pradesh",Ghaziabad,"Loni, Ghaziabad - UPPCB","31-08-2026 05:00:00",28.757294,77.278792,SO2,14,16,15
India,"Uttar Pradesh",Ghaziabad,"Govindpuram, Ghaziabad - UPPCB","31-08-2026 05:00:00",28.694528,77.494705,PM2.5,14,39,23
India,"Uttar Pradesh",Ghaziabad,"Govindpuram, Ghaziabad - UPPCB","31-08-2026 05:00:00",28.694528,77.494705,NO2,43,129,78
India,"Uttar Pradesh",Gorakhpur,"Madan Mohan Malaviya University of Technology, Gorakhpur - UPPCB","31-08-2026 05:00:00",26.730136,83.433859,PM10,4,105,56
India,"Uttar Pradesh",Gorakhpur,"Madan Mohan Malaviya University of Technology, Gorakhpur - UPPCB","31-08-2026 05:00:00",26.730136,83.433859,NO2,11,11,11
India,"Uttar Pradesh",Gorakhpur,"Madan Mohan Malaviya University of Technology, Gorakhpur - UPPCB","31-08-2026 05:00:00",26.730136,83.433859,SO2,46,48,47
India,"Uttar Pradesh",Gorakhpur,"Madan Mohan Malaviya University of Technology, Gorakhpur - UPPCB","31-08-2026 05:00:00",26.730136,83.433859,OZONE,25,38,32
India,"Uttar Pradesh","Greater Noida","Knowledge Park - V, Greater Noida - UPPCB","31-08-2026 05:00:00",28.557054,77.453663,PM10,108,322,163
India,"Uttar Pradesh","Greater Noida","Knowledge Park - V, Greater Noida - UPPCB","31-08-2026 05:00:00",28.557054,77.453663,NO2,20,86,32
India,"Uttar Pradesh","Greater Noida","Knowledge Park - V, Greater Noida - UPPCB","31-08-2026 05:00:00",28.557054,77.453663,NH3,6,9,7
India,"Uttar Pradesh","Greater Noida","Knowledge Park - V, Greater Noida - UPPCB","31-08-2026 05:00:00",28.557054,77.453663,OZONE,35,54,43
India,"Uttar Pradesh",Hapur,"Anand Vihar, Hapur - UPPCB","31-08-2026 05:00:00",28.725645,77.749675,PM2.5,48,270,100
India,"Tamil Nadu",Chennai,"Royapuram, Chennai - TNPCB","31-08-2026 05:00:00",13.1036,80.2909,CO,47,55,51
India,"Tamil Nadu",Cuddalore,"Kudikadu, Cuddalore - TNPCB","31-08-2026 05:00:00",11.6829898,79.7532099,NH3,NA,NA,NA
India,"Tamil Nadu",Cuddalore,"Kudikadu, Cuddalore - TNPCB","31-08-2026 05:00:00",11.6829898,79.7532099,CO,NA,NA,NA
India,"Tamil Nadu",Gummidipoondi,"Anthoni Pillai Nagar, Gummidipoondi - TNPCB","31-08-2026 05:00:00",13.4127,80.1081,SO2,0,101,37
India,"Tamil Nadu",Gummidipoondi,"Anthoni Pillai Nagar, Gummidipoondi - TNPCB","31-08-2026 05:00:00",13.4127,80.1081,CO,NA,NA,NA
India,"Tamil Nadu",Thoothukudi,"Meelavittan, Thoothukudi - TNPCB","31-08-2026 05:00:00",8.816428,78.099039,NH3,NA,NA,NA
India,Telangana,Hyderabad,"Zoo Park, Hyderabad - TSPCB","31-08-2026 05:00:00",17.349694,78.451437,OZONE,4,4,4
India,Telangana,Hyderabad,"Nacharam_TSIIC IALA, Hyderabad - TSPCB","31-08-2026 05:00:00",17.429398,78.569354,NO2,12,16,13
India,Telangana,Hyderabad,"New Malakpet, Hyderabad - TSPCB","31-08-2026 05:00:00",17.37206,78.50864,SO2,5,12,8
India,Telangana,Hyderabad,"ECIL Kapra, Hyderabad - TSPCB","31-08-2026 05:00:00",17.470431,78.566959,PM2.5,34,36,35
India,Telangana,Hyderabad,"ECIL Kapra, Hyderabad - TSPCB","31-08-2026 05:00:00",17.470431,78.566959,CO,12,37,24
India,Telangana,Hyderabad,"Ramachandrapuram, Hyderabad - TSPCB","31-08-2026 05:00:00",17.528544,78.286195,SO2,9,16,12
India,Telangana,Hyderabad,"Kompally Municipal Office, Hyderabad - TSPCB","31-08-2026 05:00:00",17.544899,78.486949,PM2.5,26,40,34
India,Telangana,Hyderabad,"Somajiguda, Hyderabad - TSPCB","31-08-2026 05:00:00",17.417094,78.457437,PM2.5,46,50,47
India,Telangana,Hyderabad,"Sanathnagar, Hyderabad - TSPCB","31-08-2026 05:00:00",17.4559458,78.4332152,PM10,NA,NA,NA
India,Telangana,Hyderabad,"Sanathnagar, Hyderabad - TSPCB","31-08-2026 05:00:00",17.4559458,78.4332152,SO2,1,16,8
India,"Uttar Pradesh",Agra,"Rohta, Agra - UPPCB","31-08-2026 05:00:00",27.106972,78.000111,PM2.5,19,47,33
India,"Uttar Pradesh",Agra,"Rohta, Agra - UPPCB","31-08-2026 05:00:00",27.106972,78.000111,NO2,16,16,16
India,"Uttar Pradesh",Agra,"Sector-3B Avas Vikas Colony, Agra - UPPCB","31-08-2026 05:00:00",27.19412,77.96237,PM10,68,97,86
India,"Uttar Pradesh",Agra,"Shahjahan Garden, Agra - UPPCB","31-08-2026 05:00:00",27.169338,78.03582,PM10,32,50,40
India,"Uttar Pradesh",Agra,"Manoharpur, Agra - UPPCB","31-08-2026 05:00:00",27.23711,78.01936,SO2,13,68,20
India,"Uttar Pradesh",Agra,"Sanjay Palace, Agra - UPPCB","31-08-2026 05:00:00",27.19865833,78.00598056,NH3,NA,NA,NA
India,"Uttar Pradesh",Agra,"Sanjay Palace, Agra - UPPCB","31-08-2026 05:00:00",27.19865833,78.00598056,SO2,18,19,18
India,"Uttar Pradesh",Agra,"Shastripuram, Agra - UPPCB","31-08-2026 05:00:00",27.19862,77.92066,PM2.5,23,44,33
India,"Uttar Pradesh",Agra,"Shastripuram, Agra - UPPCB","31-08-2026 05:00:00",27.19862,77.92066,PM10,19,37,27
India,"Uttar Pradesh",Agra,"Shastripuram, Agra - UPPCB","31-08-2026 05:00:00",27.19862,77.92066,NH3,3,3,3
India,"Uttar Pradesh",Agra,"Shastripuram, Agra - UPPCB","31-08-2026 05:00:00",27.19862,77.92066,CO,12,14,13
India,"Uttar Pradesh",Baghpat,"Sardar Patel Inter College, Baghpat - UPPCB","31-08-2026 05:00:00",28.964949,77.278761,PM2.5,20,50,35
India,"Uttar Pradesh",Baraut,"Nagar Palika Parishad, Baraut - UPPCB","31-08-2026 05:00:00",29.09956,77.26235,PM2.5,121,311,236
India,Rajasthan,Udaipur,"Ashok Nagar, Udaipur - RSPCB","31-08-2026 05:00:00",24.5886166,73.6321397,PM10,40,104,74
India,Sikkim,Gangtok,"Zero Point GICI, Gangtok - SSPCB","31-08-2026 05:00:00",27.33853,88.614099,SO2,1,1,1
India,"Tamil Nadu",Chennai,"Kodungaiyur, Chennai - TNPCB","31-08-2026 05:00:00",13.1278,80.2642,SO2,5,7,6
India,"Tamil Nadu",Chennai,"Arumbakkam, Chennai - TNPCB","31-08-2026 05:00:00",13.0664,80.2112,NH3,2,3,2
India,"Tamil Nadu",Chennai,"Arumbakkam, Chennai - TNPCB","31-08-2026 05:00:00",13.0664,80.2112,SO2,0,2,1
India,"Tamil Nadu",Chennai,"Velachery Res. Area, Chennai - CPCB","31-08-2026 05:00:00",13.0052189,80.2398125,PM10,79,104,92
India,"Tamil Nadu",Chennai,"Velachery Res. Area, Chennai - CPCB","31-08-2026 05:00:00",13.0052189,80.2398125,NO2,11,12,12
India,"Tamil Nadu",Chennai,"Velachery Res. Area, Chennai - CPCB","31-08-2026 05:00:00",13.0052189,80.2398125,CO,NA,NA,NA
India,"Tamil Nadu",Chennai,"Perungudi, Chennai - TNPCB","31-08-2026 05:00:00",12.9533,80.2357,PM2.5,14,89,32
India,"Tamil Nadu",Chennai,"Manali Village, Chennai - TNPCB","31-08-2026 05:00:00",13.1662,80.2584,PM10,15,82,43
India,"Tamil Nadu",Chennai,"Manali Village, Chennai - TNPCB","31-08-2026 05:00:00",13.1662,80.2584,OZONE,195,325,291
India,"Tamil Nadu",Chennai,"Manali, Chennai - CPCB","31-08-2026 05:00:00",13.164544,80.26285,NO2,10,12,11
India,"Tamil Nadu",Chennai,"Manali, Chennai - CPCB","31-08-2026 05:00:00",13.164544,80.26285,SO2,4,6,5
India,"Tamil Nadu",Chennai,"Manali, Chennai - CPCB","31-08-2026 05:00:00",13.164544,80.26285,OZONE,8,9,8
India,"Tamil Nadu",Chennai,"Royapuram, Chennai - TNPCB","31-08-2026 05:00:00",13.1036,80.2909,PM2.5,37,53,45
India,Punjab,Patiala,"Model Town, Patiala - PPCB","31-08-2026 05:00:00",30.349388,76.366642,SO2,16,22,19
India,Punjab,Rupnagar,"Ratanpura, Rupnagar - Ambuja Cements","31-08-2026 05:00:00",31.0325454,76.5623046,NO2,9,46,26
India,Punjab,Rupnagar,"Ratanpura, Rupnagar - Ambuja Cements","31-08-2026 05:00:00",31.0325454,76.5623046,SO2,9,13,11
India,Punjab,Rupnagar,"Ratanpura, Rupnagar - Ambuja Cements","31-08-2026 05:00:00",31.0325454,76.5623046,CO,51,56,54
India,Rajasthan,Alwar,"Moti Doongri, Alwar - RSPCB","31-08-2026 05:00:00",27.554793,76.611536,PM10,97,127,108
India,Rajasthan,Alwar,"Moti Doongri, Alwar - RSPCB","31-08-2026 05:00:00",27.554793,76.611536,SO2,14,35,26
India,Rajasthan,Alwar,"Moti Doongri, Alwar - RSPCB","31-08-2026 05:00:00",27.554793,76.611536,CO,51,75,63
India,Rajasthan,Alwar,"Moti Doongri, Alwar - RSPCB","31-08-2026 05:00:00",27.554793,76.611536,OZONE,34,60,42
India,Rajasthan,Baran,"Bamboliya, Baran - RSPCB","31-08-2026 05:00:00",25.106006,76.469948,PM10,42,82,58
India,Rajasthan,Barmer,"Railway Colony, Barmer - RSPCB","31-08-2026 05:00:00",25.747299,71.393989,PM10,27,133,76
India,Rajasthan,Bhilwara,"Pratap Nagar, Bhilwara - RSPCB","31-08-2026 05:00:00",25.339605,74.618883,NH3,3,9,6
India,Rajasthan,Bhilwara,"Pratap Nagar, Bhilwara - RSPCB","31-08-2026 05:00:00",25.339605,74.618883,SO2,1,7,4
India,Rajasthan,Bhiwadi,"RIICO Ind. Area III, Bhiwadi - RSPCB","31-08-2026 05:00:00",28.194909,76.862296,PM2.5,37,97,70
India,Rajasthan,Bhiwadi,"RIICO Ind. Area III, Bhiwadi - RSPCB","31-08-2026 05:00:00",28.194909,76.862296,NH3,8,20,13
India,Rajasthan,Bhiwadi,"RIICO Ind. Area III, Bhiwadi - RSPCB","31-08-2026 05:00:00",28.194909,76.862296,SO2,4,11,8
India,Rajasthan,Kota,"Nayapura, Kota - RSPCB","31-08-2026 05:00:00",25.196024,75.855668,NO2,11,41,21
India,Rajasthan,Kota,"Shrinath Puram, Kota - RSPCB","31-08-2026 05:00:00",25.14389,75.821256,SO2,4,8,6
India,Rajasthan,Nagaur,"Karni Colony, Nagaur - RSPCB","31-08-2026 05:00:00",27.213494,73.734444,PM2.5,7,38,24
India,Rajasthan,Nagaur,"Karni Colony, Nagaur - RSPCB","31-08-2026 05:00:00",27.213494,73.734444,OZONE,17,31,24
India,Rajasthan,Pali,"Indira Colony Vistar, Pali - RSPCB","31-08-2026 05:00:00",25.771061,73.340227,SO2,9,14,11
India,Rajasthan,Rajsamand,"Dhoinda, Rajsamand - RSPCB","31-08-2026 05:00:00",25.03636,73.883502,NH3,6,7,7
India,Rajasthan,"Sawai Madhopur","Sahu Nagar, Sawai Madhopur - RSPCB","31-08-2026 05:00:00",26.031443,76.359327,PM2.5,21,71,43
India,Rajasthan,"Sawai Madhopur","Sahu Nagar, Sawai Madhopur - RSPCB","31-08-2026 05:00:00",26.031443,76.359327,NO2,10,31,15
India,Rajasthan,"Sawai Madhopur","Sahu Nagar, Sawai Madhopur - RSPCB","31-08-2026 05:00:00",26.031443,76.359327,NH3,2,4,3
India,Rajasthan,"Sawai Madhopur","Sahu Nagar, Sawai Madhopur - RSPCB","31-08-2026 05:00:00",26.031443,76.359327,CO,25,33,28
India,Rajasthan,"Sawai Madhopur","Sahu Nagar, Sawai Madhopur - RSPCB","31-08-2026 05:00:00",26.031443,76.359327,OZONE,35,52,44
India,Rajasthan,Sikar,"Radhakishan Pura, Sikar - RSPCB","31-08-2026 05:00:00",27.608912,75.153302,PM2.5,37,70,56
India,Rajasthan,Sikar,"Radhakishan Pura, Sikar - RSPCB","31-08-2026 05:00:00",27.608912,75.153302,PM10,109,139,124
India,Rajasthan,"Sri Ganganagar","Old City, Sri Ganganagar - RSPCB","31-08-2026 05:00:00",29.931624,73.864511,PM10,67,178,125
India,"Uttar Pradesh",Bulandshahr,"Yamunapuram, Bulandshahr - UPPCB","31-08-2026 05:00:00",28.406963,77.849831,CO,24,57,34
India,"Uttar Pradesh",Firozabad,"Nagla Bhau, Firozabad - UPPCB","31-08-2026 05:00:00",27.168897,78.37696,PM10,32,130,50
India,"Uttar Pradesh",Firozabad,"Nagla Bhau, Firozabad - UPPCB","31-08-2026 05:00:00",27.168897,78.37696,CO,23,25,24
India,"Uttar Pradesh",Ghaziabad,"Ved Vihar-Loni, Ghaziabad - UPPCB","31-08-2026 05:00:00",28.739153,77.273668,NO2,21,44,29
India,"Uttar Pradesh",Hapur,"Anand Vihar, Hapur - UPPCB","31-08-2026 05:00:00",28.725645,77.749675,NH3,9,10,9
India,"Uttar Pradesh",Hapur,"Anand Vihar, Hapur - UPPCB","31-08-2026 05:00:00",28.725645,77.749675,OZONE,5,13,8
India,"Uttar Pradesh",Jhansi,"Shivaji Nagar, Jhansi - UPPCB","31-08-2026 05:00:00",25.4547,78.6039,NH3,4,4,4
India,"Uttar Pradesh",Kanpur,"FTI Kidwai Nagar, Kanpur - UPPCB","31-08-2026 05:00:00",26.428282,80.327067,NO2,26,27,27
India,"Uttar Pradesh",Kanpur,"Nehru Nagar, Kanpur - UPPCB","31-08-2026 05:00:00",26.4703136,80.3229863,PM10,21,58,37
India,"Uttar Pradesh",Khora,"Prashant Garden, Khora - UPPCB","31-08-2026 05:00:00",28.61119,77.34206,NO2,19,27,22
India,"Uttar Pradesh",Khora,"Prashant Garden, Khora - UPPCB","31-08-2026 05:00:00",28.61119,77.34206,CO,57,59,59
India,"Uttar Pradesh",Khurja,"Kalindi Kunj, Khurja - UPPCB","31-08-2026 05:00:00",28.2348927,77.8683002,NH3,1,1,1
India,"Uttar Pradesh",Lucknow,"Talkatora District Industries Center, Lucknow - CPCB","31-08-2026 05:00:00",26.83399722,80.8917361,PM2.5,14,32,22
India,"Uttar Pradesh",Lucknow,"Talkatora District Industries Center, Lucknow - CPCB","31-08-2026 05:00:00",26.83399722,80.8917361,OZONE,8,19,11
India,"Uttar Pradesh",Lucknow,"B R Ambedkar University, Lucknow - UPPCB","31-08-2026 05:00:00",26.766433,80.927299,CO,22,25,24
India,"Uttar Pradesh",Lucknow,"Lalbagh, Lucknow - CPCB","31-08-2026 05:00:00",26.8458805,80.9365541,NH3,11,20,16
India,"Uttar Pradesh",Lucknow,"Lalbagh, Lucknow - CPCB","31-08-2026 05:00:00",26.8458805,80.9365541,OZONE,6,31,20
India,"Uttar Pradesh",Lucknow,"Kukrail Picnic Spot-1, Lucknow - UPPCB","31-08-2026 05:00:00",26.90723,80.98579,PM2.5,21,38,29
India,"Uttar Pradesh",Meerut,"Jai Bhim Nagar, Meerut - UPPCB","31-08-2026 05:00:00",28.9535882,77.7622941,PM2.5,13,61,34
India,"Uttar Pradesh",Meerut,"MIET College, Meerut - UPPCB","31-08-2026 05:00:00",28.972677,77.641018,PM2.5,45,334,104
India,"Uttar Pradesh",Meerut,"MIET College, Meerut - UPPCB","31-08-2026 05:00:00",28.972677,77.641018,NH3,3,8,5
India,"Uttar Pradesh",Meerut,"Pallavpuram Phase 2, Meerut - UPPCB","31-08-2026 05:00:00",29.06351,77.709723,NO2,14,55,27
India,"Uttar Pradesh",Meerut,"Pallavpuram Phase 2, Meerut - UPPCB","31-08-2026 05:00:00",29.06351,77.709723,CO,14,45,27
India,"Uttar Pradesh",Moradabad,"Eco Herbal Park, Moradabad - UPPCB","31-08-2026 05:00:00",28.840739,78.697531,OZONE,10,43,19
India,"Uttar Pradesh",Moradabad,"Jigar Colony, Moradabad - UPPCB","31-08-2026 05:00:00",28.856664,78.772638,SO2,37,97,55
India,"Uttar Pradesh",Moradabad,"Transport Nagar, Moradabad - UPPCB","31-08-2026 05:00:00",28.802625,78.753728,PM10,65,125,89
India,"Uttar Pradesh",Moradabad,"Transport Nagar, Moradabad - UPPCB","31-08-2026 05:00:00",28.802625,78.753728,NH3,5,5,5
India,"Uttar Pradesh",Moradabad,"Kashiram Nagar, Moradabad - UPPCB","31-08-2026 05:00:00",28.849399,78.742362,NH3,4,4,4
India,"Uttar Pradesh",Moradabad,"Employment Office, Moradabad - UPPCB","31-08-2026 05:00:00",28.88528,78.7388,PM2.5,43,94,59
India,"Uttar Pradesh",Moradabad,"Employment Office, Moradabad - UPPCB","31-08-2026 05:00:00",28.88528,78.7388,NO2,23,24,23
India,"Uttar Pradesh",Muzaffarnagar,"New Mandi, Muzaffarnagar - UPPCB","31-08-2026 05:00:00",29.4723508,77.7194031,OZONE,10,27,16
India,"Uttar Pradesh",Noida,"Sector - 62, Noida - IITM","31-08-2026 05:00:00",28.6245479,77.3577104,PM2.5,36,148,64
India,"Uttar Pradesh",Noida,"Sector - 62, Noida - IITM","31-08-2026 05:00:00",28.6245479,77.3577104,PM10,82,204,119
India,"Uttar Pradesh",Noida,"Sector - 62, Noida - IITM","31-08-2026 05:00:00",28.6245479,77.3577104,NO2,2,45,19
India,"Uttar Pradesh",Noida,"Sector - 62, Noida - IITM","31-08-2026 05:00:00",28.6245479,77.3577104,OZONE,16,21,19
India,"Uttar Pradesh",Noida,"Sector-116, Noida - UPPCB","31-08-2026 05:00:00",28.56923,77.393848,PM10,113,210,155
India,"Uttar Pradesh",Noida,"Sector-116, Noida - UPPCB","31-08-2026 05:00:00",28.56923,77.393848,NH3,9,12,11
India,"Uttar Pradesh",Prayagraj,"Motilal Nehru NIT, Prayagraj - UPPCB","31-08-2026 05:00:00",25.494,81.863,PM10,17,60,37
India,"Uttar Pradesh",Prayagraj,"Nagar Nigam, Prayagraj - UPPCB","31-08-2026 05:00:00",25.44919916,81.82735986,NO2,5,5,5
India,"Uttar Pradesh",Raebareli," Indira Nagar, Raebareli - NTPC Unchahar","31-08-2026 05:00:00",26.207781,81.245571,NH3,8,15,11
India,"Uttar Pradesh",Raebareli," Indira Nagar, Raebareli - NTPC Unchahar","31-08-2026 05:00:00",26.207781,81.245571,SO2,NA,NA,NA
India,"Uttar Pradesh",Raebareli," Indira Nagar, Raebareli - NTPC Unchahar","31-08-2026 05:00:00",26.207781,81.245571,CO,NA,NA,NA
India,"Uttar Pradesh",Shamli,"New Tehsil, Shamli - UPPCB","31-08-2026 05:00:00",29.4603683,77.3410291,PM10,77,121,108
India,"Uttar Pradesh",Shamli,"New Tehsil, Shamli - UPPCB","31-08-2026 05:00:00",29.4603683,77.3410291,NH3,1,1,1
India,"Uttar Pradesh",Varanasi,"Bhelupur, Varanasi - UPPCB","31-08-2026 05:00:00",25.301778,82.996789,PM2.5,10,83,29
India,"Uttar Pradesh",Varanasi,"Bhelupur, Varanasi - UPPCB","31-08-2026 05:00:00",25.301778,82.996789,NH3,1,1,1
India,"Uttar Pradesh",Varanasi,"Maldahiya, Varanasi - UPPCB","31-08-2026 05:00:00",25.32393,82.99687,NO2,2,4,3
India,"Uttar Pradesh",Varanasi,"Maldahiya, Varanasi - UPPCB","31-08-2026 05:00:00",25.32393,82.99687,NH3,0,0,0
India,"Uttar Pradesh",Varanasi,"Maldahiya, Varanasi - UPPCB","31-08-2026 05:00:00",25.32393,82.99687,SO2,30,30,30
India,"Uttar Pradesh",Varanasi,"Ardhali Bazar, Varanasi - UPPCB","31-08-2026 05:00:00",25.3505986,82.9083074,SO2,5,6,5
India,"Uttar Pradesh",Varanasi,"IESD Banaras Hindu University, Varanasi - UPPCB","31-08-2026 05:00:00",25.262326,82.995408,PM10,15,41,28
India,"Uttar Pradesh",Varanasi,"IESD Banaras Hindu University, Varanasi - UPPCB","31-08-2026 05:00:00",25.262326,82.995408,NO2,2,2,2
India,"Uttar Pradesh",Varanasi,"IESD Banaras Hindu University, Varanasi - UPPCB","31-08-2026 05:00:00",25.262326,82.995408,OZONE,1,2,1
India,"Uttar Pradesh",Vrindavan,"Omex Eternity, Vrindavan - UPPCB","31-08-2026 05:00:00",27.571409,77.655757,NO2,27,27,27
India,Uttarakhand,Dehradun,"Doon University, Dehradun - UKPCB","31-08-2026 05:00:00",30.269444,78.044167,NH3,NA,NA,NA
India,Uttarakhand,Kashipur,"Govt. Girls Inter College, Kashipur - UKPCB","31-08-2026 05:00:00",29.2124114,78.9611753,PM2.5,NA,NA,NA
India,Uttarakhand,Kashipur,"Govt. Girls Inter College, Kashipur - UKPCB","31-08-2026 05:00:00",29.2124114,78.9611753,NO2,NA,NA,NA
India,Uttarakhand,Kashipur,"Govt. Girls Inter College, Kashipur - UKPCB","31-08-2026 05:00:00",29.2124114,78.9611753,SO2,NA,NA,NA
India,Uttarakhand,Kashipur,"Govt. Girls Inter College, Kashipur - UKPCB","31-08-2026 05:00:00",29.2124114,78.9611753,CO,14,20,17
India,Uttarakhand,Kashipur,"Govt. Girls Inter College, Kashipur - UKPCB","31-08-2026 05:00:00",29.2124114,78.9611753,OZONE,NA,NA,NA
India,Uttarakhand,Rishikesh,"Shivaji Nagar, Rishikesh - UKPCB","31-08-2026 05:00:00",30.075911,78.2859547,NH3,8,8,8
India,Uttarakhand,Rishikesh,"Shivaji Nagar, Rishikesh - UKPCB","31-08-2026 05:00:00",30.075911,78.2859547,SO2,1,1,1
India,"West Bengal",Asansol,"Asansol Court Area, Asansol - WBPCB","31-08-2026 05:00:00",23.685297,86.945968,PM10,24,43,31
India,"West Bengal",Asansol,"Mahabir Colliery, Asansol - WBPCB","31-08-2026 05:00:00",23.618183,87.105718,PM10,6,44,30
India,"West Bengal",Asansol,"Trivenidevi Bhalotia College, Asansol - WBPCB","31-08-2026 05:00:00",23.616515,87.119133,OZONE,5,6,5
India,"West Bengal",Durgapur,"PCBL Residential Complex, Durgapur - WBPCB","31-08-2026 05:00:00",23.508764,87.35444,OZONE,NA,NA,NA
India,"West Bengal",Durgapur,"Mahishkapur Road_B-Zone, Durgapur - WBPCB","31-08-2026 05:00:00",23.567923,87.306843,PM2.5,0,29,11
India,"West Bengal",Durgapur,"Mahishkapur Road_B-Zone, Durgapur - WBPCB","31-08-2026 05:00:00",23.567923,87.306843,NO2,2,8,3
India,"West Bengal",Durgapur,"Womens College_City Center, Durgapur - WBPCB","31-08-2026 05:00:00",23.549395,87.300496,SO2,12,12,12
India,"West Bengal",Durgapur,"Womens College_City Center, Durgapur - WBPCB","31-08-2026 05:00:00",23.549395,87.300496,CO,21,44,27
India,"West Bengal",Howrah,"Belur Math, Howrah - WBPCB","31-08-2026 05:00:00",22.629801,88.352017,PM2.5,11,25,16
India,"West Bengal",Howrah,"Belur Math, Howrah - WBPCB","31-08-2026 05:00:00",22.629801,88.352017,PM10,18,38,26
India,"West Bengal",Howrah,"Botanical Garden, Howrah - WBPCB","31-08-2026 05:00:00",22.554954,88.292568,PM10,21,50,37
India,"West Bengal",Howrah,"Ghusuri, Howrah - WBPCB","31-08-2026 05:00:00",22.611968,88.347422,NO2,38,119,67
India,"West Bengal",Howrah,"Ghusuri, Howrah - WBPCB","31-08-2026 05:00:00",22.611968,88.347422,CO,20,29,22
India,"West Bengal",Howrah,"Padmapukur, Howrah - WBPCB","31-08-2026 05:00:00",22.5687319,88.2797276,PM2.5,12,23,17
India,"West Bengal",Howrah,"Padmapukur, Howrah - WBPCB","31-08-2026 05:00:00",22.5687319,88.2797276,NO2,15,50,29
India,"West Bengal",Howrah,"Padmapukur, Howrah - WBPCB","31-08-2026 05:00:00",22.5687319,88.2797276,OZONE,17,29,23
India,"West Bengal",Kolkata,"Bidhannagar, Kolkata - WBPCB","31-08-2026 05:00:00",22.58157048,88.41002457,NO2,13,15,14
India,"West Bengal",Kolkata,"Bidhannagar, Kolkata - WBPCB","31-08-2026 05:00:00",22.58157048,88.41002457,CO,21,25,22
India,"West Bengal",Kolkata,"Jadavpur, Kolkata - WBPCB","31-08-2026 05:00:00",22.49929,88.36917,NO2,24,62,36
India,"West Bengal",Kolkata,"Rabindra Bharati University, Kolkata - WBPCB","31-08-2026 05:00:00",22.627847,88.380669,PM2.5,18,40,24
India,"West Bengal",Kolkata,"Rabindra Bharati University, Kolkata - WBPCB","31-08-2026 05:00:00",22.627847,88.380669,PM10,29,50,38
India,"West Bengal",Kolkata,"Rabindra Bharati University, Kolkata - WBPCB","31-08-2026 05:00:00",22.627847,88.380669,CO,28,40,32
India,"West Bengal",Kolkata,"Fort William, Kolkata - WBPCB","31-08-2026 05:00:00",22.55664,88.342674,NO2,12,20,15
India,"West Bengal",Kolkata,"Rabindra Sarobar, Kolkata - WBPCB","31-08-2026 05:00:00",22.51106,88.35142,NH3,5,6,6
India,"West Bengal",Kolkata,"Victoria, Kolkata - WBPCB","31-08-2026 05:00:00",22.5448082,88.3403691,OZONE,10,16,12
India,"West Bengal",Siliguri,"Ward-32 Bapupara, Siliguri - WBPCB","31-08-2026 05:00:00",26.6879226,88.4152495,NO2,23,30,27
India,Chhattisgarh,Bilaspur,"Mangala, Bilaspur - NTPC","31-08-2026 05:00:00",22.08815,82.13737,PM10,19,66,42
India,Chhattisgarh,Bilaspur,"Mangala, Bilaspur - NTPC","31-08-2026 05:00:00",22.08815,82.13737,SO2,8,12,10
India,Chhattisgarh,Chhal,"Nawapara SECL Colony, Chhal - CECB","31-08-2026 05:00:00",22.118125,83.140608,NO2,4,17,11
India,Chhattisgarh,Chhal,"Nawapara SECL Colony, Chhal - CECB","31-08-2026 05:00:00",22.118125,83.140608,NH3,2,2,2
India,Chhattisgarh,Korba,"Urja Nagar, Korba - CECB","31-08-2026 05:00:00",22.348441,82.549611,NO2,3,5,4
India,Chhattisgarh,Korba,"Urja Nagar, Korba - CECB","31-08-2026 05:00:00",22.348441,82.549611,SO2,8,15,12
India,Chhattisgarh,Kunjemura,"OP Jindal School, Kunjemura - CECB","31-08-2026 05:00:00",22.12665,83.483212,PM10,20,61,37
India,Chhattisgarh,Kunjemura,"OP Jindal School, Kunjemura - CECB","31-08-2026 05:00:00",22.12665,83.483212,NH3,2,2,2
India,Chhattisgarh,Kunjemura,"OP Jindal School, Kunjemura - CECB","31-08-2026 05:00:00",22.12665,83.483212,CO,19,21,20
India,Chhattisgarh,Kunjemura,"OP Jindal School, Kunjemura - CECB","31-08-2026 05:00:00",22.12665,83.483212,OZONE,3,5,4
India,Chhattisgarh,Milupara,"Govt. Higher Secondary School, Milupara - CECB","31-08-2026 05:00:00",22.1910172,83.5197009,SO2,12,14,13
India,Chhattisgarh,Raipur,"Krishak Nagar, Raipur - CECB","31-08-2026 05:00:00",21.237755,81.705301,SO2,5,8,6
India,Chhattisgarh,Raipur,"Krishak Nagar, Raipur - CECB","31-08-2026 05:00:00",21.237755,81.705301,CO,12,16,13
India,Chhattisgarh,Raipur,"Bhatagaon New ISBT, Raipur - CECB","31-08-2026 05:00:00",21.219665,81.630094,SO2,3,4,3
India,Chhattisgarh,Raipur,"Bhatagaon New ISBT, Raipur - CECB","31-08-2026 05:00:00",21.219665,81.630094,CO,21,39,30
India,Chhattisgarh,Raipur,"Bhatagaon New ISBT, Raipur - CECB","31-08-2026 05:00:00",21.219665,81.630094,OZONE,2,3,2
India,Chhattisgarh,Raipur,"Siltara Phase-II, Raipur - CECB","31-08-2026 05:00:00",21.371751,81.664929,PM2.5,25,53,36
India,Bihar,Patna,"Muradpur, Patna - BSPCB","31-08-2026 05:00:00",25.619651,85.147382,OZONE,4,22,10
India,Bihar,Purnia,"Mariam Nagar, Purnia - BSPCB","31-08-2026 05:00:00",25.366336,87.117468,PM10,NA,NA,NA
India,Bihar,Purnia,"Mariam Nagar, Purnia - BSPCB","31-08-2026 05:00:00",25.366336,87.117468,NH3,NA,NA,NA
India,Bihar,Siwan,"Chitragupta Nagar, Siwan - BSPCB","31-08-2026 05:00:00",26.2271665,84.3570427,SO2,2,5,4
India,Chandigarh,Chandigarh,"Sector 22, Chandigarh - CPCC","31-08-2026 05:00:00",30.735567,76.775714,PM2.5,3,75,33
India,Chandigarh,Chandigarh,"Sector 22, Chandigarh - CPCC","31-08-2026 05:00:00",30.735567,76.775714,SO2,4,6,5
India,Chandigarh,Chandigarh,"Sector 22, Chandigarh - CPCC","31-08-2026 05:00:00",30.735567,76.775714,OZONE,3,8,6
India,Chandigarh,Chandigarh,"Sector-25, Chandigarh - CPCC","31-08-2026 05:00:00",30.751462,76.762879,PM2.5,26,71,45
India,Chandigarh,Chandigarh,"Sector-25, Chandigarh - CPCC","31-08-2026 05:00:00",30.751462,76.762879,OZONE,7,22,15
India,Chhattisgarh,Bhilai,"32Bungalows, Bhilai - CECB","31-08-2026 05:00:00",21.194815,81.31477,NH3,3,5,5
India,Chhattisgarh,Bhilai,"32Bungalows, Bhilai - CECB","31-08-2026 05:00:00",21.194815,81.31477,SO2,9,15,11
India,Chhattisgarh,Bhilai,"Civic Center, Bhilai - Bhilai Steel Plant","31-08-2026 05:00:00",21.185571,81.343175,PM2.5,3,22,11
India,Chhattisgarh,Bhilai,"Civic Center, Bhilai - Bhilai Steel Plant","31-08-2026 05:00:00",21.185571,81.343175,NH3,1,2,1
India,Bihar,Motihari,"Gandak Colony, Motihari - BSPCB","31-08-2026 05:00:00",26.63086,84.90051,NH3,1,1,1
India,Bihar,Motihari,"Gandak Colony, Motihari - BSPCB","31-08-2026 05:00:00",26.63086,84.90051,CO,11,14,13
India,Bihar,Munger,"Town Hall, Munger - BSPCB","31-08-2026 05:00:00",25.376776,86.471523,CO,34,38,36
India,Bihar,Muzaffarpur,"MIT-Daudpur Kothi, Muzaffarpur - BSPCB","31-08-2026 05:00:00",26.1403345,85.3650192,PM10,21,45,29
India,Bihar,Patna,"Govt. High School Shikarpur, Patna - BSPCB","31-08-2026 05:00:00",25.592539,85.227158,PM2.5,38,46,41
India,Bihar,Patna,"Govt. High School Shikarpur, Patna - BSPCB","31-08-2026 05:00:00",25.592539,85.227158,NO2,5,6,6
India,Bihar,Patna,"DRM Office Danapur, Patna - BSPCB","31-08-2026 05:00:00",25.586562,85.043586,NH3,8,9,9
India,Bihar,Patna,"DRM Office Danapur, Patna - BSPCB","31-08-2026 05:00:00",25.586562,85.043586,CO,27,40,32
India,Bihar,Patna,"DRM Office Danapur, Patna - BSPCB","31-08-2026 05:00:00",25.586562,85.043586,OZONE,18,86,35
India,Bihar,Patna,"Muradpur, Patna - BSPCB","31-08-2026 05:00:00",25.619651,85.147382,PM2.5,45,50,47
India,Bihar,Patna,"Muradpur, Patna - BSPCB","31-08-2026 05:00:00",25.619651,85.147382,NH3,4,5,5
India,Bihar,Bhagalpur,"Mayaganj, Bhagalpur - BSPCB","31-08-2026 05:00:00",25.265194,87.012947,SO2,NA,NA,NA
India,Bihar,Bhagalpur,"DM Office_Kachari Chowk, Bhagalpur - BSPCB","31-08-2026 05:00:00",25.251013,86.989001,PM10,24,500,121
India,Bihar,"Bihar Sharif","D M Colony, Bihar Sharif - BSPCB","31-08-2026 05:00:00",25.204762,85.51496,OZONE,1,1,1
India,Bihar,Chhapra,"Darshan Nagar, Chhapra - BSPCB","31-08-2026 05:00:00",25.7808257,84.7446768,SO2,27,30,29
India,Bihar,Gaya,"SFTI Kusdihra, Gaya - BSPCB","31-08-2026 05:00:00",24.762518,84.982348,CO,16,20,18
India,Bihar,Gaya,"Kareemganj, Gaya - BSPCB","31-08-2026 05:00:00",24.792403,84.992416,SO2,41,44,43
India,Bihar,Hajipur,"Industrial Area, Hajipur - BSPCB","31-08-2026 05:00:00",25.697189,85.2459,PM2.5,17,46,28
India,Bihar,Hajipur,"Industrial Area, Hajipur - BSPCB","31-08-2026 05:00:00",25.697189,85.2459,PM10,49,62,54
India,Bihar,Katihar,"Mirchaibari, Katihar - BSPCB","31-08-2026 05:00:00",25.560083,87.553265,SO2,18,26,23
India,"Andhra Pradesh",Kakinada,"Rama Rao Peta, Kakinada - APPCB","31-08-2026 05:00:00",16.962488,82.229513,NO2,29,59,44
India,"Andhra Pradesh",Machilipatnam,"Srinivas Nagar Colony, Machilipatnam - APPCB","31-08-2026 05:00:00",16.186555,81.13219,PM2.5,47,55,49
India,"Andhra Pradesh",Machilipatnam,"Srinivas Nagar Colony, Machilipatnam - APPCB","31-08-2026 05:00:00",16.186555,81.13219,NO2,25,53,34
India,"Andhra Pradesh",Machilipatnam,"Srinivas Nagar Colony, Machilipatnam - APPCB","31-08-2026 05:00:00",16.186555,81.13219,SO2,4,19,12
India,"Andhra Pradesh",Nellore,"Ambedkar Nagar, Nellore - APPCB ","31-08-2026 05:00:00",14.438164,79.966814,PM10,53,73,58
India,"Andhra Pradesh",Nellore,"Ambedkar Nagar, Nellore - APPCB ","31-08-2026 05:00:00",14.438164,79.966814,CO,32,32,32
India,"Andhra Pradesh",Rajamahendravaram,"Anand Kala Kshetram, Rajamahendravaram - APPCB","31-08-2026 05:00:00",16.9872867,81.7363176,NH3,2,3,2
India,"Andhra Pradesh",Srikakulam,"Chinna Bharatham Colony, Srikakulam - APPCB","31-08-2026 05:00:00",18.292191,83.897173,PM2.5,29,51,40
India,Chhattisgarh,Raipur,"AIIMS, Raipur - CECB","31-08-2026 05:00:00",21.258815,81.578979,NH3,2,2,2
India,Chhattisgarh,Tumidih,"OP Jindal Industrial Park, Tumidih - CECB","31-08-2026 05:00:00",22.06631475,83.33820077,PM2.5,NA,NA,NA
India,Chhattisgarh,Tumidih,"OP Jindal Industrial Park, Tumidih - CECB","31-08-2026 05:00:00",22.06631475,83.33820077,CO,18,25,20
India,Delhi,Delhi,"Cantonment Area, Delhi - DPCC","31-08-2026 05:00:00",28.594169,77.1251,PM2.5,8,44,22
India,Delhi,Delhi,"Major Dhyan Chand National Stadium, Delhi - DPCC","31-08-2026 05:00:00",28.611281,77.237738,PM10,66,135,103
India,Delhi,Delhi,"Major Dhyan Chand National Stadium, Delhi - DPCC","31-08-2026 05:00:00",28.611281,77.237738,SO2,19,20,20
India,Delhi,Delhi,"Bawana, Delhi - DPCC","31-08-2026 05:00:00",28.7762,77.051074,CO,55,55,55
India,Delhi,Delhi,"Okhla Phase-2, Delhi - DPCC","31-08-2026 05:00:00",28.530785,77.271255,SO2,10,14,12
India,Assam,Silchar,"Tarapur, Silchar - PCBA","31-08-2026 05:00:00",24.82827,92.79525,PM2.5,35,35,35
India,Assam,Silchar,"Tarapur, Silchar - PCBA","31-08-2026 05:00:00",24.82827,92.79525,NH3,1,1,1
India,Assam,Silchar,"Tarapur, Silchar - PCBA","31-08-2026 05:00:00",24.82827,92.79525,SO2,5,6,6
India,Assam,Sivasagar,"Girls College, Sivasagar - PCBA","31-08-2026 05:00:00",26.987634,94.636574,SO2,6,10,8
India,Assam,Sivasagar,"Girls College, Sivasagar - PCBA","31-08-2026 05:00:00",26.987634,94.636574,CO,22,25,23
India,Bihar,Araria,"Kharahiya Basti, Araria - BSPCB","31-08-2026 05:00:00",26.146529,87.454184,PM10,10,77,36
India,Bihar,Araria,"Kharahiya Basti, Araria - BSPCB","31-08-2026 05:00:00",26.146529,87.454184,SO2,17,23,20
India,Bihar,Aurangabad,"Gurdeo Nagar, Aurangabad - BSPCB","31-08-2026 05:00:00",24.75746,84.366208,NH3,NA,NA,NA
India,Bihar,Begusarai,"Lohiyanagar, Begusarai - BSPCB","31-08-2026 05:00:00",25.42742023,86.13886079,CO,1,6,4
India,Assam,Guwahati,"IITG, Guwahati - PCBA","31-08-2026 05:00:00",26.2028636,91.70046436,NH3,1,1,1
India,Assam,Guwahati,"IITG, Guwahati - PCBA","31-08-2026 05:00:00",26.2028636,91.70046436,SO2,32,33,32
India,Assam,Guwahati,"LGBI Airport, Guwahati - PCBA","31-08-2026 05:00:00",26.10887,91.589544,PM10,15,60,38
India,Assam,Guwahati,"LGBI Airport, Guwahati - PCBA","31-08-2026 05:00:00",26.10887,91.589544,NH3,3,4,4
India,Assam,Guwahati,"Railway Colony, Guwahati - PCBA","31-08-2026 05:00:00",26.181742,91.78063,NH3,1,1,1
India,Assam,Nagaon,"Christianpatty, Nagaon - PCBA","31-08-2026 05:00:00",26.349082,92.68449,NO2,1,1,1
India,Assam,Nagaon,"Christianpatty, Nagaon - PCBA","31-08-2026 05:00:00",26.349082,92.68449,CO,3,28,15
India,Assam,Nalbari,"Bata Chowk, Nalbari - PCBA","31-08-2026 05:00:00",26.446912,91.439057,PM2.5,21,94,62
India,Assam,Nalbari,"Bata Chowk, Nalbari - PCBA","31-08-2026 05:00:00",26.446912,91.439057,NO2,13,15,14
India,"Andhra Pradesh",Tirumala,"Toll Gate, Tirumala - APPCB","31-08-2026 05:00:00",13.67,79.35,NO2,20,60,42
India,"Andhra Pradesh",Tirupati,"Vaikuntapuram, Tirupati - APPCB","31-08-2026 05:00:00",13.615387,79.40923,NO2,22,30,26
India,"Andhra Pradesh",Vijayawada,"Rajiv Nagar, Vijayawada - APPCB","31-08-2026 05:00:00",16.554731,80.64911,PM10,60,74,69
India,"Andhra Pradesh",Vijayawada,"Rajiv Nagar, Vijayawada - APPCB","31-08-2026 05:00:00",16.554731,80.64911,CO,18,24,20
India,"Andhra Pradesh",Vijayawada,"Rajiv Gandhi Park, Vijayawada - APPCB","31-08-2026 05:00:00",16.509717,80.612222,PM10,48,96,62
India,"Andhra Pradesh",Vijayawada,"Rajiv Gandhi Park, Vijayawada - APPCB","31-08-2026 05:00:00",16.509717,80.612222,NO2,32,35,34
India,"Andhra Pradesh",Vijayawada,"Rajiv Gandhi Park, Vijayawada - APPCB","31-08-2026 05:00:00",16.509717,80.612222,SO2,10,14,11
India,"Andhra Pradesh",Chittoor,"Gangineni Cheruvu, Chittoor - APPCB","31-08-2026 05:00:00",13.20488,79.097889,PM2.5,49,56,52
India,"Andhra Pradesh",Chittoor,"Gangineni Cheruvu, Chittoor - APPCB","31-08-2026 05:00:00",13.20488,79.097889,NH3,6,7,6
India,"Andhra Pradesh",Chittoor,"Gangineni Cheruvu, Chittoor - APPCB","31-08-2026 05:00:00",13.20488,79.097889,CO,15,20,18
India,"Andhra Pradesh",Eluru,"District Court, Eluru - APPCB","31-08-2026 05:00:00",16.711754,81.092095,OZONE,13,16,15
India,"Andhra Pradesh",Guntur,"Rajendra Nagar North, Guntur - APPCB","31-08-2026 05:00:00",16.316553,80.413302,NO2,21,47,31
India,"Andhra Pradesh",Guntur,"Rajendra Nagar North, Guntur - APPCB","31-08-2026 05:00:00",16.316553,80.413302,NH3,4,9,6
India,Delhi,Delhi,"Patparganj, Delhi - DPCC","31-08-2026 05:00:00",28.623763,77.287209,CO,38,67,49
India,Delhi,Delhi,"Patparganj, Delhi - DPCC","31-08-2026 05:00:00",28.623763,77.287209,OZONE,10,16,13
India,Delhi,Delhi,"Jawaharlal Nehru Stadium, Delhi - DPCC","31-08-2026 05:00:00",28.58028,77.233829,PM10,78,156,118
India,Delhi,Delhi,"Jawaharlal Nehru Stadium, Delhi - DPCC","31-08-2026 05:00:00",28.58028,77.233829,NO2,9,85,25
India,Delhi,Delhi,"Jawaharlal Nehru Stadium, Delhi - DPCC","31-08-2026 05:00:00",28.58028,77.233829,SO2,12,18,15
India,Delhi,Delhi,"Jawaharlal Nehru Stadium, Delhi - DPCC","31-08-2026 05:00:00",28.58028,77.233829,CO,66,100,78
India,Delhi,Delhi,"Najafgarh, Delhi - DPCC","31-08-2026 05:00:00",28.570173,76.933762,PM2.5,2,47,19
India,Delhi,Delhi,"Najafgarh, Delhi - DPCC","31-08-2026 05:00:00",28.570173,76.933762,PM10,45,129,92
India,Delhi,Delhi,"Wazirpur, Delhi - DPCC","31-08-2026 05:00:00",28.699793,77.165453,PM10,126,422,229
India,Delhi,Delhi,"Wazirpur, Delhi - DPCC","31-08-2026 05:00:00",28.699793,77.165453,CO,39,84,58
India,Delhi,Delhi,"NSUT Jaffarpur, Delhi - DPCC","31-08-2026 05:00:00",28.594004,76.909423,PM10,63,126,104
India,Delhi,Delhi,"NSUT Jaffarpur, Delhi - DPCC","31-08-2026 05:00:00",28.594004,76.909423,NH3,0,1,1
India,Delhi,Delhi,"NSUT Jaffarpur, Delhi - DPCC","31-08-2026 05:00:00",28.594004,76.909423,CO,35,44,39
India,Delhi,Delhi,"Mundka, Delhi - DPCC","31-08-2026 05:00:00",28.684678,77.076574,OZONE,5,6,5
India,Delhi,Delhi,"Punjabi Bagh, Delhi - DPCC","31-08-2026 05:00:00",28.674045,77.131023,SO2,31,47,38
India,Delhi,Delhi,"Punjabi Bagh, Delhi - DPCC","31-08-2026 05:00:00",28.674045,77.131023,CO,27,41,33
India,Delhi,Delhi,"Ashok Vihar, Delhi - DPCC","31-08-2026 05:00:00",28.695381,77.181665,PM2.5,38,88,57
India,Delhi,Delhi,"Ashok Vihar, Delhi - DPCC","31-08-2026 05:00:00",28.695381,77.181665,PM10,95,176,132
India,Delhi,Delhi,"Ashok Vihar, Delhi - DPCC","31-08-2026 05:00:00",28.695381,77.181665,SO2,22,26,24
India,Delhi,Delhi,"R K Puram, Delhi - DPCC","31-08-2026 05:00:00",28.563262,77.186937,OZONE,9,15,13
India,Gujarat,Ahmedabad,"Rakhial, Ahmedabad - IITM","31-08-2026 05:00:00",23.016834,72.625775,NO2,16,51,30
India,Gujarat,Ahmedabad,"Rakhial, Ahmedabad - IITM","31-08-2026 05:00:00",23.016834,72.625775,OZONE,1,2,2
India,Gujarat,Ahmedabad,"Maninagar, Ahmedabad - GPCB","31-08-2026 05:00:00",23.002657,72.591912,SO2,12,24,19
India,Gujarat,Ahmedabad,"Maninagar, Ahmedabad - GPCB","31-08-2026 05:00:00",23.002657,72.591912,CO,9,93,45
India,Gujarat,Ahmedabad,"Chandkheda, Ahmedabad - IITM","31-08-2026 05:00:00",23.107969,72.574648,CO,1,21,5
India,Gujarat,Ahmedabad,"SAC ISRO Satellite, Ahmedabad - IITM","31-08-2026 05:00:00",23.023389,72.515201,PM10,31,90,56
India,Gujarat,Ahmedabad,"SAC ISRO Satellite, Ahmedabad - IITM","31-08-2026 05:00:00",23.023389,72.515201,CO,49,59,53
India,Gujarat,Ahmedabad,"SAC ISRO Satellite, Ahmedabad - IITM","31-08-2026 05:00:00",23.023389,72.515201,OZONE,1,5,2
India,Gujarat,Ahmedabad,"Gyaspur, Ahmedabad - IITM","31-08-2026 05:00:00",22.977134,72.553024,NH3,9,17,14
India,Gujarat,Ahmedabad,"Gyaspur, Ahmedabad - IITM","31-08-2026 05:00:00",22.977134,72.553024,CO,NA,NA,NA
India,Gujarat,Ahmedabad,"Raikhad, Ahmedabad - IITM","31-08-2026 05:00:00",23.020509,72.579261,PM10,41,339,94
India,Gujarat,Ahmedabad,"Raikhad, Ahmedabad - IITM","31-08-2026 05:00:00",23.020509,72.579261,NH3,2,3,2
India,Gujarat,Bhavnagar,"Vidhyanagar, Bhavnagar - Nexteng Enviro","31-08-2026 05:00:00",21.755417,72.139056,PM2.5,15,31,22
India,Gujarat,Bhavnagar,"Vidhyanagar, Bhavnagar - Nexteng Enviro","31-08-2026 05:00:00",21.755417,72.139056,PM10,43,70,55
India,Gujarat,Bhavnagar,"Vidhyanagar, Bhavnagar - Nexteng Enviro","31-08-2026 05:00:00",21.755417,72.139056,SO2,6,8,7
India,Gujarat,Gandhinagar,"Sector-10, Gandhinagar - GPCB","31-08-2026 05:00:00",23.221714,72.654328,PM2.5,NA,NA,NA
India,Haryana,Faridabad,"Sector 11, Faridabad - HSPCB","31-08-2026 05:00:00",28.376058,77.315741,NH3,8,9,8
India,Haryana,Faridabad,"Sector 30, Faridabad - HSPCB","31-08-2026 05:00:00",28.4417,77.3217,NO2,36,39,37
India,Haryana,Gurugram,"Teri Gram, Gurugram - HSPCB","31-08-2026 05:00:00",28.4275,77.1465,PM10,29,85,56
India,Haryana,Gurugram,"NISE Gwal Pahari, Gurugram - IITM","31-08-2026 05:00:00",28.422681,77.148944,OZONE,12,19,15
India,Haryana,Gurugram,"Sector-51, Gurugram - HSPCB","31-08-2026 05:00:00",28.4227,77.0667,SO2,6,9,7
India,Haryana,Gurugram,"Vikas Sadan, Gurugram - HSPCB","31-08-2026 05:00:00",28.4501238,77.0263051,PM2.5,24,61,40
India,Haryana,Gurugram,"Vikas Sadan, Gurugram - HSPCB","31-08-2026 05:00:00",28.4501238,77.0263051,CO,11,42,27
India,Haryana,Gurugram,"Vikas Sadan, Gurugram - HSPCB","31-08-2026 05:00:00",28.4501238,77.0263051,OZONE,3,15,9
India,Haryana,Hisar,"Urban Estate-II, Hisar - HSPCB","31-08-2026 05:00:00",29.14056,75.744941,NO2,18,20,19
India,Haryana,Hisar,"Urban Estate-II, Hisar - HSPCB","31-08-2026 05:00:00",29.14056,75.744941,NH3,7,8,8
India,Haryana,Jind,"Police Lines, Jind - HSPCB","31-08-2026 05:00:00",29.307814,76.337619,SO2,27,30,29
India,Haryana,Jind,"Police Lines, Jind - HSPCB","31-08-2026 05:00:00",29.307814,76.337619,OZONE,9,14,11
India,Haryana,Ambala,"Patti Mehar, Ambala - HSPCB","31-08-2026 05:00:00",30.379589,76.778328,SO2,69,82,76
India,Haryana,Ambala,"Patti Mehar, Ambala - HSPCB","31-08-2026 05:00:00",30.379589,76.778328,CO,10,36,21
India,Haryana,Bahadurgarh,"Arya Nagar, Bahadurgarh - HSPCB","31-08-2026 05:00:00",28.6701,76.9254,PM2.5,34,68,48
India,Haryana,Bahadurgarh,"Arya Nagar, Bahadurgarh - HSPCB","31-08-2026 05:00:00",28.6701,76.9254,NH3,7,9,8
India,Haryana,Bahadurgarh,"Arya Nagar, Bahadurgarh - HSPCB","31-08-2026 05:00:00",28.6701,76.9254,OZONE,35,42,39
India,Haryana,Bhiwani,"H.B. Colony, Bhiwani - HSPCB","31-08-2026 05:00:00",28.806223,76.141105,PM10,110,119,115
India,Haryana,"Charkhi Dadri","Mini Secretariat, Charkhi Dadri - HSPCB","31-08-2026 05:00:00",28.593883,76.270653,NH3,5,7,6
India,Haryana,Dharuhera,"Municipal Corporation Office, Dharuhera -  HSPCB","31-08-2026 05:00:00",28.2068,76.7997,PM10,12,41,25
India,Haryana,Faridabad,"New Industrial Town, Faridabad - HSPCB","31-08-2026 05:00:00",28.39072,77.30059,PM2.5,42,187,62
India,Haryana,Faridabad,"New Industrial Town, Faridabad - HSPCB","31-08-2026 05:00:00",28.39072,77.30059,PM10,56,169,104
India,Haryana,Faridabad,"New Industrial Town, Faridabad - HSPCB","31-08-2026 05:00:00",28.39072,77.30059,NO2,24,26,25
India,Delhi,Delhi,"Shadipur, Delhi - CPCB","31-08-2026 05:00:00",28.6514781,77.1473105,NO2,27,77,43
India,Delhi,Delhi,"Mandir Marg, Delhi - DPCC","31-08-2026 05:00:00",28.636429,77.201067,NH3,8,9,8
India,Delhi,Delhi,"Mandir Marg, Delhi - DPCC","31-08-2026 05:00:00",28.636429,77.201067,OZONE,5,9,6
India,Delhi,Delhi,"Pusa, Delhi - DPCC","31-08-2026 05:00:00",28.639652,77.146275,PM10,58,197,130
India,Delhi,Delhi,"Pusa, Delhi - DPCC","31-08-2026 05:00:00",28.639652,77.146275,NH3,0,10,6
India,Delhi,Delhi,"Chandni Chowk, Delhi - IITM","31-08-2026 05:00:00",28.656756,77.227234,NO2,10,23,15
India,Delhi,Delhi,"Chandni Chowk, Delhi - IITM","31-08-2026 05:00:00",28.656756,77.227234,OZONE,12,27,18
India,Delhi,Delhi,"DTU, Delhi - CPCB","31-08-2026 05:00:00",28.7500499,77.1112615,PM10,65,129,98
India,Delhi,Delhi,"DTU, Delhi - CPCB","31-08-2026 05:00:00",28.7500499,77.1112615,NO2,27,28,27
India,Delhi,Delhi,"DTU, Delhi - CPCB","31-08-2026 05:00:00",28.7500499,77.1112615,SO2,21,22,22
India,Delhi,Delhi,"DTU, Delhi - CPCB","31-08-2026 05:00:00",28.7500499,77.1112615,OZONE,11,16,13
India,Delhi,Delhi,"Dwarka-Sector 8, Delhi - DPCC ","31-08-2026 05:00:00",28.5710274,77.0719006,PM10,56,412,178
India,Delhi,Delhi,"Dwarka-Sector 8, Delhi - DPCC ","31-08-2026 05:00:00",28.5710274,77.0719006,OZONE,8,12,11
India,Gujarat,Gandhinagar,"IIPHG Lekawada, Gandhinagar - IITM","31-08-2026 05:00:00",23.243639,72.68994,SO2,2,4,3
India,Gujarat,Gandhinagar,"IIPHG Lekawada, Gandhinagar - IITM","31-08-2026 05:00:00",23.243639,72.68994,OZONE,4,8,6
India,Gujarat,Gandhinagar,"GIFT City, Gandhinagar - IITM","31-08-2026 05:00:00",23.163798,72.677768,CO,18,31,22
India,Gujarat,Mehsana,"Sadanand Nagar, Mehsana - Nexteng Enviro","31-08-2026 05:00:00",23.59315,72.372792,SO2,13,17,15
India,Gujarat,Mehsana,"Sadanand Nagar, Mehsana - Nexteng Enviro","31-08-2026 05:00:00",23.59315,72.372792,CO,40,40,40
India,Gujarat,Surat,"Katargam, Surat - Nexteng Enviro","31-08-2026 05:00:00",21.217779,72.834787,PM2.5,10,51,29
India,Gujarat,Vadodara,"Bapunagar, Vadodara - Nexteng Enviro","31-08-2026 05:00:00",22.320153,73.216285,NO2,11,12,11
India,Gujarat,Vatva,"Phase-4 GIDC, Vatva - GPCB","31-08-2026 05:00:00",22.969611,72.6435,PM2.5,26,176,82
India,Gujarat,Vatva,"Phase-4 GIDC, Vatva - GPCB","31-08-2026 05:00:00",22.969611,72.6435,PM10,56,126,96
India,Gujarat,Vatva,"Phase-4 GIDC, Vatva - GPCB","31-08-2026 05:00:00",22.969611,72.6435,SO2,12,31,22
India,Delhi,Delhi,"Aya Nagar, Delhi - IITM","31-08-2026 05:00:00",28.4706914,77.1099364,NO2,24,31,27
India,Delhi,Delhi,"CRRI Mathura Road, Delhi - IITM","31-08-2026 05:00:00",28.5512005,77.2735737,PM2.5,33,85,59
India,Delhi,Delhi,"CRRI Mathura Road, Delhi - IITM","31-08-2026 05:00:00",28.5512005,77.2735737,PM10,93,172,139
India,Delhi,Delhi,"Burari Crossing, Delhi - IITM","31-08-2026 05:00:00",28.7256504,77.2011573,NO2,19,21,20
India,Delhi,Delhi,"JNU, Delhi - DPCC","31-08-2026 05:00:00",28.540721,77.168544,PM2.5,26,92,47
India,Delhi,Delhi,"JNU, Delhi - DPCC","31-08-2026 05:00:00",28.540721,77.168544,SO2,NA,NA,NA
India,Delhi,Delhi,"Alipur, Delhi - DPCC","31-08-2026 05:00:00",28.815329,77.15301,CO,NA,NA,NA
India,Delhi,Delhi,"North Campus, DU, Delhi - IITM","31-08-2026 05:00:00",28.6573814,77.1585447,PM10,82,154,126
India,Delhi,Delhi,"North Campus, DU, Delhi - IITM","31-08-2026 05:00:00",28.6573814,77.1585447,CO,40,100,63
India,Delhi,Delhi,"IIT Delhi, Delhi - IITM","31-08-2026 05:00:00",28.54246,77.191651,NO2,9,44,21
India,Delhi,Delhi,"IIT Delhi, Delhi - IITM","31-08-2026 05:00:00",28.54246,77.191651,CO,15,32,21
India,Delhi,Delhi,"IGNOU_Maidan Garhi, Delhi - DPCC","31-08-2026 05:00:00",28.493624,77.201159,SO2,5,6,6
India,Delhi,Delhi,"Talkatora Garden, Delhi - DPCC","31-08-2026 05:00:00",28.62181,77.1944633,NO2,6,35,19
India,Delhi,Delhi,"NSIT Dwarka, Delhi - CPCB","31-08-2026 05:00:00",28.60909,77.0325413,PM10,52,106,88
India,Delhi,Delhi,"NSIT Dwarka, Delhi - CPCB","31-08-2026 05:00:00",28.60909,77.0325413,NO2,9,61,31
India,Delhi,Delhi,"NSIT Dwarka, Delhi - CPCB","31-08-2026 05:00:00",28.60909,77.0325413,NH3,6,9,7
India,Delhi,Delhi,"Rohini, Delhi - DPCC","31-08-2026 05:00:00",28.732528,77.11992,PM10,116,182,148
India,Delhi,Delhi,"Vivek Vihar, Delhi - DPCC","31-08-2026 05:00:00",28.672342,77.31526,SO2,5,9,7
India,Delhi,Delhi,"Vivek Vihar, Delhi - DPCC","31-08-2026 05:00:00",28.672342,77.31526,OZONE,9,15,12
India,Delhi,Delhi,"Jahangirpuri, Delhi - DPCC","31-08-2026 05:00:00",28.73282,77.170633,NO2,14,49,24
India,Delhi,Delhi,"Sri Aurobindo Marg, Delhi - DPCC","31-08-2026 05:00:00",28.531346,77.190156,OZONE,2,6,4
India,Delhi,Delhi,"Nehru Nagar, Delhi - DPCC","31-08-2026 05:00:00",28.56789,77.250515,PM2.5,15,88,46
India,Karnataka,Bengaluru,"Silk Board, Bengaluru - KSPCB","31-08-2026 05:00:00",12.917348,77.622813,PM2.5,26,97,69
India,Karnataka,Bengaluru,"Silk Board, Bengaluru - KSPCB","31-08-2026 05:00:00",12.917348,77.622813,PM10,40,130,98
India,Karnataka,Bengaluru,"Silk Board, Bengaluru - KSPCB","31-08-2026 05:00:00",12.917348,77.622813,NO2,16,18,17
India,Karnataka,Bengaluru,"Silk Board, Bengaluru - KSPCB","31-08-2026 05:00:00",12.917348,77.622813,SO2,18,23,21
India,Karnataka,Bengaluru,"Bapuji Nagar, Bengaluru - KSPCB","31-08-2026 05:00:00",12.951913,77.539784,NO2,20,25,22
India,Karnataka,Chamarajanagar,"Urban, Chamarajanagar - KSPCB","31-08-2026 05:00:00",11.55358,76.55521,PM2.5,16,31,26
India,Karnataka,Chamarajanagar,"Urban, Chamarajanagar - KSPCB","31-08-2026 05:00:00",11.55358,76.55521,CO,10,19,15
India,Karnataka,Chikkamagaluru,"Kalyana Nagara, Chikkamagaluru - KSPCB","31-08-2026 05:00:00",13.328028,75.797056,SO2,1,116,7
India,Karnataka,Dharwad,"Kalabhavan, Dharwad - KSPCB","31-08-2026 05:00:00",15.459706,75.008381,PM10,66,74,70
India,Karnataka,Dharwad,"Kalabhavan, Dharwad - KSPCB","31-08-2026 05:00:00",15.459706,75.008381,CO,30,43,37
India,Karnataka,Dharwad,"Kalabhavan, Dharwad - KSPCB","31-08-2026 05:00:00",15.459706,75.008381,OZONE,28,29,29
India,Karnataka,Gadag,"Panchal Nagar, Gadag - KSPCB","31-08-2026 05:00:00",15.411456,75.638133,PM10,71,88,78
India,Karnataka,Gadag,"Panchal Nagar, Gadag - KSPCB","31-08-2026 05:00:00",15.411456,75.638133,CO,38,94,65
India,Karnataka,Gadag,"Panchal Nagar, Gadag - KSPCB","31-08-2026 05:00:00",15.411456,75.638133,OZONE,18,22,20
India,Karnataka,Hubballi,"Lingaraj Nagar, Hubballi - KSPCB","31-08-2026 05:00:00",15.3714823,75.1160168,PM10,44,49,47
India,Karnataka,Hubballi,"Lingaraj Nagar, Hubballi - KSPCB","31-08-2026 05:00:00",15.3714823,75.1160168,OZONE,24,25,24
India,Karnataka,Kalaburagi,"Mahatma Basaveswar Colony, Kalaburgi - KSPCB","31-08-2026 05:00:00",17.336318,76.847397,NO2,10,17,12
India,Karnataka,Kalaburagi,"Mahatma Basaveswar Colony, Kalaburgi - KSPCB","31-08-2026 05:00:00",17.336318,76.847397,SO2,3,4,4
India,Karnataka,Madikeri,"Stuart Hill, Madikeri - KSPCB","31-08-2026 05:00:00",12.415911,75.73505,PM10,18,27,22
India,Karnataka,Mysuru,"Hebbal 1st Stage, Mysuru - KSPCB","31-08-2026 05:00:00",12.21041,76.37376,NO2,14,23,18
India,Karnataka,Ramanagara,"Vijay Nagar, Ramanagara - KSPCB","31-08-2026 05:00:00",12.733409,77.298051,PM10,26,71,39
India,Karnataka,Shivamogga,"Vinoba Nagara, Shivamogga - KSPCB","31-08-2026 05:00:00",13.94,75.555917,PM10,36,62,56
India,Karnataka,Shivamogga,"Vinoba Nagara, Shivamogga - KSPCB","31-08-2026 05:00:00",13.94,75.555917,OZONE,33,50,39
India,Karnataka,Yadgir,"Collector Office, Yadgir - KSPCB","31-08-2026 05:00:00",16.7602,77.1428,NH3,0,1,0
India,Kerala,Kannur,"Thavakkara, Kannur - Kerala PCB","31-08-2026 05:00:00",11.875,75.3732,SO2,0,0,0
India,Kerala,Kannur,"Thavakkara, Kannur - Kerala PCB","31-08-2026 05:00:00",11.875,75.3732,OZONE,27,27,27
India,Kerala,Thiruvananthapuram,"Plammoodu, Thiruvananthapuram - Kerala PCB","31-08-2026 05:00:00",8.5149093,76.9435879,PM2.5,9,19,13
India,Kerala,Thiruvananthapuram,"Plammoodu, Thiruvananthapuram - Kerala PCB","31-08-2026 05:00:00",8.5149093,76.9435879,PM10,14,29,20
India,"Madhya Pradesh",Jabalpur,"Govindh Bhavan Colony, Jabalpur - JMC","31-08-2026 05:00:00",23.163174,79.973061,OZONE,23,29,25
India,"Madhya Pradesh",Katni,"Gole Bazar, Katni - MPPCB","31-08-2026 05:00:00",23.50016,80.23284,NH3,2,3,2
India,"Madhya Pradesh",Katni,"Gole Bazar, Katni - MPPCB","31-08-2026 05:00:00",23.50016,80.23284,OZONE,18,20,19
India,"Madhya Pradesh",Maihar,"Sahilara, Maihar - KJS Cements","31-08-2026 05:00:00",24.2613009,80.7231783,CO,17,26,24
India,"Madhya Pradesh",Mandideep,"Sector-D Industrial Area, Mandideep - MPPCB","31-08-2026 05:00:00",23.10844,77.511428,PM10,69,114,95
India,"Madhya Pradesh",Mandideep,"Sector-D Industrial Area, Mandideep - MPPCB","31-08-2026 05:00:00",23.10844,77.511428,NO2,5,8,6
India,"Madhya Pradesh",Mandideep,"Sector-D Industrial Area, Mandideep - MPPCB","31-08-2026 05:00:00",23.10844,77.511428,NH3,5,6,5
India,"Madhya Pradesh",Sagar,"Civil Lines, Sagar - MPPCB","31-08-2026 05:00:00",23.838586,78.759431,NO2,6,15,9
India,"Madhya Pradesh",Sagar,"Civil Lines, Sagar - MPPCB","31-08-2026 05:00:00",23.838586,78.759431,NH3,2,2,2
India,"Madhya Pradesh",Satna,"Bandhavgar Colony, Satna - Birla Cement","31-08-2026 05:00:00",24.58434363,80.8549414,NO2,12,13,13
India,"Madhya Pradesh",Ujjain,"Mahashweta Nagar, Ujjain - MPPCB","31-08-2026 05:00:00",23.1633321,75.800225,NH3,8,13,10
India,Kerala,Thiruvananthapuram,"Plammoodu, Thiruvananthapuram - Kerala PCB","31-08-2026 05:00:00",8.5149093,76.9435879,NO2,2,4,3
India,Kerala,Thiruvananthapuram,"Plammoodu, Thiruvananthapuram - Kerala PCB","31-08-2026 05:00:00",8.5149093,76.9435879,NH3,1,1,1
India,Kerala,Thiruvananthapuram,"Kariavattom, Thiruvananthapuram - Kerala PCB","31-08-2026 05:00:00",8.5637,76.8865,PM10,26,124,59
India,"Madhya Pradesh",Bhopal,"Idgah Hills, Bhopal - MPPCB","31-08-2026 05:00:00",23.264759,77.381568,CO,3,21,11
India,"Madhya Pradesh",Bhopal,"Idgah Hills, Bhopal - MPPCB","31-08-2026 05:00:00",23.264759,77.381568,OZONE,11,22,19
India,"Madhya Pradesh",Bhopal,"T T Nagar, Bhopal - MPPCB","31-08-2026 05:00:00",23.233584,77.400574,PM2.5,21,53,37
India,"Madhya Pradesh",Bhopal,"T T Nagar, Bhopal - MPPCB","31-08-2026 05:00:00",23.233584,77.400574,NH3,5,6,6
India,"Madhya Pradesh",Bhopal,"T T Nagar, Bhopal - MPPCB","31-08-2026 05:00:00",23.233584,77.400574,CO,28,55,39
India,"Madhya Pradesh",Damoh,"Shrivastav Colony, Damoh - MPPCB","31-08-2026 05:00:00",23.81748678,79.446246,NH3,NA,NA,NA
India,"Madhya Pradesh",Damoh,"Shrivastav Colony, Damoh - MPPCB","31-08-2026 05:00:00",23.81748678,79.446246,SO2,43,58,50
India,"Madhya Pradesh",Dewas,"Bhopal Chauraha, Dewas - MPPCB","31-08-2026 05:00:00",22.9682591,76.064118,PM2.5,8,54,28
India,"Madhya Pradesh",Dewas,"Bhopal Chauraha, Dewas - MPPCB","31-08-2026 05:00:00",22.9682591,76.064118,NO2,47,82,61
India,Maharashtra,Akola,"Ramdaspeth, Akola - MPCB","31-08-2026 05:00:00",20.719516,77.000253,NH3,6,9,8
India,Maharashtra,Akola,"Ramdaspeth, Akola - MPCB","31-08-2026 05:00:00",20.719516,77.000253,SO2,3,9,7
India,Maharashtra,Akola,"Ramdaspeth, Akola - MPCB","31-08-2026 05:00:00",20.719516,77.000253,OZONE,11,16,13
India,Maharashtra,Ambernath,"Chinchpada, Ambernath - MPCB","31-08-2026 05:00:00",19.215784,73.199781,PM2.5,14,46,26
India,Maharashtra,Ambernath,"Chinchpada, Ambernath - MPCB","31-08-2026 05:00:00",19.215784,73.199781,NO2,15,40,24
India,Maharashtra,Ambernath,"Chinchpada, Ambernath - MPCB","31-08-2026 05:00:00",19.215784,73.199781,SO2,22,28,24
India,Maharashtra,Ambernath,"Chinchpada, Ambernath - MPCB","31-08-2026 05:00:00",19.215784,73.199781,CO,6,17,11
India,Maharashtra,Amravati,"Shri Shivaji Science College, Amravati - MPCB","31-08-2026 05:00:00",20.939198,77.765701,PM2.5,13,43,27
India,Maharashtra,Aurangabad,"MIDC Chilkalthana, Aurangabad - MPCB","31-08-2026 05:00:00",19.87562,75.38731,PM10,36,47,42
India,Maharashtra,Aurangabad,"Rachnakar Colony, Aurangabad - MPCB","31-08-2026 05:00:00",19.863756,75.321188,PM2.5,25,54,38
India,Maharashtra,Aurangabad,"More Chowk Waluj, Aurangabad - MPCB","31-08-2026 05:00:00",19.8389439,75.244448,PM10,46,55,51
India,Maharashtra,Aurangabad,"More Chowk Waluj, Aurangabad - MPCB","31-08-2026 05:00:00",19.8389439,75.244448,CO,37,89,67
India,"Madhya Pradesh",Gwalior,"Maharaj Bada, Gwalior - MPPCB","31-08-2026 05:00:00",26.200388,78.147714,NO2,12,29,21
India,"Madhya Pradesh",Gwalior,"City Center, Gwalior - MPPCB","31-08-2026 05:00:00",26.203442,78.193251,NH3,1,2,2
India,"Madhya Pradesh",Gwalior,"Deen Dayal Nagar, Gwalior - MPPCB","31-08-2026 05:00:00",26.259242,78.216432,PM10,52,113,86
India,"Madhya Pradesh",Gwalior,"Deen Dayal Nagar, Gwalior - MPPCB","31-08-2026 05:00:00",26.259242,78.216432,CO,55,64,59
India,"Madhya Pradesh",Indore,"Regional Park, Indore - IMC","31-08-2026 05:00:00",22.678,75.8559,PM2.5,8,25,19
India,"Madhya Pradesh",Indore,"Chhoti Gwaltoli, Indore - MPPCB","31-08-2026 05:00:00",22.431,75.5213,PM2.5,24,52,39
India,"Madhya Pradesh",Indore,"Chhoti Gwaltoli, Indore - MPPCB","31-08-2026 05:00:00",22.431,75.5213,NO2,52,76,61
India,"Madhya Pradesh",Indore,"Maguda Nagar, Indore - IMC","31-08-2026 05:00:00",22.7524,75.8872,PM10,NA,NA,NA
India,"Madhya Pradesh",Indore,"Residency Area, Indore - IMC","31-08-2026 05:00:00",22.7084,75.8815,NO2,NA,NA,NA
India,"Madhya Pradesh",Jabalpur,"Marhatal, Jabalpur - MPPCB","31-08-2026 05:00:00",23.168606,79.932247,OZONE,6,14,12
India,Haryana,Panipat,"Sector-18, Panipat - HSPCB","31-08-2026 05:00:00",29.432304,76.972765,OZONE,41,43,42
India,Haryana,Rohtak,"MD University, Rohtak - HSPCB","31-08-2026 05:00:00",28.52123,76.37138,PM2.5,57,72,64
India,Haryana,Rohtak,"MD University, Rohtak - HSPCB","31-08-2026 05:00:00",28.52123,76.37138,PM10,61,83,68
India,Haryana,Sirsa,"F-Block, Sirsa - HSPCB","31-08-2026 05:00:00",29.5364,75.0158,CO,81,101,92
India,Haryana,Sonipat,"Murthal, Sonipat - HSPCB","31-08-2026 05:00:00",29.0272,77.0621,PM10,31,83,64
India,Haryana,Sonipat,"Murthal, Sonipat - HSPCB","31-08-2026 05:00:00",29.0272,77.0621,NO2,6,8,7
India,"Himachal Pradesh",Baddi,"HIMUDA Complex Phase-1, Baddi - HPPCB","31-08-2026 05:00:00",30.943887,76.801991,PM2.5,7,257,90
India,"Himachal Pradesh",Baddi,"HIMUDA Complex Phase-1, Baddi - HPPCB","31-08-2026 05:00:00",30.943887,76.801991,NH3,3,11,5
India,"Jammu and Kashmir",Srinagar,"Rajbagh, Srinagar - JKPCC","31-08-2026 05:00:00",34.066206,74.81982,SO2,3,4,3
India,"Jammu and Kashmir",Srinagar,"Rajbagh, Srinagar - JKPCC","31-08-2026 05:00:00",34.066206,74.81982,CO,14,21,17
India,Haryana,Kaithal,"Rishi Nagar, Kaithal - HSPCB","31-08-2026 05:00:00",29.8006,76.4155,PM10,69,136,119
India,Haryana,Kaithal,"Rishi Nagar, Kaithal - HSPCB","31-08-2026 05:00:00",29.8006,76.4155,NO2,20,25,22
India,Haryana,Karnal,"Sector-12, Karnal - HSPCB","31-08-2026 05:00:00",29.6953,77.0027,NH3,6,12,8
India,Haryana,Karnal,"Sector-12, Karnal - HSPCB","31-08-2026 05:00:00",29.6953,77.0027,OZONE,11,13,12
India,Haryana,Kurukshetra,"Sector-7, Kurukshetra - HSPCB","31-08-2026 05:00:00",29.966942,76.875879,NH3,5,6,5
India,Haryana,Narnaul,"Shastri Nagar, Narnaul - HSPCB","31-08-2026 05:00:00",28.060249,76.113115,PM2.5,56,80,68
India,Haryana,Narnaul,"Shastri Nagar, Narnaul - HSPCB","31-08-2026 05:00:00",28.060249,76.113115,OZONE,10,15,12
India,Haryana,Palwal,"Shyam Nagar, Palwal - HSPCB","31-08-2026 05:00:00",28.1485564,77.3320667,NO2,23,25,24
India,Haryana,Panchkula,"Sector-6, Panchkula - HSPCB ","31-08-2026 05:00:00",30.7057778,76.8531805555555,NH3,NA,NA,NA
India,Haryana,Panchkula,"Sector-6, Panchkula - HSPCB ","31-08-2026 05:00:00",30.7057778,76.8531805555555,SO2,10,13,11
India,Haryana,Panchkula,"Sector-6, Panchkula - HSPCB ","31-08-2026 05:00:00",30.7057778,76.8531805555555,CO,18,20,19
India,Jharkhand,Jorapokhar,"Tata Stadium, Jorapokhar - JSPCB","31-08-2026 05:00:00",23.707909,86.41467,NH3,3,3,3
India,Karnataka,Bengaluru,"City Railway Station, Bengaluru - KSPCB","31-08-2026 05:00:00",12.9756843,77.5660749,SO2,9,10,9
India,Karnataka,Bengaluru,"City Railway Station, Bengaluru - KSPCB","31-08-2026 05:00:00",12.9756843,77.5660749,OZONE,NA,NA,NA
India,Karnataka,Bengaluru,"Jayanagar 5th Block, Bengaluru - KSPCB","31-08-2026 05:00:00",12.920984,77.584908,PM10,22,67,44
India,Karnataka,Bengaluru,"Peenya, Bengaluru - CPCB","31-08-2026 05:00:00",13.0270199,77.494094,PM10,53,69,62
India,Maharashtra,Pune,"Panchawati_Pashan, Pune - IITM","31-08-2026 05:00:00",18.536457,73.805454,PM10,40,62,49
India,Maharashtra,Pune,"Panchawati_Pashan, Pune - IITM","31-08-2026 05:00:00",18.536457,73.805454,NO2,5,10,7
India,Maharashtra,Pune,"Panchawati_Pashan, Pune - IITM","31-08-2026 05:00:00",18.536457,73.805454,OZONE,4,6,5
India,Maharashtra,Pune,"Savitribai Phule Pune University, Pune - MPCB","31-08-2026 05:00:00",18.547056,73.826908,PM10,25,41,32
India,Maharashtra,Pune,"Savitribai Phule Pune University, Pune - MPCB","31-08-2026 05:00:00",18.547056,73.826908,CO,28,38,32
India,Maharashtra,Sangli,"Vijay Nagar, Sangli - MPCB","31-08-2026 05:00:00",16.5038,74.3623,CO,1,12,9
India,Maharashtra,Sangli,"Vijay Nagar, Sangli - MPCB","31-08-2026 05:00:00",16.5038,74.3623,OZONE,13,16,15
India,Maharashtra,Satara,"Koyana Nagar, Satara - MPCB","31-08-2026 05:00:00",17.696651,74.003387,PM2.5,10,73,33
India,Maharashtra,Satara,"Koyana Nagar, Satara - MPCB","31-08-2026 05:00:00",17.696651,74.003387,NO2,1,14,6
India,Maharashtra,Satara,"Koyana Nagar, Satara - MPCB","31-08-2026 05:00:00",17.696651,74.003387,SO2,4,7,5
India,Maharashtra,Solapur,"Dnyaneshwar Nagar, Solapur - MPCB","31-08-2026 05:00:00",17.6336264,75.9132495,NH3,4,11,6
India,Maharashtra,Solapur,"Ratandeep Housing Society, Solapur - MPCB","31-08-2026 05:00:00",17.65439,75.90649,PM2.5,3,44,26
India,Maharashtra,Solapur,"Ratandeep Housing Society, Solapur - MPCB","31-08-2026 05:00:00",17.65439,75.90649,PM10,29,48,39
India,Maharashtra,Thane,"Upvan Fort, Thane - MPCB","31-08-2026 05:00:00",19.222279,72.957979,PM10,19,36,25
India,Maharashtra,Thane,"Kasarvadavali, Thane - MPCB","31-08-2026 05:00:00",19.26777,72.97182,PM2.5,19,55,34
India,Maharashtra,Thane,"Kasarvadavali, Thane - MPCB","31-08-2026 05:00:00",19.26777,72.97182,NH3,0,0,0
India,Maharashtra,Thane,"Kasarvadavali, Thane - MPCB","31-08-2026 05:00:00",19.26777,72.97182,OZONE,7,11,9
India,Maharashtra,Ulhasnagar,"Sidhi Vinayak Nagar, Ulhasnagar - MPCB","31-08-2026 05:00:00",19.235581,73.159121,OZONE,0,4,2
India,Maharashtra,Ulhasnagar,"Vithalwadi, Ulhasnagar - MPCB","31-08-2026 05:00:00",19.2307571,73.155192,PM2.5,8,32,17
India,Maharashtra,Pimpri-Chinchwad,"Bhosari, Pune - IITM","31-08-2026 05:00:00",18.640051,73.848956,CO,28,47,37
India,Maharashtra,Pimpri-Chinchwad,"Bhumkar Nagar, Pune - IITM","31-08-2026 05:00:00",18.60577,73.749976,NO2,16,20,18
India,Maharashtra,Pimpri-Chinchwad,"Bhumkar Nagar, Pune - IITM","31-08-2026 05:00:00",18.60577,73.749976,SO2,NA,NA,NA
India,Maharashtra,Pimpri-Chinchwad,"Thergaon, Pimpri Chinchwad - MPCB","31-08-2026 05:00:00",18.616318,73.765797,NO2,3,11,7
India,Maharashtra,Pimpri-Chinchwad,"Transport Nagar-Nigdi, Pune - IITM","31-08-2026 05:00:00",18.664282,73.763966,PM10,38,66,54
India,Maharashtra,Pimpri-Chinchwad,"Park Street Wakad, Pimpri Chinchwad - MPCB","31-08-2026 05:00:00",18.59051,73.77946,PM10,29,59,44
India,Maharashtra,Pimpri-Chinchwad,"Park Street Wakad, Pimpri Chinchwad - MPCB","31-08-2026 05:00:00",18.59051,73.77946,NO2,6,18,9
India,Maharashtra,Pimpri-Chinchwad,"Park Street Wakad, Pimpri Chinchwad - MPCB","31-08-2026 05:00:00",18.59051,73.77946,OZONE,13,15,14
India,Maharashtra,Pimpri-Chinchwad,"Savta Mali Nagar, Pimpri-Chinchwad - IITM","31-08-2026 05:00:00",18.614767,73.799516,NH3,NA,NA,NA
India,Maharashtra,Pimpri-Chinchwad,"Savta Mali Nagar, Pimpri-Chinchwad - IITM","31-08-2026 05:00:00",18.614767,73.799516,CO,18,35,28
India,Maharashtra,Pune,"Hadapsar, Pune - IITM","31-08-2026 05:00:00",18.501793,73.927532,PM2.5,27,67,42
India,Maharashtra,Pune,"Hadapsar, Pune - IITM","31-08-2026 05:00:00",18.501793,73.927532,NO2,6,10,7
India,Maharashtra,Pune,"Revenue Colony-Shivajinagar, Pune - IITM","31-08-2026 05:00:00",18.530085,73.849598,SO2,6,22,17
India,Maharashtra,Pune,"Mhada Colony, Pune - IITM","31-08-2026 05:00:00",18.57304,73.927715,OZONE,11,16,13
India,Maharashtra,Pune,"Dhankawadi, Pune - IITM","31-08-2026 05:00:00",18.459883,73.852193,PM2.5,11,42,23
India,Maharashtra,Pune,"Dhankawadi, Pune - IITM","31-08-2026 05:00:00",18.459883,73.852193,NO2,11,18,14
India,Maharashtra,Pune,"Dhankawadi, Pune - IITM","31-08-2026 05:00:00",18.459883,73.852193,SO2,NA,NA,NA
India,Maharashtra,Mumbai,"Worli, Mumbai - MPCB","31-08-2026 05:00:00",18.9936162,72.8128113,NO2,1,8,5
India,Maharashtra,Mumbai,"Mulund West, Mumbai - MPCB","31-08-2026 05:00:00",19.175,72.9419,PM10,NA,NA,NA
India,Maharashtra,Mumbai,"Mulund West, Mumbai - MPCB","31-08-2026 05:00:00",19.175,72.9419,CO,NA,NA,NA
India,Maharashtra,Mumbai,"Mulund West, Mumbai - MPCB","31-08-2026 05:00:00",19.175,72.9419,OZONE,NA,NA,NA
India,Maharashtra,Mumbai,"Kandivali West, Mumbai - BMC","31-08-2026 05:00:00",19.215859,72.831718,PM10,6,21,13
India,Maharashtra,Mumbai,"Kandivali West, Mumbai - BMC","31-08-2026 05:00:00",19.215859,72.831718,NO2,8,19,13
India,Maharashtra,Mumbai,"Kandivali West, Mumbai - BMC","31-08-2026 05:00:00",19.215859,72.831718,CO,5,18,10
India,Maharashtra,Mumbai,"Sewri, Mumbai - BMC","31-08-2026 05:00:00",19.000084,72.85673,CO,27,27,27
India,Maharashtra,Mumbai,"Malad West, Mumbai - IITM","31-08-2026 05:00:00",19.19709,72.82204,PM2.5,3,14,7
India,Maharashtra,Mumbai,"Borivali East, Mumbai - IITM","31-08-2026 05:00:00",19.23241,72.86895,PM10,27,65,41
India,Maharashtra,Mumbai,"Borivali East, Mumbai - IITM","31-08-2026 05:00:00",19.23241,72.86895,NO2,7,16,10
India,Maharashtra,Mumbai,"Borivali East, Mumbai - IITM","31-08-2026 05:00:00",19.23241,72.86895,NH3,2,2,2
India,Maharashtra,Mumbai,"Mazgaon, Mumbai - IITM","31-08-2026 05:00:00",18.96702,72.84214,PM2.5,10,26,14
India,Maharashtra,Mumbai,"Mazgaon, Mumbai - IITM","31-08-2026 05:00:00",18.96702,72.84214,CO,53,65,57
India,Maharashtra,Mumbai,"Mazgaon, Mumbai - IITM","31-08-2026 05:00:00",18.96702,72.84214,OZONE,13,16,15
India,Maharashtra,Mumbai,"Chakala-Andheri East, Mumbai - IITM","31-08-2026 05:00:00",19.11074,72.86084,PM2.5,8,29,21
India,Maharashtra,Mumbai,"Chakala-Andheri East, Mumbai - IITM","31-08-2026 05:00:00",19.11074,72.86084,PM10,32,71,53
India,Maharashtra,Mumbai,"Chakala-Andheri East, Mumbai - IITM","31-08-2026 05:00:00",19.11074,72.86084,NH3,1,2,1
India,Maharashtra,Mumbai,"Bandra Kurla Complex, Mumbai - IITM","31-08-2026 05:00:00",19.053536,72.84643,PM2.5,9,42,19
India,Maharashtra,Nagpur,"Ambazari, Nagpur - MPCB","31-08-2026 05:00:00",21.121801,79.04952,NH3,3,3,3
India,Maharashtra,Nagpur,"Ambazari, Nagpur - MPCB","31-08-2026 05:00:00",21.121801,79.04952,CO,10,22,16
India,Maharashtra,Nagpur,"Ambazari, Nagpur - MPCB","31-08-2026 05:00:00",21.121801,79.04952,OZONE,5,12,8
India,Maharashtra,Nanded,"Sneh Nagar, Nanded - MPCB","31-08-2026 05:00:00",19.173852,77.296291,NH3,0,3,2
India,Maharashtra,Nanded,"Sneh Nagar, Nanded - MPCB","31-08-2026 05:00:00",19.173852,77.296291,CO,21,27,24
India,Maharashtra,Nashik,"Gangapur Road, Nashik - MPCB","31-08-2026 05:00:00",20.0073285,73.7762427,PM2.5,5,29,16
India,Maharashtra,Nashik,"Gangapur Road, Nashik - MPCB","31-08-2026 05:00:00",20.0073285,73.7762427,CO,26,27,26
India,Maharashtra,Nashik,"Pandav Nagari, Nashik - MPCB","31-08-2026 05:00:00",19.9591346,73.7788008,PM2.5,6,23,14
India,Maharashtra,Nashik,"MIDC Ambad, Nashik - MPCB","31-08-2026 05:00:00",19.95022,73.73148,PM10,27,57,43
India,Maharashtra,Nashik,"MIDC Ambad, Nashik - MPCB","31-08-2026 05:00:00",19.95022,73.73148,SO2,0,4,2
India,Maharashtra,Nashik,"MIDC Ambad, Nashik - MPCB","31-08-2026 05:00:00",19.95022,73.73148,CO,15,17,16
India,Maharashtra,"Navi Mumbai","Kopripada-Vashi, Navi Mumbai - MPCB","31-08-2026 05:00:00",19.090337,73.014232,PM2.5,8,33,18
India,Maharashtra,"Navi Mumbai","Tondare-Taloja, Navi Mumbai - MPCB","31-08-2026 05:00:00",19.063,73.1209,OZONE,18,20,19
India,Maharashtra,"Navi Mumbai","Sanpada, Navi Mumbai - MPCB","31-08-2026 05:00:00",19.0575752,73.0151367,PM2.5,5,18,10
India,Maharashtra,"Navi Mumbai","Sanpada, Navi Mumbai - MPCB","31-08-2026 05:00:00",19.0575752,73.0151367,NH3,0,1,0
India,Maharashtra,Beed,"Bir, Beed - MPCB","31-08-2026 05:00:00",18.988474,75.753873,NH3,2,2,2
India,Maharashtra,Beed,"Bir, Beed - MPCB","31-08-2026 05:00:00",18.988474,75.753873,OZONE,10,19,14
India,Maharashtra,Belapur,"CBD Belapur, Belapur - MPCB","31-08-2026 05:00:00",19.0243902,73.0406721,PM2.5,20,40,30
India,Maharashtra,Belapur,"CBD Belapur, Belapur - MPCB","31-08-2026 05:00:00",19.0243902,73.0406721,PM10,30,59,44
India,Maharashtra,Chandrapur,"MIDC Khutala, Chandrapur - MPCB","31-08-2026 05:00:00",19.9775302,79.2337086,NH3,NA,NA,NA
India,Maharashtra,Chandrapur,"MIDC Khutala, Chandrapur - MPCB","31-08-2026 05:00:00",19.9775302,79.2337086,CO,35,42,39
India,Maharashtra,Chandrapur,"Chauhan Colony, Chandrapur - MPCB","31-08-2026 05:00:00",19.9629,79.298714,CO,24,26,25
India,Maharashtra,Dhule,"Deopur, Dhule - MPCB","31-08-2026 05:00:00",20.918946,74.776388,PM2.5,11,26,17
India,Maharashtra,Dhule,"Deopur, Dhule - MPCB","31-08-2026 05:00:00",20.918946,74.776388,PM10,15,36,22
India,Maharashtra,Dhule,"Deopur, Dhule - MPCB","31-08-2026 05:00:00",20.918946,74.776388,SO2,0,7,2
India,Maharashtra,Dhule,"Deopur, Dhule - MPCB","31-08-2026 05:00:00",20.918946,74.776388,OZONE,11,11,11
India,Maharashtra,Hingoli,"Ashta Vinayak Nagar, Hingoli - MPCB","31-08-2026 05:00:00",19.710842,77.151824,CO,4,22,10
India,Maharashtra,Jalgaon,"Prabhat Colony, Jalgaon - MPCB","31-08-2026 05:00:00",21.001264,75.565602,NH3,1,2,1
India,Maharashtra,Mumbai,"Bandra Kurla Complex, Mumbai - IITM","31-08-2026 05:00:00",19.053536,72.84643,SO2,2,7,4
India,Maharashtra,Mumbai,"Kurla, Mumbai - MPCB","31-08-2026 05:00:00",19.0863,72.8888,PM2.5,NA,NA,NA
India,Maharashtra,Mumbai,"Kurla, Mumbai - MPCB","31-08-2026 05:00:00",19.0863,72.8888,OZONE,28,29,28
India,Maharashtra,Mumbai,"Deonar, Mumbai - IITM","31-08-2026 05:00:00",19.04946,72.923,CO,6,23,13
India,Maharashtra,Mumbai,"Chhatrapati Shivaji Intl. Airport (T2), Mumbai - MPCB","31-08-2026 05:00:00",19.10078,72.87462,PM2.5,12,30,22
India,Maharashtra,Mumbai,"Powai, Mumbai - MPCB","31-08-2026 05:00:00",19.1375,72.915056,NO2,5,6,5
India,Maharashtra,Nagpur,"Mahal, Nagpur - MPCB","31-08-2026 05:00:00",21.14472,79.107595,NH3,2,5,3
India,Maharashtra,Nagpur,"Opp GPO Civil Lines, Nagpur - MPCB","31-08-2026 05:00:00",21.152875,79.0517531,PM2.5,17,50,31
India,Maharashtra,Nagpur,"Opp GPO Civil Lines, Nagpur - MPCB","31-08-2026 05:00:00",21.152875,79.0517531,PM10,19,49,38
India,Maharashtra,Nagpur,"Opp GPO Civil Lines, Nagpur - MPCB","31-08-2026 05:00:00",21.152875,79.0517531,NO2,16,16,16
India,Maharashtra,Malegaon,"Mahesh Nagar, Malegaon - MPCB","31-08-2026 05:00:00",20.555712,74.529236,SO2,0,2,1
India,Maharashtra,Mira-Bhayandar,"Bhayandar West, Mira-Bhayandar - MPCB","31-08-2026 05:00:00",19.296481,72.840923,SO2,3,4,3
India,Maharashtra,Mumbai,"Shivaji Nagar, Mumbai - BMC","31-08-2026 05:00:00",19.060498,72.923356,NH3,1,3,3
India,Maharashtra,Mumbai,"Bandra Kurla Complex, Mumbai - MPCB","31-08-2026 05:00:00",19.065931,72.862131,CO,20,23,22
India,Maharashtra,Mumbai,"Kherwadi_Bandra East, Mumbai - MPCB","31-08-2026 05:00:00",19.0632143,72.8456324,PM10,46,60,52
India,Maharashtra,Mumbai,"Kherwadi_Bandra East, Mumbai - MPCB","31-08-2026 05:00:00",19.0632143,72.8456324,SO2,0,4,3
India,Maharashtra,Mumbai,"Kherwadi_Bandra East, Mumbai - MPCB","31-08-2026 05:00:00",19.0632143,72.8456324,CO,29,35,32
India,Maharashtra,Mumbai,"Byculla, Mumbai - BMC","31-08-2026 05:00:00",18.9767,72.838,NH3,1,2,1
India,Maharashtra,Mumbai,"Byculla, Mumbai - BMC","31-08-2026 05:00:00",18.9767,72.838,SO2,0,5,2
India,Maharashtra,Jalgaon,"Prabhat Colony, Jalgaon - MPCB","31-08-2026 05:00:00",21.001264,75.565602,CO,15,25,21
India,Maharashtra,Kalyan,"Pimpleshwar Mandir, Kalyan - MPCB","31-08-2026 05:00:00",19.192056,72.9585188,PM10,43,52,46
India,Maharashtra,Kolhapur,"Shivaji University, Kolhapur - MPCB","31-08-2026 05:00:00",16.6870449,74.2505872,PM2.5,9,38,23
India,Maharashtra,Kolhapur,"Shivaji University, Kolhapur - MPCB","31-08-2026 05:00:00",16.6870449,74.2505872,PM10,10,43,28
India,Maharashtra,Kolhapur,"Shivaji University, Kolhapur - MPCB","31-08-2026 05:00:00",16.6870449,74.2505872,SO2,1,1,1
India,Maharashtra,Latur,"Sawe Wadi, Latur - MPCB","31-08-2026 05:00:00",18.39963,76.57452,NO2,5,25,9
India,Maharashtra,Latur,"Sawe Wadi, Latur - MPCB","31-08-2026 05:00:00",18.39963,76.57452,NH3,1,8,3
India,Maharashtra,Mahad,"Kamble Tarf Birwadi, Mahad - MPCB","31-08-2026 05:00:00",18.1023399,73.4783687,PM10,30,81,50
India,Maharashtra,"Navi Mumbai","Sector-2E Kalamboli, Navi Mumbai - MPCB","31-08-2026 05:00:00",19.02579,73.10297,NO2,5,11,8
India,Maharashtra,"Navi Mumbai","Sector-2E Kalamboli, Navi Mumbai - MPCB","31-08-2026 05:00:00",19.02579,73.10297,CO,11,15,12
India,Maharashtra,"Navi Mumbai","Nerul, Navi Mumbai - MPCB","31-08-2026 05:00:00",19.008751,73.01662,SO2,NA,NA,NA
India,Maharashtra,Parbhani,"Masoom Colony, Parbhani - MPCB","31-08-2026 05:00:00",19.265594,76.761463,PM10,12,49,30
India,Maharashtra,Parbhani,"Masoom Colony, Parbhani - MPCB","31-08-2026 05:00:00",19.265594,76.761463,NH3,2,4,3
India,Maharashtra,Pimpri-Chinchwad,"Gavalinagar, Pimpri Chinchwad - MPCB","31-08-2026 05:00:00",18.63673,73.82487,PM10,26,45,38
India,Maharashtra,Pimpri-Chinchwad,"Bhosari, Pune - IITM","31-08-2026 05:00:00",18.640051,73.848956,PM2.5,12,39,25
India,Rajasthan,Rajsamand,"Dhoinda, Rajsamand - RSPCB","31-08-2026 05:00:00",25.03636,73.883502,NO2,4,10,7
India,Rajasthan,Rajsamand,"Dhoinda, Rajsamand - RSPCB","31-08-2026 05:00:00",25.03636,73.883502,SO2,4,6,5
India,Rajasthan,"Sawai Madhopur","Sahu Nagar, Sawai Madhopur - RSPCB","31-08-2026 05:00:00",26.031443,76.359327,SO2,2,7,5
India,Rajasthan,Sirohi,"Vedhaynath Colony, Sirohi - RSPCB","31-08-2026 05:00:00",24.885261,72.857549,PM10,51,113,70
India,Rajasthan,"Sri Ganganagar","Old City, Sri Ganganagar - RSPCB","31-08-2026 05:00:00",29.931624,73.864511,CO,17,56,31
India,Rajasthan,Tonk,"Shastri Nagar, Tonk - RSPCB","31-08-2026 05:00:00",26.159933,75.780517,NH3,3,4,4
India,Rajasthan,Udaipur,"Ashok Nagar, Udaipur - RSPCB","31-08-2026 05:00:00",24.5886166,73.6321397,SO2,2,8,5
India,Rajasthan,Udaipur,"Ashok Nagar, Udaipur - RSPCB","31-08-2026 05:00:00",24.5886166,73.6321397,OZONE,4,21,9
India,Sikkim,Gangtok,"Zero Point GICI, Gangtok - SSPCB","31-08-2026 05:00:00",27.33853,88.614099,PM2.5,NA,NA,NA
India,Sikkim,Gangtok,"Zero Point GICI, Gangtok - SSPCB","31-08-2026 05:00:00",27.33853,88.614099,PM10,NA,NA,NA
India,Sikkim,Gangtok,"Zero Point GICI, Gangtok - SSPCB","31-08-2026 05:00:00",27.33853,88.614099,NO2,7,8,8
India,Sikkim,Gangtok,"Zero Point GICI, Gangtok - SSPCB","31-08-2026 05:00:00",27.33853,88.614099,NH3,1,12,1
India,"Tamil Nadu",Chennai,"Kodungaiyur, Chennai - TNPCB","31-08-2026 05:00:00",13.1278,80.2642,PM2.5,13,56,31
India,"Tamil Nadu",Chennai,"Kodungaiyur, Chennai - TNPCB","31-08-2026 05:00:00",13.1278,80.2642,CO,28,33,30
India,"Tamil Nadu",Chennai,"Kodungaiyur, Chennai - TNPCB","31-08-2026 05:00:00",13.1278,80.2642,OZONE,25,33,31
India,"Tamil Nadu",Chennai,"Arumbakkam, Chennai - TNPCB","31-08-2026 05:00:00",13.0664,80.2112,PM10,30,100,67
India,"Tamil Nadu",Chennai,"Arumbakkam, Chennai - TNPCB","31-08-2026 05:00:00",13.0664,80.2112,CO,NA,NA,NA
India,Punjab,Patiala,"Model Town, Patiala - PPCB","31-08-2026 05:00:00",30.349388,76.366642,OZONE,16,21,18
India,Punjab,Rupnagar,"Ratanpura, Rupnagar - Ambuja Cements","31-08-2026 05:00:00",31.0325454,76.5623046,PM10,10,49,29
India,Rajasthan,Ajmer,"Civil Lines,  Ajmer - RSPCB","31-08-2026 05:00:00",26.470859,74.646594,PM2.5,43,71,55
India,Rajasthan,Ajmer,"Civil Lines,  Ajmer - RSPCB","31-08-2026 05:00:00",26.470859,74.646594,NH3,5,6,6
India,Rajasthan,Baran,"Bamboliya, Baran - RSPCB","31-08-2026 05:00:00",25.106006,76.469948,SO2,9,11,10
India,Rajasthan,Baran,"Bamboliya, Baran - RSPCB","31-08-2026 05:00:00",25.106006,76.469948,OZONE,18,23,20
India,Rajasthan,Barmer,"Railway Colony, Barmer - RSPCB","31-08-2026 05:00:00",25.747299,71.393989,NH3,NA,NA,NA
India,Rajasthan,Barmer,"Railway Colony, Barmer - RSPCB","31-08-2026 05:00:00",25.747299,71.393989,SO2,4,4,4
India,Rajasthan,Barmer,"Railway Colony, Barmer - RSPCB","31-08-2026 05:00:00",25.747299,71.393989,OZONE,34,37,36
India,Rajasthan,Bharatpur,"Krishna Nagar, Bharatpur - RSPCB","31-08-2026 05:00:00",27.215415,77.50873,PM2.5,20,28,24
India,Rajasthan,Bharatpur,"Krishna Nagar, Bharatpur - RSPCB","31-08-2026 05:00:00",27.215415,77.50873,CO,16,21,17
India,Rajasthan,Bharatpur,"Krishna Nagar, Bharatpur - RSPCB","31-08-2026 05:00:00",27.215415,77.50873,OZONE,43,50,47
India,Rajasthan,Bhilwara,"Pratap Nagar, Bhilwara - RSPCB","31-08-2026 05:00:00",25.339605,74.618883,NO2,14,21,18
India,Rajasthan,Bhilwara,"Pratap Nagar, Bhilwara - RSPCB","31-08-2026 05:00:00",25.339605,74.618883,CO,19,21,20
India,Rajasthan,Jodhpur,"Jhalamand, Jodhpur - RSPCB","31-08-2026 05:00:00",26.215415,73.070156,OZONE,25,29,27
India,Rajasthan,Jodhpur,"Collectorate, Jodhpur - RSPCB","31-08-2026 05:00:00",26.268249,73.0193853,CO,22,104,62
India,Rajasthan,Karauli,"Satyawati Vihar, Karauli - RSPCB","31-08-2026 05:00:00",26.506177,77.025989,OZONE,9,11,10
India,Rajasthan,Kota,"Dhanmandi, Kota - RSPCB","31-08-2026 05:00:00",25.16409,75.858137,PM2.5,12,30,23
India,Rajasthan,Kota,"Dhanmandi, Kota - RSPCB","31-08-2026 05:00:00",25.16409,75.858137,OZONE,30,42,38
India,Rajasthan,Kota,"Shrinath Puram, Kota - RSPCB","31-08-2026 05:00:00",25.14389,75.821256,NH3,2,8,5
India,Rajasthan,Kota,"Shrinath Puram, Kota - RSPCB","31-08-2026 05:00:00",25.14389,75.821256,OZONE,5,8,7
India,Rajasthan,Nagaur,"Karni Colony, Nagaur - RSPCB","31-08-2026 05:00:00",27.213494,73.734444,SO2,2,6,4
India,Rajasthan,Pali,"Indira Colony Vistar, Pali - RSPCB","31-08-2026 05:00:00",25.771061,73.340227,NO2,12,23,16
India,Rajasthan,Pali,"Indira Colony Vistar, Pali - RSPCB","31-08-2026 05:00:00",25.771061,73.340227,CO,6,25,16
India,Rajasthan,Pratapgarh,"Pragati Nagar, Pratapgarh - RSPCB","31-08-2026 05:00:00",24.041198,74.780702,NH3,4,5,4
India,Rajasthan,Rajsamand,"Dhoinda, Rajsamand - RSPCB","31-08-2026 05:00:00",25.03636,73.883502,PM2.5,23,77,42
India,Rajasthan,Bhiwadi,"Vasundhara Nagar_UIT, Bhiwadi - RSPCB","31-08-2026 05:00:00",28.207266,76.829265,PM10,80,172,122
India,Rajasthan,Bundi,"New Colony, Bundi - RSPCB","31-08-2026 05:00:00",25.435774,75.644272,NH3,3,6,4
India,Rajasthan,Chittorgarh,"Shastri Nagar, Chittorgarh - RSPCB","31-08-2026 05:00:00",24.892047,74.623527,NO2,11,28,16
India,Rajasthan,Churu,"Subash Chowk, Churu - RSPCB","31-08-2026 05:00:00",28.296139,74.961696,NO2,1,9,4
India,Rajasthan,Churu,"Subash Chowk, Churu - RSPCB","31-08-2026 05:00:00",28.296139,74.961696,NH3,6,6,6
India,Rajasthan,Dausa,"Khatikan Mohalla, Dausa - RSPCB","31-08-2026 05:00:00",26.895552,76.334753,OZONE,22,24,23
India,Rajasthan,Dholpur,"Raja Ganj, Dholpur - RSPCB","31-08-2026 05:00:00",26.699557,77.898881,NO2,5,19,9
India,Rajasthan,Dholpur,"Raja Ganj, Dholpur - RSPCB","31-08-2026 05:00:00",26.699557,77.898881,SO2,0,2,1
India,Rajasthan,Dungarpur,"Bhoiwada, Dungarpur - RSPCB","31-08-2026 05:00:00",23.837789,73.714926,NO2,6,8,7
India,Rajasthan,Hanumangarh,"Housing Board, Hanumangarh - RSPCB","31-08-2026 05:00:00",29.61075,74.283608,CO,11,20,14
India,Rajasthan,Jaipur,"Mansarovar Sector-12, Jaipur - RSPCB","31-08-2026 05:00:00",26.843698,75.766894,PM10,61,127,88
India,Odisha,Rourkela,"Fertilizer Township, Rourkela - OSPCB","31-08-2026 05:00:00",22.18972222,84.86277778,OZONE,NA,NA,NA
India,Odisha,Talcher,"Talcher Coalfields,Talcher - OSPCB","31-08-2026 05:00:00",20.9360711,85.1707021,PM10,13,34,23
India,Odisha,Tensa,"Barsua Iron Ore Mines, Tensa - OSPCB","31-08-2026 05:00:00",21.869985,85.167016,NO2,NA,NA,NA
India,Puducherry,Puducherry,"Jawahar Nagar, Puducherry - PPCC","31-08-2026 05:00:00",11.9309,79.8027,NO2,6,20,11
India,Puducherry,Puducherry,"Jawahar Nagar, Puducherry - PPCC","31-08-2026 05:00:00",11.9309,79.8027,OZONE,11,28,19
India,Punjab,Amritsar,"Golden Temple, Amritsar - PPCB","31-08-2026 05:00:00",31.62,74.876512,PM2.5,81,91,85
India,Punjab,Amritsar,"Golden Temple, Amritsar - PPCB","31-08-2026 05:00:00",31.62,74.876512,NO2,14,17,16
India,Punjab,Bathinda,"Hardev Nagar, Bathinda - PPCB","31-08-2026 05:00:00",30.233011,74.907758,CO,14,20,16
India,Punjab,Jalandhar,"Civil Line, Jalandhar - PPCB","31-08-2026 05:00:00",31.321907,75.578914,PM2.5,19,67,32
India,Punjab,Jalandhar,"Civil Line, Jalandhar - PPCB","31-08-2026 05:00:00",31.321907,75.578914,PM10,16,59,28
India,Punjab,Patiala,"Model Town, Patiala - PPCB","31-08-2026 05:00:00",30.349388,76.366642,PM10,23,109,64
India,Maharashtra,Ulhasnagar,"Vithalwadi, Ulhasnagar - MPCB","31-08-2026 05:00:00",19.2307571,73.155192,NO2,5,7,6
India,Maharashtra,Virar,"Bolinj, Virar - MPCB","31-08-2026 05:00:00",19.445821,72.7988231,PM10,20,41,30
India,Meghalaya,Byrnihat,"15th Mile-Nongthymmai, Byrnihat -Meghalaya PCB","31-08-2026 05:00:00",26.079047,91.875185,PM2.5,NA,NA,NA
India,Meghalaya,Byrnihat,"15th Mile-Nongthymmai, Byrnihat -Meghalaya PCB","31-08-2026 05:00:00",26.079047,91.875185,SO2,1,9,4
India,Meghalaya,Shillong,"JN Stadium, Shillong - Meghalaya PCB","31-08-2026 05:00:00",25.5803419,91.8942571,NO2,0,3,1
India,Meghalaya,Shillong,"JN Stadium, Shillong - Meghalaya PCB","31-08-2026 05:00:00",25.5803419,91.8942571,CO,7,14,10
India,Nagaland,Kohima,"PWD Junction, Kohima - NPCB","31-08-2026 05:00:00",25.6635413,94.0989878,NO2,3,4,3
India,Nagaland,Kohima,"PWD Junction, Kohima - NPCB","31-08-2026 05:00:00",25.6635413,94.0989878,SO2,56,78,67
India,Odisha,Angul,"Hakimapada, Angul - OSPCB","31-08-2026 05:00:00",20.832874,85.104082,NH3,1,13,3
India,Odisha,Angul,"Hakimapada, Angul - OSPCB","31-08-2026 05:00:00",20.832874,85.104082,SO2,6,102,19
India,Odisha,Barbil,"Forest Office, Barbil - OSPCB","31-08-2026 05:00:00",22.1166054,85.3945546,PM2.5,3,73,34
India,Rajasthan,Jaipur,"Sector-2 Murlipura, Jaipur - RSPCB","31-08-2026 05:00:00",26.960669,75.771817,NH3,4,6,5
India,Rajasthan,Jaipur,"Police Commissionerate, Jaipur - RSPCB","31-08-2026 05:00:00",26.9164092,75.7994901,NO2,29,61,44
India,Rajasthan,Jaipur,"Police Commissionerate, Jaipur - RSPCB","31-08-2026 05:00:00",26.9164092,75.7994901,SO2,9,23,15
India,Rajasthan,Jaipur,"RIICO Sitapura, Jaipur - RSPCB","31-08-2026 05:00:00",26.786682,75.827928,NH3,2,2,2
India,Rajasthan,Jaipur,"Adarsh Nagar, Jaipur - RSPCB","31-08-2026 05:00:00",26.902909,75.836858,PM2.5,31,68,45
India,Rajasthan,Jaipur,"Adarsh Nagar, Jaipur - RSPCB","31-08-2026 05:00:00",26.902909,75.836858,NO2,8,23,12
India,Rajasthan,Jhalawar,"Rajlaxmi Nagar, Jhalawar - RSPCB","31-08-2026 05:00:00",24.588397,76.172782,SO2,7,13,10
India,Rajasthan,Jhunjhunu,"Indra Nagar, Jhunjhunu - RSPCB","31-08-2026 05:00:00",28.108988,75.386577,PM10,53,92,73
India,Rajasthan,Jhunjhunu,"Indra Nagar, Jhunjhunu - RSPCB","31-08-2026 05:00:00",28.108988,75.386577,NO2,3,9,5
India,Rajasthan,Jhunjhunu,"Indra Nagar, Jhunjhunu - RSPCB","31-08-2026 05:00:00",28.108988,75.386577,CO,2,56,22
India,Rajasthan,Jodhpur,"Digari Kalan, Jodhpur - RSPCB","31-08-2026 05:00:00",26.29581,73.082283,SO2,4,8,5
India,Rajasthan,Jodhpur,"Jhalamand, Jodhpur - RSPCB","31-08-2026 05:00:00",26.215415,73.070156,PM2.5,5,27,17
India,"Tamil Nadu",Chennai,"Manali Village, Chennai - TNPCB","31-08-2026 05:00:00",13.1662,80.2584,CO,42,43,42
India,"Tamil Nadu",Chennai,"Manali, Chennai - CPCB","31-08-2026 05:00:00",13.164544,80.26285,PM2.5,20,32,26
India,"Tamil Nadu",Chennai,"Manali, Chennai - CPCB","31-08-2026 05:00:00",13.164544,80.26285,PM10,NA,NA,NA
India,"Tamil Nadu",Chennai,"Manali, Chennai - CPCB","31-08-2026 05:00:00",13.164544,80.26285,CO,11,69,24
India,"Tamil Nadu",Cuddalore,"Kudikadu, Cuddalore - TNPCB","31-08-2026 05:00:00",11.6829898,79.7532099,PM2.5,15,45,23
India,"Tamil Nadu",Cuddalore,"Kudikadu, Cuddalore - TNPCB","31-08-2026 05:00:00",11.6829898,79.7532099,OZONE,NA,NA,NA
India,"Tamil Nadu",Gummidipoondi,"Anthoni Pillai Nagar, Gummidipoondi - TNPCB","31-08-2026 05:00:00",13.4127,80.1081,NO2,16,33,24
India,"Tamil Nadu",Gummidipoondi,"Anthoni Pillai Nagar, Gummidipoondi - TNPCB","31-08-2026 05:00:00",13.4127,80.1081,NH3,0,2,1
India,"Tamil Nadu",Thoothukudi,"Meelavittan, Thoothukudi - TNPCB","31-08-2026 05:00:00",8.816428,78.099039,PM2.5,NA,NA,NA
India,"Tamil Nadu",Thoothukudi,"Meelavittan, Thoothukudi - TNPCB","31-08-2026 05:00:00",8.816428,78.099039,CO,19,50,34
India,Telangana,Hyderabad,"Zoo Park, Hyderabad - TSPCB","31-08-2026 05:00:00",17.349694,78.451437,PM2.5,2,27,15
India,Odisha,Bhubaneswar,"Patia, Bhubaneswar - OSPCB","31-08-2026 05:00:00",20.34652,85.8163,PM10,6,47,20
India,Odisha,Bhubaneswar,"Patia, Bhubaneswar - OSPCB","31-08-2026 05:00:00",20.34652,85.8163,NH3,3,7,4
India,Odisha,Bhubaneswar,"Patia, Bhubaneswar - OSPCB","31-08-2026 05:00:00",20.34652,85.8163,CO,28,50,38
India,Odisha,Brajrajnagar,"GM Office, Brajrajnagar - OSPCB","31-08-2026 05:00:00",21.8004996,83.8396977,SO2,16,17,17
India,Odisha,Brajrajnagar,"GM Office, Brajrajnagar - OSPCB","31-08-2026 05:00:00",21.8004996,83.8396977,CO,50,55,53
India,Odisha,Byasanagar,"Ferro Chrome Colony, Byasanagar - OSPCB","31-08-2026 05:00:00",20.94185,86.1151,CO,34,50,41
India,Odisha,Keonjhar,"Jagamohanpur, Keonjhar - OSPCB","31-08-2026 05:00:00",21.6439,85.599355,PM10,NA,NA,NA
India,Odisha,Keonjhar,"Jagamohanpur, Keonjhar - OSPCB","31-08-2026 05:00:00",21.6439,85.599355,NO2,14,16,15
India,Odisha,Keonjhar,"Jagamohanpur, Keonjhar - OSPCB","31-08-2026 05:00:00",21.6439,85.599355,OZONE,13,16,14
India,Odisha,Rourkela,"Raghunathpali, Rourkela - OSPCB","31-08-2026 05:00:00",22.220833,84.809444,NH3,1,1,1
India,Odisha,Rourkela,"Raghunathpali, Rourkela - OSPCB","31-08-2026 05:00:00",22.220833,84.809444,SO2,2,5,4
India,Telangana,Hyderabad,"ICRISAT Patancheru, Hyderabad - TSPCB","31-08-2026 05:00:00",17.5184,78.278777,NH3,1,2,2
India,Tripura,Agartala,"Bardowali, Agartala - Tripura SPCB","31-08-2026 05:00:00",23.8175497,91.2726974,PM2.5,12,54,30
India,"Uttar Pradesh",Agra,"Rohta, Agra - UPPCB","31-08-2026 05:00:00",27.106972,78.000111,PM10,37,92,69
India,"Uttar Pradesh",Agra,"Rohta, Agra - UPPCB","31-08-2026 05:00:00",27.106972,78.000111,NH3,6,6,6
India,"Uttar Pradesh",Agra,"Sector-3B Avas Vikas Colony, Agra - UPPCB","31-08-2026 05:00:00",27.19412,77.96237,NO2,35,35,35
India,"Uttar Pradesh",Agra,"Sector-3B Avas Vikas Colony, Agra - UPPCB","31-08-2026 05:00:00",27.19412,77.96237,NH3,5,6,6
India,"Uttar Pradesh",Agra,"Manoharpur, Agra - UPPCB","31-08-2026 05:00:00",27.23711,78.01936,PM10,7,104,81
India,"Uttar Pradesh",Agra,"Manoharpur, Agra - UPPCB","31-08-2026 05:00:00",27.23711,78.01936,NH3,2,2,2
India,"Uttar Pradesh",Agra,"Manoharpur, Agra - UPPCB","31-08-2026 05:00:00",27.23711,78.01936,CO,13,20,19
India,"Uttar Pradesh",Agra,"Sanjay Palace, Agra - UPPCB","31-08-2026 05:00:00",27.19865833,78.00598056,NO2,11,14,13
India,"Uttar Pradesh",Agra,"Shastripuram, Agra - UPPCB","31-08-2026 05:00:00",27.19862,77.92066,SO2,34,50,41
India,"Uttar Pradesh",Agra,"Shastripuram, Agra - UPPCB","31-08-2026 05:00:00",27.19862,77.92066,OZONE,2,3,3
India,"Uttar Pradesh",Baghpat,"Sardar Patel Inter College, Baghpat - UPPCB","31-08-2026 05:00:00",28.964949,77.278761,NO2,17,29,21
India,"Uttar Pradesh",Baghpat,"Sardar Patel Inter College, Baghpat - UPPCB","31-08-2026 05:00:00",28.964949,77.278761,CO,15,21,18
India,"Uttar Pradesh",Baraut,"Nagar Palika Parishad, Baraut - UPPCB","31-08-2026 05:00:00",29.09956,77.26235,PM10,101,170,137
India,"Uttar Pradesh",Baraut,"Nagar Palika Parishad, Baraut - UPPCB","31-08-2026 05:00:00",29.09956,77.26235,CO,2,2,2
India,"Uttar Pradesh",Bareilly,"Rajendra Nagar, Bareilly - UPPCB","31-08-2026 05:00:00",28.38910936,79.42963708,NO2,9,10,9
India,"Uttar Pradesh",Bareilly,"Rajendra Nagar, Bareilly - UPPCB","31-08-2026 05:00:00",28.38910936,79.42963708,CO,23,25,24
India,"Uttar Pradesh",Moradabad,"Transport Nagar, Moradabad - UPPCB","31-08-2026 05:00:00",28.802625,78.753728,NO2,24,24,24
India,"Uttar Pradesh",Moradabad,"Transport Nagar, Moradabad - UPPCB","31-08-2026 05:00:00",28.802625,78.753728,SO2,20,21,20
India,"Uttar Pradesh",Moradabad,"Kashiram Nagar, Moradabad - UPPCB","31-08-2026 05:00:00",28.849399,78.742362,PM10,17,145,67
India,"Uttar Pradesh",Moradabad,"Employment Office, Moradabad - UPPCB","31-08-2026 05:00:00",28.88528,78.7388,PM10,30,76,54
India,"Uttar Pradesh",Moradabad,"Employment Office, Moradabad - UPPCB","31-08-2026 05:00:00",28.88528,78.7388,NH3,3,3,3
India,"Uttar Pradesh",Moradabad,"Employment Office, Moradabad - UPPCB","31-08-2026 05:00:00",28.88528,78.7388,SO2,33,34,34
India,"Uttar Pradesh",Moradabad,"Employment Office, Moradabad - UPPCB","31-08-2026 05:00:00",28.88528,78.7388,CO,11,11,11
India,"Uttar Pradesh",Moradabad,"Employment Office, Moradabad - UPPCB","31-08-2026 05:00:00",28.88528,78.7388,OZONE,3,10,6
India,"Uttar Pradesh",Muzaffarnagar,"New Mandi, Muzaffarnagar - UPPCB","31-08-2026 05:00:00",29.4723508,77.7194031,SO2,0,26,8
India,"Uttar Pradesh",Noida,"Sector - 125, Noida - UPPCB","31-08-2026 05:00:00",28.5447608,77.3231257,PM10,102,458,174
India,"Uttar Pradesh",Noida,"Sector - 125, Noida - UPPCB","31-08-2026 05:00:00",28.5447608,77.3231257,NO2,16,17,17
India,"Uttar Pradesh",Noida,"Sector - 125, Noida - UPPCB","31-08-2026 05:00:00",28.5447608,77.3231257,CO,1,38,19
India,"Uttar Pradesh",Noida,"Sector - 62, Noida - IITM","31-08-2026 05:00:00",28.6245479,77.3577104,NH3,NA,NA,NA
India,"Uttar Pradesh",Noida,"Sector-1, Noida - UPPCB","31-08-2026 05:00:00",28.5898,77.3101,PM2.5,2,75,41
India,"Uttar Pradesh",Noida,"Sector-116, Noida - UPPCB","31-08-2026 05:00:00",28.56923,77.393848,NO2,3,57,19
India,"Uttar Pradesh",Prayagraj,"Motilal Nehru NIT, Prayagraj - UPPCB","31-08-2026 05:00:00",25.494,81.863,NH3,8,8,8
India,"Uttar Pradesh",Prayagraj,"Motilal Nehru NIT, Prayagraj - UPPCB","31-08-2026 05:00:00",25.494,81.863,CO,3,13,8
India,"Uttar Pradesh",Prayagraj,"Nagar Nigam, Prayagraj - UPPCB","31-08-2026 05:00:00",25.44919916,81.82735986,PM10,13,500,103
India,Telangana,Hyderabad,"Zoo Park, Hyderabad - TSPCB","31-08-2026 05:00:00",17.349694,78.451437,CO,1,46,17
India,Telangana,Hyderabad,"Central University, Hyderabad - TSPCB","31-08-2026 05:00:00",17.460103,78.334361,PM10,7,24,17
India,Telangana,Hyderabad,"Central University, Hyderabad - TSPCB","31-08-2026 05:00:00",17.460103,78.334361,NO2,2,23,16
India,Telangana,Hyderabad,"Nacharam_TSIIC IALA, Hyderabad - TSPCB","31-08-2026 05:00:00",17.429398,78.569354,NH3,3,5,3
India,Telangana,Hyderabad,"ECIL Kapra, Hyderabad - TSPCB","31-08-2026 05:00:00",17.470431,78.566959,NH3,2,2,2
India,Telangana,Hyderabad,"Ramachandrapuram, Hyderabad - TSPCB","31-08-2026 05:00:00",17.528544,78.286195,PM2.5,29,52,37
India,Telangana,Hyderabad,"Ramachandrapuram, Hyderabad - TSPCB","31-08-2026 05:00:00",17.528544,78.286195,NO2,10,13,11
India,Telangana,Hyderabad,"Ramachandrapuram, Hyderabad - TSPCB","31-08-2026 05:00:00",17.528544,78.286195,OZONE,20,20,20
India,Telangana,Hyderabad,"Kompally Municipal Office, Hyderabad - TSPCB","31-08-2026 05:00:00",17.544899,78.486949,CO,13,44,23
India,Telangana,Hyderabad,"Somajiguda, Hyderabad - TSPCB","31-08-2026 05:00:00",17.417094,78.457437,NO2,16,20,17
India,Telangana,Hyderabad,"IDA Pashamylaram, Hyderabad - TSPCB","31-08-2026 05:00:00",17.5316895,78.218939,PM2.5,9,53,25
India,Telangana,Hyderabad,"IDA Pashamylaram, Hyderabad - TSPCB","31-08-2026 05:00:00",17.5316895,78.218939,PM10,26,79,46
India,Telangana,Hyderabad,"IDA Pashamylaram, Hyderabad - TSPCB","31-08-2026 05:00:00",17.5316895,78.218939,NH3,1,1,1
India,Telangana,Hyderabad,"IDA Pashamylaram, Hyderabad - TSPCB","31-08-2026 05:00:00",17.5316895,78.218939,CO,10,17,14
India,Telangana,Hyderabad,"Sanathnagar, Hyderabad - TSPCB","31-08-2026 05:00:00",17.4559458,78.4332152,PM2.5,9,31,19
India,"Uttar Pradesh",Khora,"Prashant Garden, Khora - UPPCB","31-08-2026 05:00:00",28.61119,77.34206,OZONE,13,15,14
India,"Uttar Pradesh",Khurja,"Kalindi Kunj, Khurja - UPPCB","31-08-2026 05:00:00",28.2348927,77.8683002,PM2.5,23,48,35
India,"Uttar Pradesh",Khurja,"Kalindi Kunj, Khurja - UPPCB","31-08-2026 05:00:00",28.2348927,77.8683002,NO2,12,13,12
India,"Uttar Pradesh",Khurja,"Kalindi Kunj, Khurja - UPPCB","31-08-2026 05:00:00",28.2348927,77.8683002,SO2,9,11,10
India,"Uttar Pradesh",Lucknow,"Talkatora District Industries Center, Lucknow - CPCB","31-08-2026 05:00:00",26.83399722,80.8917361,CO,86,106,98
India,"Uttar Pradesh",Lucknow,"Kendriya Vidyalaya, Lucknow - CPCB","31-08-2026 05:00:00",26.906111,80.948222,NH3,10,20,15
India,"Uttar Pradesh",Lucknow,"Gomti Nagar, Lucknow - UPPCB","31-08-2026 05:00:00",26.86812,81.005119,SO2,11,11,11
India,"Uttar Pradesh",Lucknow,"B R Ambedkar University, Lucknow - UPPCB","31-08-2026 05:00:00",26.766433,80.927299,PM10,17,34,25
India,"Uttar Pradesh",Lucknow,"Lalbagh, Lucknow - CPCB","31-08-2026 05:00:00",26.8458805,80.9365541,CO,16,46,28
India,"Uttar Pradesh",Lucknow,"Kukrail Picnic Spot-1, Lucknow - UPPCB","31-08-2026 05:00:00",26.90723,80.98579,PM10,20,49,32
India,"Uttar Pradesh",Lucknow,"Kukrail Picnic Spot-1, Lucknow - UPPCB","31-08-2026 05:00:00",26.90723,80.98579,OZONE,10,10,10
India,"Uttar Pradesh",Mathura,"Pali Dungra, Mathura - UPPCB","31-08-2026 05:00:00",27.410954,77.550619,SO2,11,12,11
India,"Uttar Pradesh",Mathura,"Pali Dungra, Mathura - UPPCB","31-08-2026 05:00:00",27.410954,77.550619,CO,6,30,17
India,"Uttar Pradesh","Greater Noida","Knowledge Park - III, Greater Noida - UPPCB","31-08-2026 05:00:00",28.47272,77.482,PM10,51,173,97
India,"Uttar Pradesh","Greater Noida","Knowledge Park - III, Greater Noida - UPPCB","31-08-2026 05:00:00",28.47272,77.482,NO2,7,57,18
India,"Uttar Pradesh","Greater Noida","Knowledge Park - III, Greater Noida - UPPCB","31-08-2026 05:00:00",28.47272,77.482,OZONE,17,29,21
India,"Uttar Pradesh",Hapur,"Anand Vihar, Hapur - UPPCB","31-08-2026 05:00:00",28.725645,77.749675,PM10,68,140,114
India,"Uttar Pradesh",Jhansi,"Shivaji Nagar, Jhansi - UPPCB","31-08-2026 05:00:00",25.4547,78.6039,PM10,52,93,74
India,"Uttar Pradesh",Kanpur,"FTI Kidwai Nagar, Kanpur - UPPCB","31-08-2026 05:00:00",26.428282,80.327067,OZONE,11,11,11
India,"Uttar Pradesh",Kanpur,"NSI Kalyanpur, Kanpur - UPPCB","31-08-2026 05:00:00",26.509954,80.249612,PM2.5,34,68,53
India,"Uttar Pradesh",Kanpur,"NSI Kalyanpur, Kanpur - UPPCB","31-08-2026 05:00:00",26.509954,80.249612,SO2,23,25,24
India,"Uttar Pradesh",Kanpur,"Nehru Nagar, Kanpur - UPPCB","31-08-2026 05:00:00",26.4703136,80.3229863,PM2.5,23,64,41
India,"Uttar Pradesh",Kanpur,"Nehru Nagar, Kanpur - UPPCB","31-08-2026 05:00:00",26.4703136,80.3229863,NH3,NA,NA,NA
India,"Uttar Pradesh",Khora,"Prashant Garden, Khora - UPPCB","31-08-2026 05:00:00",28.61119,77.34206,PM10,69,92,78
India,"Uttar Pradesh",Bareilly,"Civil Lines, Bareilly - UPPCB","31-08-2026 05:00:00",28.359581,79.414455,NH3,0,0,0
India,"Uttar Pradesh",Bareilly,"Civil Lines, Bareilly - UPPCB","31-08-2026 05:00:00",28.359581,79.414455,SO2,32,50,40
India,"Uttar Pradesh","Fatehpur Sikri","Dadupura, Fatehpur Sikri - UPPCB","31-08-2026 05:00:00",27.097694,77.671335,PM2.5,46,47,46
India,"Uttar Pradesh","Fatehpur Sikri","Dadupura, Fatehpur Sikri - UPPCB","31-08-2026 05:00:00",27.097694,77.671335,NO2,7,8,7
India,"Uttar Pradesh","Fatehpur Sikri","Dadupura, Fatehpur Sikri - UPPCB","31-08-2026 05:00:00",27.097694,77.671335,NH3,2,2,2
India,"Uttar Pradesh","Fatehpur Sikri","Dadupura, Fatehpur Sikri - UPPCB","31-08-2026 05:00:00",27.097694,77.671335,SO2,10,11,11
India,"Uttar Pradesh","Fatehpur Sikri","Dadupura, Fatehpur Sikri - UPPCB","31-08-2026 05:00:00",27.097694,77.671335,CO,11,15,13
India,"Uttar Pradesh",Firozabad,"Vibhab Nagar, Firozabad - UPPCB","31-08-2026 05:00:00",27.1594,78.3953,PM10,27,54,44
India,"Uttar Pradesh",Firozabad,"Vibhab Nagar, Firozabad - UPPCB","31-08-2026 05:00:00",27.1594,78.3953,OZONE,1,1,1
India,"Uttar Pradesh",Gajraula,"Rajanpur, Gajraula - UPPCB","31-08-2026 05:00:00",28.829109,78.248796,PM10,64,132,104
India,"Uttar Pradesh",Gajraula,"Rajanpur, Gajraula - UPPCB","31-08-2026 05:00:00",28.829109,78.248796,SO2,9,12,10
India,"Uttar Pradesh",Ghaziabad,"Ved Vihar-Loni, Ghaziabad - UPPCB","31-08-2026 05:00:00",28.739153,77.273668,NH3,4,28,11
India,"Uttar Pradesh",Prayagraj,"Jhunsi, Prayagraj - UPPCB","31-08-2026 05:00:00",25.425602,81.917152,NH3,6,6,6
India,"Uttar Pradesh",Prayagraj,"Jhunsi, Prayagraj - UPPCB","31-08-2026 05:00:00",25.425602,81.917152,SO2,14,102,73
India,"Uttar Pradesh",Prayagraj,"Jhunsi, Prayagraj - UPPCB","31-08-2026 05:00:00",25.425602,81.917152,OZONE,43,51,46
India,"Uttar Pradesh",Raebareli,"Anand Nagar, Raebareli - UPPCB","31-08-2026 05:00:00",26.219512,81.237648,SO2,13,13,13
India,"Uttar Pradesh",Raebareli,"Anand Nagar, Raebareli - UPPCB","31-08-2026 05:00:00",26.219512,81.237648,OZONE,44,57,49
India,"Uttar Pradesh",Raebareli," Indira Nagar, Raebareli - NTPC Unchahar","31-08-2026 05:00:00",26.207781,81.245571,PM2.5,26,54,45
India,"Uttar Pradesh",Raebareli," Indira Nagar, Raebareli - NTPC Unchahar","31-08-2026 05:00:00",26.207781,81.245571,NO2,16,34,24
India,"Uttar Pradesh",Varanasi,"Bhelupur, Varanasi - UPPCB","31-08-2026 05:00:00",25.301778,82.996789,OZONE,9,10,10
India,"Uttar Pradesh",Varanasi,"Ardhali Bazar, Varanasi - UPPCB","31-08-2026 05:00:00",25.3505986,82.9083074,PM2.5,8,41,23
India,"Uttar Pradesh",Varanasi,"Ardhali Bazar, Varanasi - UPPCB","31-08-2026 05:00:00",25.3505986,82.9083074,NO2,21,23,22
India,"Uttar Pradesh",Varanasi,"Ardhali Bazar, Varanasi - UPPCB","31-08-2026 05:00:00",25.3505986,82.9083074,NH3,NA,NA,NA
India,"Uttar Pradesh",Varanasi,"Ardhali Bazar, Varanasi - UPPCB","31-08-2026 05:00:00",25.3505986,82.9083074,OZONE,8,20,14
India,"Uttar Pradesh",Meerut,"Jai Bhim Nagar, Meerut - UPPCB","31-08-2026 05:00:00",28.9535882,77.7622941,SO2,5,11,9
India,"Uttar Pradesh",Meerut,"MIET College, Meerut - UPPCB","31-08-2026 05:00:00",28.972677,77.641018,SO2,2,3,2
India,"Uttar Pradesh",Meerut,"Pallavpuram Phase 2, Meerut - UPPCB","31-08-2026 05:00:00",29.06351,77.709723,PM10,69,162,123
India,"Uttar Pradesh",Meerut,"Pallavpuram Phase 2, Meerut - UPPCB","31-08-2026 05:00:00",29.06351,77.709723,NH3,6,11,8
India,"Uttar Pradesh",Moradabad,"Eco Herbal Park, Moradabad - UPPCB","31-08-2026 05:00:00",28.840739,78.697531,PM2.5,23,113,62
India,"Uttar Pradesh",Moradabad,"Eco Herbal Park, Moradabad - UPPCB","31-08-2026 05:00:00",28.840739,78.697531,CO,32,41,37
India,"Uttar Pradesh",Moradabad,"Jigar Colony, Moradabad - UPPCB","31-08-2026 05:00:00",28.856664,78.772638,PM10,24,74,54
India,"Uttar Pradesh",Moradabad,"Jigar Colony, Moradabad - UPPCB","31-08-2026 05:00:00",28.856664,78.772638,CO,39,40,40
India,"Uttar Pradesh",Moradabad,"Transport Nagar, Moradabad - UPPCB","31-08-2026 05:00:00",28.802625,78.753728,PM2.5,17,91,65
India,"Uttar Pradesh",Ghaziabad,"Sanjay Nagar, Ghaziabad - UPPCB","31-08-2026 05:00:00",28.685382,77.453839,NO2,10,59,27
India,"Uttar Pradesh",Ghaziabad,"Indirapuram, Ghaziabad - UPPCB","31-08-2026 05:00:00",28.646233,77.358075,PM10,28,116,53
India,"Uttar Pradesh",Ghaziabad,"Indirapuram, Ghaziabad - UPPCB","31-08-2026 05:00:00",28.646233,77.358075,NH3,4,5,5
India,"Uttar Pradesh",Ghaziabad,"Indirapuram, Ghaziabad - UPPCB","31-08-2026 05:00:00",28.646233,77.358075,CO,16,21,18
India,"Uttar Pradesh",Ghaziabad,"Wave City, Ghaziabad - UPPCB","31-08-2026 05:00:00",28.646675,77.489049,SO2,1,3,2
India,"Uttar Pradesh",Ghaziabad,"Loni, Ghaziabad - UPPCB","31-08-2026 05:00:00",28.757294,77.278792,NO2,21,73,39
India,"Uttar Pradesh",Varanasi,"IESD Banaras Hindu University, Varanasi - UPPCB","31-08-2026 05:00:00",25.262326,82.995408,CO,1,3,2
India,"Uttar Pradesh",Vrindavan,"Omex Eternity, Vrindavan - UPPCB","31-08-2026 05:00:00",27.571409,77.655757,PM2.5,41,141,66
India,"Uttar Pradesh",Vrindavan,"Omex Eternity, Vrindavan - UPPCB","31-08-2026 05:00:00",27.571409,77.655757,PM10,34,110,63
India,"Uttar Pradesh",Vrindavan,"Omex Eternity, Vrindavan - UPPCB","31-08-2026 05:00:00",27.571409,77.655757,NH3,9,9,9
India,"Uttar Pradesh",Vrindavan,"Omex Eternity, Vrindavan - UPPCB","31-08-2026 05:00:00",27.571409,77.655757,CO,8,9,9
India,Uttarakhand,Dehradun,"Doon University, Dehradun - UKPCB","31-08-2026 05:00:00",30.269444,78.044167,OZONE,9,15,12
India,Uttarakhand,Rishikesh,"Shivaji Nagar, Rishikesh - UKPCB","31-08-2026 05:00:00",30.075911,78.2859547,CO,37,37,37
India,"West Bengal",Asansol,"Asansol Court Area, Asansol - WBPCB","31-08-2026 05:00:00",23.685297,86.945968,CO,24,49,39
India,"West Bengal",Asansol,"Evelyn Lodge, Asansol - WBPCB","31-08-2026 05:00:00",23.697936,86.944395,PM10,11,35,20
India,"West Bengal",Asansol,"Mahabir Colliery, Asansol - WBPCB","31-08-2026 05:00:00",23.618183,87.105718,SO2,7,9,8
India,"West Bengal",Asansol,"Mahabir Colliery, Asansol - WBPCB","31-08-2026 05:00:00",23.618183,87.105718,OZONE,9,11,10
India,"West Bengal",Asansol,"Trivenidevi Bhalotia College, Asansol - WBPCB","31-08-2026 05:00:00",23.616515,87.119133,PM2.5,9,45,21
India,"West Bengal",Barrackpore,"SVSPA Campus, Barrackpore - WBPCB","31-08-2026 05:00:00",22.7605581,88.3617589,PM2.5,15,31,22
India,"West Bengal",Barrackpore,"SVSPA Campus, Barrackpore - WBPCB","31-08-2026 05:00:00",22.7605581,88.3617589,NO2,8,15,12
India,"West Bengal",Barrackpore,"SVSPA Campus, Barrackpore - WBPCB","31-08-2026 05:00:00",22.7605581,88.3617589,OZONE,5,7,6
India,"West Bengal",Durgapur,"Mahishkapur Road_B-Zone, Durgapur - WBPCB","31-08-2026 05:00:00",23.567923,87.306843,PM10,6,32,16
India,"West Bengal",Durgapur,"Mahishkapur Road_B-Zone, Durgapur - WBPCB","31-08-2026 05:00:00",23.567923,87.306843,CO,54,70,60
India,"West Bengal",Durgapur,"Womens College_City Center, Durgapur - WBPCB","31-08-2026 05:00:00",23.549395,87.300496,PM10,36,115,57
India,"West Bengal",Durgapur,"Womens College_City Center, Durgapur - WBPCB","31-08-2026 05:00:00",23.549395,87.300496,NO2,27,33,29
India,"West Bengal",Haldia,"Priyambada Housing Estate, Haldia - WBPCB","31-08-2026 05:00:00",22.06047,88.109737,NO2,NA,NA,NA
India,"West Bengal",Howrah,"Belur Math, Howrah - WBPCB","31-08-2026 05:00:00",22.629801,88.352017,OZONE,9,10,9
India,"West Bengal",Howrah,"Dasnagar, Howrah - WBPCB","31-08-2026 05:00:00",22.6025571,88.3105664,CO,33,55,40
India,"West Bengal",Howrah,"Dasnagar, Howrah - WBPCB","31-08-2026 05:00:00",22.6025571,88.3105664,OZONE,10,29,22
India,"West Bengal",Howrah,"Botanical Garden, Howrah - WBPCB","31-08-2026 05:00:00",22.554954,88.292568,PM2.5,16,50,35
India,"West Bengal",Howrah,"Botanical Garden, Howrah - WBPCB","31-08-2026 05:00:00",22.554954,88.292568,SO2,3,3,3
India,"West Bengal",Howrah,"Botanical Garden, Howrah - WBPCB","31-08-2026 05:00:00",22.554954,88.292568,OZONE,21,26,24
India,"West Bengal",Howrah,"Ghusuri, Howrah - WBPCB","31-08-2026 05:00:00",22.611968,88.347422,PM2.5,9,66,32
India,"West Bengal",Howrah,"Ghusuri, Howrah - WBPCB","31-08-2026 05:00:00",22.611968,88.347422,SO2,4,13,8
India,"West Bengal",Howrah,"Padmapukur, Howrah - WBPCB","31-08-2026 05:00:00",22.5687319,88.2797276,SO2,3,8,5
India,"West Bengal",Kolkata,"Rabindra Bharati University, Kolkata - WBPCB","31-08-2026 05:00:00",22.627847,88.380669,NO2,13,35,21
India,"West Bengal",Kolkata,"Fort William, Kolkata - WBPCB","31-08-2026 05:00:00",22.55664,88.342674,PM2.5,19,34,24
India,"West Bengal",Kolkata,"Fort William, Kolkata - WBPCB","31-08-2026 05:00:00",22.55664,88.342674,PM10,20,36,26
India,"West Bengal",Kolkata,"Fort William, Kolkata - WBPCB","31-08-2026 05:00:00",22.55664,88.342674,NH3,7,7,7
India,"West Bengal",Kolkata,"Fort William, Kolkata - WBPCB","31-08-2026 05:00:00",22.55664,88.342674,OZONE,32,39,35
India,"West Bengal",Kolkata,"Ballygunge, Kolkata - WBPCB","31-08-2026 05:00:00",22.5367507,88.3638022,PM2.5,16,30,21
India,"West Bengal",Kolkata,"Ballygunge, Kolkata - WBPCB","31-08-2026 05:00:00",22.5367507,88.3638022,PM10,22,45,33
India,"West Bengal",Kolkata,"Ballygunge, Kolkata - WBPCB","31-08-2026 05:00:00",22.5367507,88.3638022,NO2,15,33,25
India,"West Bengal",Kolkata,"Ballygunge, Kolkata - WBPCB","31-08-2026 05:00:00",22.5367507,88.3638022,NH3,7,8,8
India,"West Bengal",Kolkata,"Ballygunge, Kolkata - WBPCB","31-08-2026 05:00:00",22.5367507,88.3638022,CO,17,27,20
India,"West Bengal",Kolkata,"Victoria, Kolkata - WBPCB","31-08-2026 05:00:00",22.5448082,88.3403691,PM2.5,20,53,35
India,"West Bengal",Siliguri,"Ward-32 Bapupara, Siliguri - WBPCB","31-08-2026 05:00:00",26.6879226,88.4152495,SO2,1,14,11
India,"West Bengal",Siliguri,"Ward-32 Bapupara, Siliguri - WBPCB","31-08-2026 05:00:00",26.6879226,88.4152495,CO,28,41,34
India,Bihar,Patna,"Muradpur, Patna - BSPCB","31-08-2026 05:00:00",25.619651,85.147382,SO2,8,10,9
India,Bihar,Purnia,"Mariam Nagar, Purnia - BSPCB","31-08-2026 05:00:00",25.366336,87.117468,CO,55,59,57
India,Bihar,Saharsa,"Police Line, Saharsa - BSPCB","31-08-2026 05:00:00",25.892357,86.590325,NO2,5,8,7
India,Bihar,Saharsa,"Police Line, Saharsa - BSPCB","31-08-2026 05:00:00",25.892357,86.590325,SO2,6,16,13
India,Bihar,Samastipur,"DM Office_Kasipur, Samastipur - BSPCB","31-08-2026 05:00:00",25.859655,85.77944,OZONE,6,6,6
India,Bihar,Siwan,"Chitragupta Nagar, Siwan - BSPCB","31-08-2026 05:00:00",26.2271665,84.3570427,PM10,101,112,105
India,Bihar,Siwan,"Chitragupta Nagar, Siwan - BSPCB","31-08-2026 05:00:00",26.2271665,84.3570427,CO,61,66,63
India,Chandigarh,Chandigarh,"Sector 22, Chandigarh - CPCC","31-08-2026 05:00:00",30.735567,76.775714,NO2,1,7,3
India,Chandigarh,Chandigarh,"Sector 22, Chandigarh - CPCC","31-08-2026 05:00:00",30.735567,76.775714,CO,36,43,38
India,Chandigarh,Chandigarh,"Sector-25, Chandigarh - CPCC","31-08-2026 05:00:00",30.751462,76.762879,NO2,2,32,10
India,Chhattisgarh,Bhilai,"32Bungalows, Bhilai - CECB","31-08-2026 05:00:00",21.194815,81.31477,PM10,19,35,27
India,Chhattisgarh,Bhilai,"32Bungalows, Bhilai - CECB","31-08-2026 05:00:00",21.194815,81.31477,OZONE,6,12,8
India,"Arunachal Pradesh",Naharlagun,"Naharlagun, Naharlagun - APSPCB","31-08-2026 05:00:00",27.103358,93.679645,PM10,10,66,33
India,"Arunachal Pradesh",Naharlagun,"Naharlagun, Naharlagun - APSPCB","31-08-2026 05:00:00",27.103358,93.679645,SO2,11,12,12
India,"Arunachal Pradesh",Naharlagun,"Naharlagun, Naharlagun - APSPCB","31-08-2026 05:00:00",27.103358,93.679645,OZONE,7,7,7
India,Assam,Byrnihat,"Central Academy for SFS, Byrnihat - PCBA","31-08-2026 05:00:00",26.071318,91.87488,PM2.5,74,109,87
India,Assam,Byrnihat,"Central Academy for SFS, Byrnihat - PCBA","31-08-2026 05:00:00",26.071318,91.87488,PM10,69,97,80
India,Assam,Byrnihat,"Central Academy for SFS, Byrnihat - PCBA","31-08-2026 05:00:00",26.071318,91.87488,SO2,5,32,30
India,Assam,Byrnihat,"Central Academy for SFS, Byrnihat - PCBA","31-08-2026 05:00:00",26.071318,91.87488,CO,41,66,59
India,Assam,Guwahati,"IITG, Guwahati - PCBA","31-08-2026 05:00:00",26.2028636,91.70046436,PM2.5,3,37,9
India,Assam,Guwahati,"IITG, Guwahati - PCBA","31-08-2026 05:00:00",26.2028636,91.70046436,NO2,1,3,2
India,Assam,Guwahati,"Pan Bazaar, Guwahati - PCBA","31-08-2026 05:00:00",26.1875,91.744194,NH3,1,1,1
India,Assam,Guwahati,"Pan Bazaar, Guwahati - PCBA","31-08-2026 05:00:00",26.1875,91.744194,CO,5,17,11
India,Assam,Guwahati,"LGBI Airport, Guwahati - PCBA","31-08-2026 05:00:00",26.10887,91.589544,CO,23,32,28
India,Assam,Guwahati,"Railway Colony, Guwahati - PCBA","31-08-2026 05:00:00",26.181742,91.78063,PM10,11,71,33
India,Assam,Guwahati,"Railway Colony, Guwahati - PCBA","31-08-2026 05:00:00",26.181742,91.78063,OZONE,9,15,11
India,Chhattisgarh,Bhilai,"Civic Center, Bhilai - Bhilai Steel Plant","31-08-2026 05:00:00",21.185571,81.343175,NO2,15,16,16
India,Chhattisgarh,Bhilai,"Hathkhoj, Bhilai - CECB","31-08-2026 05:00:00",21.224231,81.40835,PM2.5,24,40,32
India,Chhattisgarh,Bhilai,"Hathkhoj, Bhilai - CECB","31-08-2026 05:00:00",21.224231,81.40835,SO2,2,16,8
India,Chhattisgarh,Bilaspur,"Mangala, Bilaspur - NTPC","31-08-2026 05:00:00",22.08815,82.13737,NO2,20,25,22
India,Chhattisgarh,Bilaspur,"Mangala, Bilaspur - NTPC","31-08-2026 05:00:00",22.08815,82.13737,CO,12,52,30
India,Chhattisgarh,Chhal,"Nawapara SECL Colony, Chhal - CECB","31-08-2026 05:00:00",22.118125,83.140608,OZONE,39,44,41
India,Chhattisgarh,Kunjemura,"OP Jindal School, Kunjemura - CECB","31-08-2026 05:00:00",22.12665,83.483212,NO2,8,15,11
India,Chhattisgarh,Milupara,"Govt. Higher Secondary School, Milupara - CECB","31-08-2026 05:00:00",22.1910172,83.5197009,PM10,8,20,13
India,Chhattisgarh,Milupara,"Govt. Higher Secondary School, Milupara - CECB","31-08-2026 05:00:00",22.1910172,83.5197009,NH3,1,2,2
India,Chhattisgarh,Raipur,"Krishak Nagar, Raipur - CECB","31-08-2026 05:00:00",21.237755,81.705301,OZONE,2,3,2
India,Chhattisgarh,Raipur,"Bhatagaon New ISBT, Raipur - CECB","31-08-2026 05:00:00",21.219665,81.630094,PM10,7,35,19
India,"Andhra Pradesh",Srikakulam,"Chinna Bharatham Colony, Srikakulam - APPCB","31-08-2026 05:00:00",18.292191,83.897173,SO2,13,15,14
India,"Andhra Pradesh",Tirumala,"Toll Gate, Tirumala - APPCB","31-08-2026 05:00:00",13.67,79.35,PM10,10,35,24
India,"Andhra Pradesh",Tirumala,"Toll Gate, Tirumala - APPCB","31-08-2026 05:00:00",13.67,79.35,NH3,2,3,2
India,"Andhra Pradesh",Tirumala,"Toll Gate, Tirumala - APPCB","31-08-2026 05:00:00",13.67,79.35,SO2,3,8,5
India,"Andhra Pradesh",Tirumala,"Toll Gate, Tirumala - APPCB","31-08-2026 05:00:00",13.67,79.35,CO,7,11,9
India,"Andhra Pradesh",Tirupati,"Vaikuntapuram, Tirupati - APPCB","31-08-2026 05:00:00",13.615387,79.40923,PM2.5,48,52,50
India,"Andhra Pradesh",Tirupati,"Vaikuntapuram, Tirupati - APPCB","31-08-2026 05:00:00",13.615387,79.40923,PM10,72,80,76
India,"Andhra Pradesh",Tirupati,"Vaikuntapuram, Tirupati - APPCB","31-08-2026 05:00:00",13.615387,79.40923,NH3,2,3,3
India,"Andhra Pradesh",Tirupati,"Vaikuntapuram, Tirupati - APPCB","31-08-2026 05:00:00",13.615387,79.40923,CO,16,21,18
India,"Andhra Pradesh",Tirupati,"Vaikuntapuram, Tirupati - APPCB","31-08-2026 05:00:00",13.615387,79.40923,OZONE,16,17,16
India,"Andhra Pradesh",Vijayawada,"HB Colony, Vijayawada - APPCB","31-08-2026 05:00:00",16.536107,80.594233,PM10,54,63,56
India,"Andhra Pradesh",Vijayawada,"Rajiv Gandhi Park, Vijayawada - APPCB","31-08-2026 05:00:00",16.509717,80.612222,PM2.5,44,87,57
India,"Andhra Pradesh",Visakhapatnam,"GVM Corporation, Visakhapatnam - APPCB","31-08-2026 05:00:00",17.72,83.3,PM2.5,9,81,46
India,"Andhra Pradesh",Kadapa,"Yerramukkapalli, Kadapa - APPCB","31-08-2026 05:00:00",14.465052,78.824187,PM2.5,42,51,45
India,"Andhra Pradesh",Kadapa,"Yerramukkapalli, Kadapa - APPCB","31-08-2026 05:00:00",14.465052,78.824187,OZONE,22,22,22
India,"Andhra Pradesh",Kurnool,"Sita Rama Nagar, Kurnool - APPCB","31-08-2026 05:00:00",15.83411,78.028546,PM2.5,25,46,33
India,"Andhra Pradesh",Kurnool,"Sita Rama Nagar, Kurnool - APPCB","31-08-2026 05:00:00",15.83411,78.028546,PM10,27,46,35
India,"Andhra Pradesh",Kurnool,"Sita Rama Nagar, Kurnool - APPCB","31-08-2026 05:00:00",15.83411,78.028546,SO2,9,10,10
India,"Andhra Pradesh",Machilipatnam,"Srinivas Nagar Colony, Machilipatnam - APPCB","31-08-2026 05:00:00",16.186555,81.13219,NH3,2,4,3
India,"Andhra Pradesh",Nellore,"Ambedkar Nagar, Nellore - APPCB ","31-08-2026 05:00:00",14.438164,79.966814,SO2,15,21,18
India,"Andhra Pradesh",Nellore,"Ambedkar Nagar, Nellore - APPCB ","31-08-2026 05:00:00",14.438164,79.966814,OZONE,23,26,25
India,"Andhra Pradesh",Rajamahendravaram,"Anand Kala Kshetram, Rajamahendravaram - APPCB","31-08-2026 05:00:00",16.9872867,81.7363176,NO2,3,10,6
India,"Andhra Pradesh",Rajamahendravaram,"Anand Kala Kshetram, Rajamahendravaram - APPCB","31-08-2026 05:00:00",16.9872867,81.7363176,SO2,2,8,5
India,"Andhra Pradesh",Rajamahendravaram,"Anand Kala Kshetram, Rajamahendravaram - APPCB","31-08-2026 05:00:00",16.9872867,81.7363176,CO,7,15,11
India,"Andhra Pradesh",Rajamahendravaram,"Anand Kala Kshetram, Rajamahendravaram - APPCB","31-08-2026 05:00:00",16.9872867,81.7363176,OZONE,14,28,21
India,Assam,Nalbari,"Bata Chowk, Nalbari - PCBA","31-08-2026 05:00:00",26.446912,91.439057,PM10,15,69,45
India,Assam,Nalbari,"Bata Chowk, Nalbari - PCBA","31-08-2026 05:00:00",26.446912,91.439057,NH3,6,6,6
India,Assam,Nalbari,"Bata Chowk, Nalbari - PCBA","31-08-2026 05:00:00",26.446912,91.439057,SO2,8,8,8
India,Assam,Sivasagar,"Girls College, Sivasagar - PCBA","31-08-2026 05:00:00",26.987634,94.636574,PM10,26,34,28
India,Assam,Sivasagar,"Girls College, Sivasagar - PCBA","31-08-2026 05:00:00",26.987634,94.636574,NO2,7,14,11
India,Bihar,Araria,"Kharahiya Basti, Araria - BSPCB","31-08-2026 05:00:00",26.146529,87.454184,PM2.5,5,65,28
India,Bihar,Araria,"Kharahiya Basti, Araria - BSPCB","31-08-2026 05:00:00",26.146529,87.454184,NH3,4,5,4
India,Bihar,Araria,"Kharahiya Basti, Araria - BSPCB","31-08-2026 05:00:00",26.146529,87.454184,CO,19,28,24
India,Bihar,Aurangabad,"Gurdeo Nagar, Aurangabad - BSPCB","31-08-2026 05:00:00",24.75746,84.366208,SO2,10,24,20
India,Bihar,Begusarai,"Lohiyanagar, Begusarai - BSPCB","31-08-2026 05:00:00",25.42742023,86.13886079,PM2.5,7,68,35
India,Bihar,Begusarai,"Lohiyanagar, Begusarai - BSPCB","31-08-2026 05:00:00",25.42742023,86.13886079,PM10,13,121,66
India,Bihar,Begusarai,"Lohiyanagar, Begusarai - BSPCB","31-08-2026 05:00:00",25.42742023,86.13886079,NH3,2,3,3
India,Bihar,Katihar,"Mirchaibari, Katihar - BSPCB","31-08-2026 05:00:00",25.560083,87.553265,CO,74,101,88
India,Bihar,Manguraha,"Forest Rest House, Manguraha - BSPCB","31-08-2026 05:00:00",27.308328,84.531742,PM2.5,NA,NA,NA
India,Bihar,Manguraha,"Forest Rest House, Manguraha - BSPCB","31-08-2026 05:00:00",27.308328,84.531742,OZONE,32,40,36
India,Bihar,Motihari,"Gandak Colony, Motihari - BSPCB","31-08-2026 05:00:00",26.63086,84.90051,PM2.5,13,500,56
India,Bihar,Munger,"Town Hall, Munger - BSPCB","31-08-2026 05:00:00",25.376776,86.471523,OZONE,13,15,14
India,Bihar,Muzaffarpur,"MIT-Daudpur Kothi, Muzaffarpur - BSPCB","31-08-2026 05:00:00",26.1403345,85.3650192,NO2,1,5,2
India,Bihar,Muzaffarpur,"MIT-Daudpur Kothi, Muzaffarpur - BSPCB","31-08-2026 05:00:00",26.1403345,85.3650192,CO,8,14,10
India,Bihar,Patna,"DRM Office Danapur, Patna - BSPCB","31-08-2026 05:00:00",25.586562,85.043586,NO2,19,26,23
India,Chhattisgarh,Raipur,"AIIMS, Raipur - CECB","31-08-2026 05:00:00",21.258815,81.578979,PM2.5,13,25,20
India,Delhi,Delhi,"ITO, Delhi - CPCB","31-08-2026 05:00:00",28.628624,77.24106,PM2.5,NA,NA,NA
India,Delhi,Delhi,"Narela, Delhi - DPCC","31-08-2026 05:00:00",28.822836,77.101981,NO2,20,31,23
India,Delhi,Delhi,"Major Dhyan Chand National Stadium, Delhi - DPCC","31-08-2026 05:00:00",28.611281,77.237738,PM2.5,2,50,19
India,Delhi,Delhi,"Major Dhyan Chand National Stadium, Delhi - DPCC","31-08-2026 05:00:00",28.611281,77.237738,NH3,12,15,14
India,Delhi,Delhi,"Sonia Vihar, Delhi - DPCC","31-08-2026 05:00:00",28.710508,77.249485,NO2,20,68,34
India,Delhi,Delhi,"Bawana, Delhi - DPCC","31-08-2026 05:00:00",28.7762,77.051074,PM2.5,3,143,64
India,Delhi,Delhi,"Bawana, Delhi - DPCC","31-08-2026 05:00:00",28.7762,77.051074,PM10,59,159,109
India,Delhi,Delhi,"Bawana, Delhi - DPCC","31-08-2026 05:00:00",28.7762,77.051074,SO2,16,17,16
India,Bihar,Bhagalpur,"Mayaganj, Bhagalpur - BSPCB","31-08-2026 05:00:00",25.265194,87.012947,NH3,4,4,4
India,Bihar,Bhagalpur,"DM Office_Kachari Chowk, Bhagalpur - BSPCB","31-08-2026 05:00:00",25.251013,86.989001,NO2,10,13,12
India,Bihar,Chhapra,"Darshan Nagar, Chhapra - BSPCB","31-08-2026 05:00:00",25.7808257,84.7446768,OZONE,1,3,2
India,Bihar,Gaya,"SFTI Kusdihra, Gaya - BSPCB","31-08-2026 05:00:00",24.762518,84.982348,NO2,21,27,25
India,Bihar,Gaya,"Kareemganj, Gaya - BSPCB","31-08-2026 05:00:00",24.792403,84.992416,NO2,NA,NA,NA
India,Bihar,Gaya,"Kareemganj, Gaya - BSPCB","31-08-2026 05:00:00",24.792403,84.992416,NH3,1,2,1
India,"Andhra Pradesh",Amaravati,"Secretariat, Amaravati - APPCB","31-08-2026 05:00:00",16.5150833,80.5181667,PM10,16,71,41
India,"Andhra Pradesh",Chittoor,"Gangineni Cheruvu, Chittoor - APPCB","31-08-2026 05:00:00",13.20488,79.097889,PM10,52,59,56
India,"Andhra Pradesh",Eluru,"District Court, Eluru - APPCB","31-08-2026 05:00:00",16.711754,81.092095,NH3,3,6,5
India,"Andhra Pradesh",Guntur,"Rajendra Nagar North, Guntur - APPCB","31-08-2026 05:00:00",16.316553,80.413302,PM10,51,65,58
India,Delhi,Delhi,"Dr. Karni Singh Shooting Range, Delhi - DPCC","31-08-2026 05:00:00",28.498571,77.26484,CO,16,25,19
India,Delhi,Delhi,"IIT Delhi, Delhi - IITM","31-08-2026 05:00:00",28.54246,77.191651,PM2.5,25,68,48
India,Delhi,Delhi,"IIT Delhi, Delhi - IITM","31-08-2026 05:00:00",28.54246,77.191651,SO2,NA,NA,NA
India,Delhi,Delhi,"IIT Delhi, Delhi - IITM","31-08-2026 05:00:00",28.54246,77.191651,OZONE,19,24,23
India,Delhi,Delhi,"IGI Airport (T3), Delhi - IITM","31-08-2026 05:00:00",28.5627763,77.1180053,PM10,71,160,118
India,Delhi,Delhi,"IGI Airport (T3), Delhi - IITM","31-08-2026 05:00:00",28.5627763,77.1180053,NH3,NA,NA,NA
India,Delhi,Delhi,"IGI Airport (T3), Delhi - IITM","31-08-2026 05:00:00",28.5627763,77.1180053,CO,14,28,19
India,Delhi,Delhi,"IGI Airport (T3), Delhi - IITM","31-08-2026 05:00:00",28.5627763,77.1180053,OZONE,26,41,34
India,Delhi,Delhi,"IGNOU_Maidan Garhi, Delhi - DPCC","31-08-2026 05:00:00",28.493624,77.201159,PM2.5,12,29,20
India,Delhi,Delhi,"IGNOU_Maidan Garhi, Delhi - DPCC","31-08-2026 05:00:00",28.493624,77.201159,PM10,73,127,102
India,Delhi,Delhi,"IGNOU_Maidan Garhi, Delhi - DPCC","31-08-2026 05:00:00",28.493624,77.201159,NO2,7,21,12
India,Delhi,Delhi,"IGNOU_Maidan Garhi, Delhi - DPCC","31-08-2026 05:00:00",28.493624,77.201159,NH3,NA,NA,NA
India,Delhi,Delhi,"IGNOU_Maidan Garhi, Delhi - DPCC","31-08-2026 05:00:00",28.493624,77.201159,OZONE,1,2,2
India,Delhi,Delhi,"Commonwealth Sports Complex, Delhi - DPCC","31-08-2026 05:00:00",28.615828,77.271992,SO2,4,9,5
India,Delhi,Delhi,"Talkatora Garden, Delhi - DPCC","31-08-2026 05:00:00",28.62181,77.1944633,OZONE,6,8,7
India,Gujarat,Gandhinagar,"Sector-10, Gandhinagar - GPCB","31-08-2026 05:00:00",23.221714,72.654328,SO2,4,7,6
India,Gujarat,Gandhinagar,"Sector-10, Gandhinagar - GPCB","31-08-2026 05:00:00",23.221714,72.654328,OZONE,NA,NA,NA
India,Gujarat,Gandhinagar,"GIFT City, Gandhinagar - IITM","31-08-2026 05:00:00",23.163798,72.677768,PM10,57,107,80
India,Gujarat,Mehsana,"Sadanand Nagar, Mehsana - Nexteng Enviro","31-08-2026 05:00:00",23.59315,72.372792,PM10,24,115,58
India,Gujarat,Rajkot,"Mavdi, Rajkot - Nexteng Enviro ","31-08-2026 05:00:00",22.248853,70.776774,PM2.5,11,59,37
India,Gujarat,Rajkot,"Mavdi, Rajkot - Nexteng Enviro ","31-08-2026 05:00:00",22.248853,70.776774,PM10,18,77,41
India,Gujarat,Surat,"Science Center, Surat - SMC","31-08-2026 05:00:00",21.170046,72.795405,PM10,19,45,34
India,Gujarat,Surat,"Science Center, Surat - SMC","31-08-2026 05:00:00",21.170046,72.795405,SO2,15,17,16
India,Gujarat,Surat,"Katargam, Surat - Nexteng Enviro","31-08-2026 05:00:00",21.217779,72.834787,OZONE,7,8,7
India,Gujarat,Vadodara,"Bapunagar, Vadodara - Nexteng Enviro","31-08-2026 05:00:00",22.320153,73.216285,OZONE,3,4,3
India,Gujarat,Vatva,"Phase-4 GIDC, Vatva - GPCB","31-08-2026 05:00:00",22.969611,72.6435,NO2,24,44,32
India,Haryana,Bahadurgarh,"Arya Nagar, Bahadurgarh - HSPCB","31-08-2026 05:00:00",28.6701,76.9254,SO2,7,9,8
India,Haryana,Bahadurgarh,"Arya Nagar, Bahadurgarh - HSPCB","31-08-2026 05:00:00",28.6701,76.9254,CO,30,36,32
India,Haryana,Ballabgarh,"Nathu Colony, Ballabgarh - HSPCB","31-08-2026 05:00:00",28.3419248,77.319699,NO2,19,21,20
India,Haryana,Bhiwani,"H.B. Colony, Bhiwani - HSPCB","31-08-2026 05:00:00",28.806223,76.141105,CO,9,25,19
India,Haryana,"Charkhi Dadri","Mini Secretariat, Charkhi Dadri - HSPCB","31-08-2026 05:00:00",28.593883,76.270653,PM2.5,65,303,213
India,Haryana,"Charkhi Dadri","Mini Secretariat, Charkhi Dadri - HSPCB","31-08-2026 05:00:00",28.593883,76.270653,NO2,9,20,14
India,Haryana,Dharuhera,"Municipal Corporation Office, Dharuhera -  HSPCB","31-08-2026 05:00:00",28.2068,76.7997,PM2.5,13,43,26
India,Haryana,Dharuhera,"Municipal Corporation Office, Dharuhera -  HSPCB","31-08-2026 05:00:00",28.2068,76.7997,SO2,7,10,9
India,Haryana,Faridabad,"New Industrial Town, Faridabad - HSPCB","31-08-2026 05:00:00",28.39072,77.30059,NH3,10,12,11
India,Delhi,Delhi,"Okhla Phase-2, Delhi - DPCC","31-08-2026 05:00:00",28.530785,77.271255,PM10,72,211,131
India,Delhi,Delhi,"Rohini, Delhi - DPCC","31-08-2026 05:00:00",28.732528,77.11992,NH3,3,5,4
India,Delhi,Delhi,"Jahangirpuri, Delhi - DPCC","31-08-2026 05:00:00",28.73282,77.170633,PM2.5,8,110,57
India,Delhi,Delhi,"Jahangirpuri, Delhi - DPCC","31-08-2026 05:00:00",28.73282,77.170633,CO,105,116,109
India,Delhi,Delhi,"IHBAS, Dilshad Garden, Delhi - CPCB","31-08-2026 05:00:00",28.6811736,77.3025234,PM2.5,63,120,87
India,Delhi,Delhi,"IHBAS, Dilshad Garden, Delhi - CPCB","31-08-2026 05:00:00",28.6811736,77.3025234,PM10,71,121,97
India,Delhi,Delhi,"Sri Aurobindo Marg, Delhi - DPCC","31-08-2026 05:00:00",28.531346,77.190156,NO2,15,43,22
India,Delhi,Delhi,"Sri Aurobindo Marg, Delhi - DPCC","31-08-2026 05:00:00",28.531346,77.190156,CO,26,61,42
India,Delhi,Delhi,"Nehru Nagar, Delhi - DPCC","31-08-2026 05:00:00",28.56789,77.250515,NO2,13,68,30
India,Delhi,Delhi,"Nehru Nagar, Delhi - DPCC","31-08-2026 05:00:00",28.56789,77.250515,SO2,3,110,11
India,Delhi,Delhi,"Aya Nagar, Delhi - IITM","31-08-2026 05:00:00",28.4706914,77.1099364,PM2.5,27,67,44
India,Delhi,Delhi,"Aya Nagar, Delhi - IITM","31-08-2026 05:00:00",28.4706914,77.1099364,CO,20,26,23
India,Delhi,Delhi,"Burari Crossing, Delhi - IITM","31-08-2026 05:00:00",28.7256504,77.2011573,PM2.5,23,74,49
India,Delhi,Delhi,"Burari Crossing, Delhi - IITM","31-08-2026 05:00:00",28.7256504,77.2011573,PM10,72,158,107
India,Delhi,Delhi,"Burari Crossing, Delhi - IITM","31-08-2026 05:00:00",28.7256504,77.2011573,OZONE,10,42,28
India,Delhi,Delhi,"IMD Lodhi Road, Delhi - IITM","31-08-2026 05:00:00",28.5918245,77.2273074,SO2,NA,NA,NA
India,Delhi,Delhi,"JNU, Delhi - DPCC","31-08-2026 05:00:00",28.540721,77.168544,NH3,0,5,2
India,Delhi,Delhi,"Alipur, Delhi - DPCC","31-08-2026 05:00:00",28.815329,77.15301,PM10,NA,NA,NA
India,Delhi,Delhi,"North Campus, DU, Delhi - IITM","31-08-2026 05:00:00",28.6573814,77.1585447,NO2,41,244,92
India,Haryana,Faridabad,"Sector 30, Faridabad - HSPCB","31-08-2026 05:00:00",28.4417,77.3217,NH3,11,12,11
India,Haryana,Faridabad,"Sector 30, Faridabad - HSPCB","31-08-2026 05:00:00",28.4417,77.3217,SO2,4,9,6
India,Haryana,Fatehabad,"Huda Sector, Fatehabad - HSPCB","31-08-2026 05:00:00",29.503664,75.467934,SO2,22,27,24
India,Haryana,Gurugram,"Teri Gram, Gurugram - HSPCB","31-08-2026 05:00:00",28.4275,77.1465,PM2.5,27,81,53
India,Haryana,Gurugram,"NISE Gwal Pahari, Gurugram - IITM","31-08-2026 05:00:00",28.422681,77.148944,PM10,89,146,116
India,Haryana,Gurugram,"NISE Gwal Pahari, Gurugram - IITM","31-08-2026 05:00:00",28.422681,77.148944,CO,27,28,28
India,Haryana,Gurugram,"Sector-51, Gurugram - HSPCB","31-08-2026 05:00:00",28.4227,77.0667,PM2.5,72,162,106
India,Haryana,Gurugram,"Vikas Sadan, Gurugram - HSPCB","31-08-2026 05:00:00",28.4501238,77.0263051,SO2,5,14,10
India,Delhi,Delhi,"Ashok Vihar, Delhi - DPCC","31-08-2026 05:00:00",28.695381,77.181665,CO,84,107,95
India,Delhi,Delhi,"Shadipur, Delhi - CPCB","31-08-2026 05:00:00",28.6514781,77.1473105,NH3,7,31,11
India,Delhi,Delhi,"Shadipur, Delhi - CPCB","31-08-2026 05:00:00",28.6514781,77.1473105,OZONE,9,14,11
India,Delhi,Delhi,"Pusa, Delhi - DPCC","31-08-2026 05:00:00",28.639652,77.146275,NO2,13,64,30
India,Delhi,Delhi,"Pusa, Delhi - DPCC","31-08-2026 05:00:00",28.639652,77.146275,CO,58,81,66
India,Delhi,Delhi,"Sirifort, Delhi - CPCB","31-08-2026 05:00:00",28.5504249,77.2159377,NO2,42,46,44
India,Delhi,Delhi,"Sirifort, Delhi - CPCB","31-08-2026 05:00:00",28.5504249,77.2159377,OZONE,10,20,15
India,Delhi,Delhi,"DTU, Delhi - CPCB","31-08-2026 05:00:00",28.7500499,77.1112615,NH3,2,3,2
India,Delhi,Delhi,"Dwarka-Sector 8, Delhi - DPCC ","31-08-2026 05:00:00",28.5710274,77.0719006,NO2,14,97,34
India,Delhi,Delhi,"R K Puram, Delhi - DPCC","31-08-2026 05:00:00",28.563262,77.186937,NO2,10,69,32
India,Delhi,Delhi,"R K Puram, Delhi - DPCC","31-08-2026 05:00:00",28.563262,77.186937,CO,69,102,82
India,Gujarat,Ahmedabad,"Rakhial, Ahmedabad - IITM","31-08-2026 05:00:00",23.016834,72.625775,PM10,45,80,63
India,Gujarat,Ahmedabad,"Chandkheda, Ahmedabad - IITM","31-08-2026 05:00:00",23.107969,72.574648,NO2,4,11,7
India,Gujarat,Ahmedabad,"Chandkheda, Ahmedabad - IITM","31-08-2026 05:00:00",23.107969,72.574648,SO2,5,9,7
India,Gujarat,Ahmedabad,"Raikhad, Ahmedabad - IITM","31-08-2026 05:00:00",23.020509,72.579261,SO2,5,10,8
India,Delhi,Delhi,"Najafgarh, Delhi - DPCC","31-08-2026 05:00:00",28.570173,76.933762,CO,5,20,13
India,Delhi,Delhi,"Wazirpur, Delhi - DPCC","31-08-2026 05:00:00",28.699793,77.165453,SO2,25,29,27
India,Delhi,Delhi,"NSUT Jaffarpur, Delhi - DPCC","31-08-2026 05:00:00",28.594004,76.909423,NO2,2,28,12
India,Delhi,Delhi,"Mundka, Delhi - DPCC","31-08-2026 05:00:00",28.684678,77.076574,PM2.5,13,130,41
India,Delhi,Delhi,"Mundka, Delhi - DPCC","31-08-2026 05:00:00",28.684678,77.076574,PM10,112,226,145
India,Delhi,Delhi,"Mundka, Delhi - DPCC","31-08-2026 05:00:00",28.684678,77.076574,NO2,63,87,73
India,"Madhya Pradesh",Jabalpur,"Suhagi, Jabalpur - JMC","31-08-2026 05:00:00",23.218135,79.95777,OZONE,10,17,13
India,"Madhya Pradesh",Katni,"Gole Bazar, Katni - MPPCB","31-08-2026 05:00:00",23.50016,80.23284,PM2.5,25,58,44
India,"Madhya Pradesh",Katni,"Gole Bazar, Katni - MPPCB","31-08-2026 05:00:00",23.50016,80.23284,PM10,54,91,71
India,"Madhya Pradesh",Katni,"Gole Bazar, Katni - MPPCB","31-08-2026 05:00:00",23.50016,80.23284,CO,15,32,22
India,"Madhya Pradesh",Maihar,"Sahilara, Maihar - KJS Cements","31-08-2026 05:00:00",24.2613009,80.7231783,NO2,16,21,19
India,"Madhya Pradesh",Maihar,"Sahilara, Maihar - KJS Cements","31-08-2026 05:00:00",24.2613009,80.7231783,OZONE,NA,NA,NA
India,"Madhya Pradesh",Pithampur,"Sector-2 Industrial Area, Pithampur - MPPCB","31-08-2026 05:00:00",22.624758,75.675238,NO2,9,21,13
India,"Madhya Pradesh",Sagar,"Civil Lines, Sagar - MPPCB","31-08-2026 05:00:00",23.838586,78.759431,SO2,6,8,7
India,"Madhya Pradesh",Satna,"Bandhavgar Colony, Satna - Birla Cement","31-08-2026 05:00:00",24.58434363,80.8549414,PM2.5,49,52,50
India,"Madhya Pradesh",Satna,"Bandhavgar Colony, Satna - Birla Cement","31-08-2026 05:00:00",24.58434363,80.8549414,CO,11,14,12
India,"Madhya Pradesh",Satna,"Bandhavgar Colony, Satna - Birla Cement","31-08-2026 05:00:00",24.58434363,80.8549414,OZONE,10,40,22
India,"Madhya Pradesh",Singrauli,"Suryakiran Bhawan NCL, Singrauli - MPPCB","31-08-2026 05:00:00",24.10897,82.64558,PM10,NA,NA,NA
India,"Madhya Pradesh",Singrauli,"Suryakiran Bhawan NCL, Singrauli - MPPCB","31-08-2026 05:00:00",24.10897,82.64558,SO2,NA,NA,NA
India,"Madhya Pradesh",Ujjain,"Mahashweta Nagar, Ujjain - MPPCB","31-08-2026 05:00:00",23.1633321,75.800225,PM10,37,84,54
India,Karnataka,Kalaburagi,"Mahatma Basaveswar Colony, Kalaburgi - KSPCB","31-08-2026 05:00:00",17.336318,76.847397,PM10,28,50,35
India,Karnataka,Kalaburagi,"Mahatma Basaveswar Colony, Kalaburgi - KSPCB","31-08-2026 05:00:00",17.336318,76.847397,CO,29,40,33
India,Karnataka,Kalaburagi,"Mahatma Basaveswar Colony, Kalaburgi - KSPCB","31-08-2026 05:00:00",17.336318,76.847397,OZONE,16,16,16
India,Karnataka,Madikeri,"Stuart Hill, Madikeri - KSPCB","31-08-2026 05:00:00",12.415911,75.73505,CO,8,18,12
India,Karnataka,Mysuru,"Hebbal 1st Stage, Mysuru - KSPCB","31-08-2026 05:00:00",12.21041,76.37376,PM10,25,56,42
India,Karnataka,Ramanagara,"Vijay Nagar, Ramanagara - KSPCB","31-08-2026 05:00:00",12.733409,77.298051,NH3,NA,NA,NA
India,Karnataka,Ramanagara,"Vijay Nagar, Ramanagara - KSPCB","31-08-2026 05:00:00",12.733409,77.298051,CO,28,34,30
India,Karnataka,Shivamogga,"Vinoba Nagara, Shivamogga - KSPCB","31-08-2026 05:00:00",13.94,75.555917,PM2.5,22,36,33
India,Karnataka,Shivamogga,"Vinoba Nagara, Shivamogga - KSPCB","31-08-2026 05:00:00",13.94,75.555917,NO2,15,27,24
India,Karnataka,Vijayapura,"Ibrahimpur, Vijayapura - KSPCB","31-08-2026 05:00:00",16.802639,75.722694,NO2,11,12,11
India,Karnataka,Yadgir,"Collector Office, Yadgir - KSPCB","31-08-2026 05:00:00",16.7602,77.1428,PM2.5,4,20,11
India,Kerala,Kannur,"Thavakkara, Kannur - Kerala PCB","31-08-2026 05:00:00",11.875,75.3732,PM2.5,NA,NA,NA
India,Kerala,Kannur,"Thavakkara, Kannur - Kerala PCB","31-08-2026 05:00:00",11.875,75.3732,NO2,11,12,12
India,Kerala,Kannur,"Thavakkara, Kannur - Kerala PCB","31-08-2026 05:00:00",11.875,75.3732,NH3,1,1,1
India,Karnataka,Bengaluru,"Peenya, Bengaluru - CPCB","31-08-2026 05:00:00",13.0270199,77.494094,NO2,24,25,24
India,Karnataka,Bengaluru,"Peenya, Bengaluru - CPCB","31-08-2026 05:00:00",13.0270199,77.494094,SO2,6,13,9
India,Karnataka,Bengaluru,"Shivapura_Peenya, Bengaluru - KSPCB","31-08-2026 05:00:00",13.0246342,77.5080115,PM10,NA,NA,NA
India,Karnataka,Bengaluru,"Shivapura_Peenya, Bengaluru - KSPCB","31-08-2026 05:00:00",13.0246342,77.5080115,CO,17,20,19
India,Karnataka,Bengaluru,"Hebbal, Bengaluru - KSPCB","31-08-2026 05:00:00",13.029152,77.585901,NO2,16,18,17
India,Karnataka,Bengaluru,"Hebbal, Bengaluru - KSPCB","31-08-2026 05:00:00",13.029152,77.585901,NH3,2,2,2
India,Karnataka,Bengaluru,"Hebbal, Bengaluru - KSPCB","31-08-2026 05:00:00",13.029152,77.585901,OZONE,1,1,1
India,Karnataka,Bengaluru,"Silk Board, Bengaluru - KSPCB","31-08-2026 05:00:00",12.917348,77.622813,CO,18,64,34
India,Karnataka,Bengaluru,"Bapuji Nagar, Bengaluru - KSPCB","31-08-2026 05:00:00",12.951913,77.539784,PM10,29,57,45
India,Karnataka,Chamarajanagar,"Urban, Chamarajanagar - KSPCB","31-08-2026 05:00:00",11.55358,76.55521,SO2,2,4,4
India,Karnataka,Chikkamagaluru,"Kalyana Nagara, Chikkamagaluru - KSPCB","31-08-2026 05:00:00",13.328028,75.797056,PM10,30,52,39
India,Karnataka,Gadag,"Panchal Nagar, Gadag - KSPCB","31-08-2026 05:00:00",15.411456,75.638133,PM2.5,59,73,65
India,Karnataka,Gadag,"Panchal Nagar, Gadag - KSPCB","31-08-2026 05:00:00",15.411456,75.638133,NH3,3,5,4
India,Karnataka,Gadag,"Panchal Nagar, Gadag - KSPCB","31-08-2026 05:00:00",15.411456,75.638133,SO2,28,32,30
India,Haryana,Kaithal,"Rishi Nagar, Kaithal - HSPCB","31-08-2026 05:00:00",29.8006,76.4155,PM2.5,57,152,115
India,Haryana,Kaithal,"Rishi Nagar, Kaithal - HSPCB","31-08-2026 05:00:00",29.8006,76.4155,OZONE,11,19,14
India,Haryana,Karnal,"Sector-12, Karnal - HSPCB","31-08-2026 05:00:00",29.6953,77.0027,SO2,12,13,12
India,Haryana,Kurukshetra,"Sector-7, Kurukshetra - HSPCB","31-08-2026 05:00:00",29.966942,76.875879,PM10,84,119,105
India,Haryana,Kurukshetra,"Sector-7, Kurukshetra - HSPCB","31-08-2026 05:00:00",29.966942,76.875879,NO2,7,9,8
India,Haryana,Kurukshetra,"Sector-7, Kurukshetra - HSPCB","31-08-2026 05:00:00",29.966942,76.875879,CO,5,21,9
India,Haryana,Mandikhera,"General Hospital, Mandikhera(Nuh) - HSPCB","31-08-2026 05:00:00",27.9002,76.9938,PM2.5,64,126,83
India,Haryana,Mandikhera,"General Hospital, Mandikhera(Nuh) - HSPCB","31-08-2026 05:00:00",27.9002,76.9938,CO,49,50,50
India,Haryana,Mandikhera,"General Hospital, Mandikhera(Nuh) - HSPCB","31-08-2026 05:00:00",27.9002,76.9938,OZONE,46,48,47
India,Haryana,Manesar,"Sector-2 IMT, Manesar - HSPCB","31-08-2026 05:00:00",28.360699,76.93609,PM10,73,111,96
India,Haryana,Palwal,"Shyam Nagar, Palwal - HSPCB","31-08-2026 05:00:00",28.1485564,77.3320667,PM2.5,42,75,51
India,Haryana,Palwal,"Shyam Nagar, Palwal - HSPCB","31-08-2026 05:00:00",28.1485564,77.3320667,OZONE,10,10,10
India,"Madhya Pradesh",Gwalior,"Maharaj Bada, Gwalior - MPPCB","31-08-2026 05:00:00",26.200388,78.147714,PM10,20,39,29
India,"Madhya Pradesh",Gwalior,"City Center, Gwalior - MPPCB","31-08-2026 05:00:00",26.203442,78.193251,PM2.5,33,44,39
India,"Madhya Pradesh",Gwalior,"City Center, Gwalior - MPPCB","31-08-2026 05:00:00",26.203442,78.193251,NO2,35,56,48
India,"Madhya Pradesh",Gwalior,"City Center, Gwalior - MPPCB","31-08-2026 05:00:00",26.203442,78.193251,SO2,12,32,24
India,"Madhya Pradesh",Indore,"Airport Area, Indore - IMC","31-08-2026 05:00:00",22.7289,75.8076,PM10,18,63,47
India,"Madhya Pradesh",Indore,"Residency Area, Indore - IMC","31-08-2026 05:00:00",22.7084,75.8815,NH3,0,0,0
India,"Madhya Pradesh",Jabalpur,"Marhatal, Jabalpur - MPPCB","31-08-2026 05:00:00",23.168606,79.932247,SO2,10,13,11
India,"Madhya Pradesh",Jabalpur,"Govindh Bhavan Colony, Jabalpur - JMC","31-08-2026 05:00:00",23.163174,79.973061,PM10,35,64,51
India,"Madhya Pradesh",Jabalpur,"Govindh Bhavan Colony, Jabalpur - JMC","31-08-2026 05:00:00",23.163174,79.973061,NO2,62,68,65
India,"Madhya Pradesh",Jabalpur,"Govindh Bhavan Colony, Jabalpur - JMC","31-08-2026 05:00:00",23.163174,79.973061,NH3,9,9,9
India,Haryana,Panipat,"Sector-18, Panipat - HSPCB","31-08-2026 05:00:00",29.432304,76.972765,NO2,5,9,8
India,Haryana,Rohtak,"MD University, Rohtak - HSPCB","31-08-2026 05:00:00",28.52123,76.37138,NO2,8,11,9
India,Haryana,Rohtak,"MD University, Rohtak - HSPCB","31-08-2026 05:00:00",28.52123,76.37138,NH3,NA,NA,NA
India,Haryana,Rohtak,"MD University, Rohtak - HSPCB","31-08-2026 05:00:00",28.52123,76.37138,CO,37,43,41
India,Haryana,Sirsa,"F-Block, Sirsa - HSPCB","31-08-2026 05:00:00",29.5364,75.0158,PM2.5,30,54,39
India,Haryana,Sonipat,"Murthal, Sonipat - HSPCB","31-08-2026 05:00:00",29.0272,77.0621,NH3,8,9,9
India,"Himachal Pradesh",Baddi,"HIMUDA Complex Phase-1, Baddi - HPPCB","31-08-2026 05:00:00",30.943887,76.801991,OZONE,3,29,13
India,"Jammu and Kashmir",Pampore,"Khrew, Pampore - JKPCC","31-08-2026 05:00:00",34.031606,75.009712,NO2,6,30,14
India,"Jammu and Kashmir",Pampore,"Khrew, Pampore - JKPCC","31-08-2026 05:00:00",34.031606,75.009712,CO,NA,NA,NA
India,Maharashtra,Akola,"Ramdaspeth, Akola - MPCB","31-08-2026 05:00:00",20.719516,77.000253,PM10,45,65,54
India,Maharashtra,Amravati,"Shivneri Colony, Amravati - MPCB","31-08-2026 05:00:00",20.9402359,77.7895248,NO2,3,14,6
India,Maharashtra,Amravati,"Shivneri Colony, Amravati - MPCB","31-08-2026 05:00:00",20.9402359,77.7895248,SO2,3,4,3
India,Maharashtra,Aurangabad,"MIDC Chilkalthana, Aurangabad - MPCB","31-08-2026 05:00:00",19.87562,75.38731,NO2,13,13,13
India,Maharashtra,Aurangabad,"MIDC Chilkalthana, Aurangabad - MPCB","31-08-2026 05:00:00",19.87562,75.38731,CO,21,28,25
India,Maharashtra,Aurangabad,"Rachnakar Colony, Aurangabad - MPCB","31-08-2026 05:00:00",19.863756,75.321188,NH3,1,2,1
India,Maharashtra,Aurangabad,"More Chowk Waluj, Aurangabad - MPCB","31-08-2026 05:00:00",19.8389439,75.244448,PM2.5,46,55,50
India,Maharashtra,Aurangabad,"More Chowk Waluj, Aurangabad - MPCB","31-08-2026 05:00:00",19.8389439,75.244448,OZONE,3,13,8
India,Maharashtra,Badlapur,"Katrap, Badlapur - MPCB","31-08-2026 05:00:00",19.16485,73.23409,PM2.5,12,13,13
India,Jharkhand,Dhanbad,"Sardar Patel Nagar, Dhanbad - JSPCB","31-08-2026 05:00:00",23.80569,86.44268,NH3,NA,NA,NA
India,Jharkhand,Dhanbad,"Sardar Patel Nagar, Dhanbad - JSPCB","31-08-2026 05:00:00",23.80569,86.44268,SO2,NA,NA,NA
India,Jharkhand,Jorapokhar,"Tata Stadium, Jorapokhar - JSPCB","31-08-2026 05:00:00",23.707909,86.41467,OZONE,6,52,16
India,Karnataka,Bengaluru,"Jigani, Bengaluru - KSPCB","31-08-2026 05:00:00",12.7816279,77.6299145,NO2,18,19,18
India,Karnataka,Bengaluru,"Jigani, Bengaluru - KSPCB","31-08-2026 05:00:00",12.7816279,77.6299145,OZONE,21,22,22
India,Karnataka,Bengaluru,"City Railway Station, Bengaluru - KSPCB","31-08-2026 05:00:00",12.9756843,77.5660749,NO2,26,34,30
India,Karnataka,Bengaluru,"City Railway Station, Bengaluru - KSPCB","31-08-2026 05:00:00",12.9756843,77.5660749,NH3,NA,NA,NA
India,Karnataka,Bengaluru,"Jayanagar 5th Block, Bengaluru - KSPCB","31-08-2026 05:00:00",12.920984,77.584908,NO2,8,21,12
India,Karnataka,Bengaluru,"Hombegowda Nagar, Bengaluru - KSPCB","31-08-2026 05:00:00",12.938539,77.5901,OZONE,17,22,20
India,Kerala,Thiruvananthapuram,"Plammoodu, Thiruvananthapuram - Kerala PCB","31-08-2026 05:00:00",8.5149093,76.9435879,CO,6,13,9
India,Kerala,Thiruvananthapuram,"Kariavattom, Thiruvananthapuram - Kerala PCB","31-08-2026 05:00:00",8.5637,76.8865,PM2.5,36,42,39
India,"Madhya Pradesh",Bhopal,"Paryavaran Parisar, Bhopal - MPPCB","31-08-2026 05:00:00",23.210494,77.425409,SO2,3,7,5
India,"Madhya Pradesh",Bhopal,"T T Nagar, Bhopal - MPPCB","31-08-2026 05:00:00",23.233584,77.400574,PM10,49,97,78
India,"Madhya Pradesh",Damoh,"Shrivastav Colony, Damoh - MPPCB","31-08-2026 05:00:00",23.81748678,79.446246,CO,17,19,18
India,"Madhya Pradesh",Gwalior,"Maharaj Bada, Gwalior - MPPCB","31-08-2026 05:00:00",26.200388,78.147714,PM2.5,18,33,26
India,Maharashtra,Pimpri-Chinchwad,"Bhumkar Nagar, Pune - IITM","31-08-2026 05:00:00",18.60577,73.749976,PM10,31,148,73
India,Maharashtra,Pimpri-Chinchwad,"Bhumkar Nagar, Pune - IITM","31-08-2026 05:00:00",18.60577,73.749976,OZONE,6,8,7
India,Maharashtra,Pimpri-Chinchwad,"Thergaon, Pimpri Chinchwad - MPCB","31-08-2026 05:00:00",18.616318,73.765797,NH3,3,4,4
India,Maharashtra,Pimpri-Chinchwad,"Thergaon, Pimpri Chinchwad - MPCB","31-08-2026 05:00:00",18.616318,73.765797,CO,8,29,16
India,Maharashtra,Pimpri-Chinchwad,"Park Street Wakad, Pimpri Chinchwad - MPCB","31-08-2026 05:00:00",18.59051,73.77946,NH3,1,2,1
India,Maharashtra,Pimpri-Chinchwad,"Savta Mali Nagar, Pimpri-Chinchwad - IITM","31-08-2026 05:00:00",18.614767,73.799516,PM10,33,71,51
India,Maharashtra,Pune,"Hadapsar, Pune - IITM","31-08-2026 05:00:00",18.501793,73.927532,PM10,38,95,68
India,Maharashtra,Pune,"Revenue Colony-Shivajinagar, Pune - IITM","31-08-2026 05:00:00",18.530085,73.849598,PM2.5,14,35,24
India,Maharashtra,Pune,"Mhada Colony, Pune - IITM","31-08-2026 05:00:00",18.57304,73.927715,PM10,NA,NA,NA
India,Maharashtra,Pune,"Mhada Colony, Pune - IITM","31-08-2026 05:00:00",18.57304,73.927715,NO2,NA,NA,NA
India,Maharashtra,Pune,"Dhankawadi, Pune - IITM","31-08-2026 05:00:00",18.459883,73.852193,PM10,30,66,46
India,Maharashtra,Pune,"Dhankawadi, Pune - IITM","31-08-2026 05:00:00",18.459883,73.852193,NH3,NA,NA,NA
India,Maharashtra,Pune,"Dhankawadi, Pune - IITM","31-08-2026 05:00:00",18.459883,73.852193,OZONE,2,6,4
India,Maharashtra,Mumbai,"Bandra Kurla Complex, Mumbai - IITM","31-08-2026 05:00:00",19.053536,72.84643,CO,4,20,9
India,Maharashtra,Mumbai,"Kurla, Mumbai - MPCB","31-08-2026 05:00:00",19.0863,72.8888,PM10,NA,NA,NA
India,Maharashtra,Mumbai,"Kurla, Mumbai - MPCB","31-08-2026 05:00:00",19.0863,72.8888,CO,25,25,25
India,Maharashtra,Mumbai,"Ghatkopar, Mumbai - BMC","31-08-2026 05:00:00",19.083694,72.920967,NH3,3,6,4
India,Maharashtra,Mumbai,"Chhatrapati Shivaji Intl. Airport (T2), Mumbai - MPCB","31-08-2026 05:00:00",19.10078,72.87462,SO2,7,8,7
India,Maharashtra,Mumbai,"Powai, Mumbai - MPCB","31-08-2026 05:00:00",19.1375,72.915056,PM10,11,72,35
India,Maharashtra,Mumbai,"Powai, Mumbai - MPCB","31-08-2026 05:00:00",19.1375,72.915056,NH3,NA,NA,NA
India,Maharashtra,Nagpur,"Mahal, Nagpur - MPCB","31-08-2026 05:00:00",21.14472,79.107595,PM10,32,72,46
India,Maharashtra,Nagpur,"Mahal, Nagpur - MPCB","31-08-2026 05:00:00",21.14472,79.107595,CO,18,41,27
India,Maharashtra,Nagpur,"Ram Nagar, Nagpur - MPCB","31-08-2026 05:00:00",21.143383,79.048912,PM2.5,25,61,39
India,Maharashtra,Nagpur,"Ram Nagar, Nagpur - MPCB","31-08-2026 05:00:00",21.143383,79.048912,NH3,1,1,1
India,Maharashtra,Nagpur,"Opp GPO Civil Lines, Nagpur - MPCB","31-08-2026 05:00:00",21.152875,79.0517531,NH3,5,5,5
India,Maharashtra,Nagpur,"Opp GPO Civil Lines, Nagpur - MPCB","31-08-2026 05:00:00",21.152875,79.0517531,CO,7,39,24
India,Maharashtra,Malegaon,"Mahesh Nagar, Malegaon - MPCB","31-08-2026 05:00:00",20.555712,74.529236,PM2.5,37,89,51
India,Maharashtra,Malegaon,"Mahesh Nagar, Malegaon - MPCB","31-08-2026 05:00:00",20.555712,74.529236,PM10,59,100,75
India,Maharashtra,Malegaon,"Mahesh Nagar, Malegaon - MPCB","31-08-2026 05:00:00",20.555712,74.529236,NO2,16,19,17
India,Maharashtra,Malegaon,"Mahesh Nagar, Malegaon - MPCB","31-08-2026 05:00:00",20.555712,74.529236,NH3,1,1,1
India,Maharashtra,Mira-Bhayandar,"Bhayandar West, Mira-Bhayandar - MPCB","31-08-2026 05:00:00",19.296481,72.840923,NO2,3,6,5
India,Maharashtra,Mira-Bhayandar,"Bhayandar West, Mira-Bhayandar - MPCB","31-08-2026 05:00:00",19.296481,72.840923,OZONE,12,14,13
India,Maharashtra,Mumbai,"Shivaji Nagar, Mumbai - BMC","31-08-2026 05:00:00",19.060498,72.923356,OZONE,11,14,13
India,Maharashtra,Mumbai,"Sion, Mumbai - MPCB","31-08-2026 05:00:00",19.047,72.8746,PM2.5,4,15,8
India,Maharashtra,Mumbai,"Bandra Kurla Complex, Mumbai - MPCB","31-08-2026 05:00:00",19.065931,72.862131,PM2.5,10,44,23
India,Maharashtra,Mumbai,"Bandra Kurla Complex, Mumbai - MPCB","31-08-2026 05:00:00",19.065931,72.862131,NO2,4,6,5
India,Maharashtra,Mumbai,"Kherwadi_Bandra East, Mumbai - MPCB","31-08-2026 05:00:00",19.0632143,72.8456324,OZONE,22,26,24
India,Maharashtra,Mumbai,"Byculla, Mumbai - BMC","31-08-2026 05:00:00",18.9767,72.838,PM10,12,43,21
India,Maharashtra,Mumbai,"Byculla, Mumbai - BMC","31-08-2026 05:00:00",18.9767,72.838,CO,28,37,31
India,Maharashtra,Belapur,"CBD Belapur, Belapur - MPCB","31-08-2026 05:00:00",19.0243902,73.0406721,NO2,16,32,22
India,Maharashtra,Belapur,"CBD Belapur, Belapur - MPCB","31-08-2026 05:00:00",19.0243902,73.0406721,NH3,2,5,3
India,Maharashtra,Belapur,"CBD Belapur, Belapur - MPCB","31-08-2026 05:00:00",19.0243902,73.0406721,OZONE,9,12,10
India,Maharashtra,Bhiwandi,"Gokul Nagar, Bhiwandi - MPCB","31-08-2026 05:00:00",19.309073,73.057223,PM2.5,26,26,26
India,Maharashtra,Bhiwandi,"Gokul Nagar, Bhiwandi - MPCB","31-08-2026 05:00:00",19.309073,73.057223,NH3,4,13,8
India,Maharashtra,Bhiwandi,"Gokul Nagar, Bhiwandi - MPCB","31-08-2026 05:00:00",19.309073,73.057223,CO,18,25,22
India,Maharashtra,Boisar,"Khaira, Boisar - MPCB","31-08-2026 05:00:00",19.786089,72.757971,PM10,26,48,36
India,Maharashtra,Boisar,"Khaira, Boisar - MPCB","31-08-2026 05:00:00",19.786089,72.757971,CO,22,79,40
India,Maharashtra,Chandrapur,"MIDC Khutala, Chandrapur - MPCB","31-08-2026 05:00:00",19.9775302,79.2337086,SO2,3,5,3
India,Maharashtra,Chandrapur,"Chauhan Colony, Chandrapur - MPCB","31-08-2026 05:00:00",19.9629,79.298714,PM10,NA,NA,NA
India,Maharashtra,Dhule,"Deopur, Dhule - MPCB","31-08-2026 05:00:00",20.918946,74.776388,NH3,1,2,1
India,Maharashtra,Jalgaon,"Prabhat Colony, Jalgaon - MPCB","31-08-2026 05:00:00",21.001264,75.565602,PM10,15,64,38
India,Maharashtra,Nagpur,"Ambazari, Nagpur - MPCB","31-08-2026 05:00:00",21.121801,79.04952,NO2,7,12,10
India,Maharashtra,Nanded,"Sneh Nagar, Nanded - MPCB","31-08-2026 05:00:00",19.173852,77.296291,PM2.5,24,46,37
India,Maharashtra,Nanded,"Sneh Nagar, Nanded - MPCB","31-08-2026 05:00:00",19.173852,77.296291,PM10,27,60,47
India,Maharashtra,Nanded,"Sneh Nagar, Nanded - MPCB","31-08-2026 05:00:00",19.173852,77.296291,OZONE,7,30,19
India,Maharashtra,Nashik,"Gangapur Road, Nashik - MPCB","31-08-2026 05:00:00",20.0073285,73.7762427,PM10,10,37,22
India,Maharashtra,Nashik,"Gangapur Road, Nashik - MPCB","31-08-2026 05:00:00",20.0073285,73.7762427,NO2,5,5,5
India,Maharashtra,Nashik,"Pandav Nagari, Nashik - MPCB","31-08-2026 05:00:00",19.9591346,73.7788008,PM10,18,37,28
India,Maharashtra,Nashik,"Pandav Nagari, Nashik - MPCB","31-08-2026 05:00:00",19.9591346,73.7788008,SO2,1,5,3
India,Maharashtra,Nashik,"MIDC Ambad, Nashik - MPCB","31-08-2026 05:00:00",19.95022,73.73148,NO2,3,7,4
India,Maharashtra,"Navi Mumbai","Kopripada-Vashi, Navi Mumbai - MPCB","31-08-2026 05:00:00",19.090337,73.014232,NH3,NA,NA,NA
India,Maharashtra,"Navi Mumbai","Kopripada-Vashi, Navi Mumbai - MPCB","31-08-2026 05:00:00",19.090337,73.014232,OZONE,8,12,10
India,Maharashtra,Mumbai,"Byculla, Mumbai - BMC","31-08-2026 05:00:00",18.9767,72.838,OZONE,8,11,10
India,Maharashtra,Mumbai,"Worli, Mumbai - MPCB","31-08-2026 05:00:00",18.9936162,72.8128113,CO,31,39,35
India,Maharashtra,Mumbai,"Worli, Mumbai - MPCB","31-08-2026 05:00:00",18.9936162,72.8128113,OZONE,7,10,8
India,Maharashtra,Mumbai,"Kandivali West, Mumbai - BMC","31-08-2026 05:00:00",19.215859,72.831718,SO2,2,5,4
India,Maharashtra,Mumbai,"Kandivali West, Mumbai - BMC","31-08-2026 05:00:00",19.215859,72.831718,OZONE,9,16,11
India,Maharashtra,Mumbai,"Khindipada-Bhandup West, Mumbai - IITM","31-08-2026 05:00:00",19.1653323,72.922099,PM2.5,3,20,9
India,Maharashtra,Mumbai,"Khindipada-Bhandup West, Mumbai - IITM","31-08-2026 05:00:00",19.1653323,72.922099,NO2,12,16,14
India,Maharashtra,Mumbai,"Khindipada-Bhandup West, Mumbai - IITM","31-08-2026 05:00:00",19.1653323,72.922099,OZONE,7,12,9
India,Maharashtra,Mumbai,"Borivali East, Mumbai - IITM","31-08-2026 05:00:00",19.23241,72.86895,CO,9,26,18
India,Maharashtra,Mumbai,"Borivali East, Mumbai - IITM","31-08-2026 05:00:00",19.23241,72.86895,OZONE,24,33,28
India,Maharashtra,Mumbai,"Mazgaon, Mumbai - IITM","31-08-2026 05:00:00",18.96702,72.84214,NH3,2,3,3
India,Maharashtra,Jalna,"Old MIDC, Jalna - MPCB","31-08-2026 05:00:00",19.854616,75.905894,CO,15,24,18
India,Maharashtra,Kalyan,"Khadakpada, Kalyan - MPCB","31-08-2026 05:00:00",19.25292,73.142019,SO2,NA,NA,NA
India,Maharashtra,Kalyan,"Khadakpada, Kalyan - MPCB","31-08-2026 05:00:00",19.25292,73.142019,OZONE,8,8,8
India,Maharashtra,Kalyan,"Pimpleshwar Mandir, Kalyan - MPCB","31-08-2026 05:00:00",19.192056,72.9585188,NH3,0,2,1
India,Maharashtra,Kalyan,"Pimpleshwar Mandir, Kalyan - MPCB","31-08-2026 05:00:00",19.192056,72.9585188,CO,40,40,40
India,Maharashtra,Kolhapur,"Shivaji University, Kolhapur - MPCB","31-08-2026 05:00:00",16.6870449,74.2505872,NH3,3,4,3
India,Maharashtra,Latur,"Sawe Wadi, Latur - MPCB","31-08-2026 05:00:00",18.39963,76.57452,CO,3,20,9
India,Maharashtra,Mahad,"Kamble Tarf Birwadi, Mahad - MPCB","31-08-2026 05:00:00",18.1023399,73.4783687,CO,31,42,39
India,Maharashtra,"Navi Mumbai","Sector-2E Kalamboli, Navi Mumbai - MPCB","31-08-2026 05:00:00",19.02579,73.10297,SO2,6,7,6
India,Maharashtra,"Navi Mumbai","Mahape, Navi Mumbai - MPCB","31-08-2026 05:00:00",19.1135051,73.008978,PM10,36,86,49
India,Maharashtra,"Navi Mumbai","Mahape, Navi Mumbai - MPCB","31-08-2026 05:00:00",19.1135051,73.008978,SO2,14,15,14
India,Maharashtra,Pimpri-Chinchwad,"Gavalinagar, Pimpri Chinchwad - MPCB","31-08-2026 05:00:00",18.63673,73.82487,NO2,5,17,8
India,Maharashtra,Pimpri-Chinchwad,"Gavalinagar, Pimpri Chinchwad - MPCB","31-08-2026 05:00:00",18.63673,73.82487,NH3,2,2,2
India,Maharashtra,Pimpri-Chinchwad,"Gavalinagar, Pimpri Chinchwad - MPCB","31-08-2026 05:00:00",18.63673,73.82487,CO,5,12,9
India,Maharashtra,Pimpri-Chinchwad,"Bhosari, Pune - IITM","31-08-2026 05:00:00",18.640051,73.848956,OZONE,6,14,10
India,Maharashtra,"Navi Mumbai","Sanpada, Navi Mumbai - MPCB","31-08-2026 05:00:00",19.0575752,73.0151367,OZONE,6,13,10
India,Odisha,Rourkela,"Raghunathpali, Rourkela - OSPCB","31-08-2026 05:00:00",22.220833,84.809444,OZONE,2,3,3
India,Odisha,Rourkela,"Fertilizer Township, Rourkela - OSPCB","31-08-2026 05:00:00",22.18972222,84.86277778,SO2,6,12,10
India,Odisha,Talcher,"Talcher Coalfields,Talcher - OSPCB","31-08-2026 05:00:00",20.9360711,85.1707021,PM2.5,6,43,22
India,Odisha,Talcher,"Talcher Coalfields,Talcher - OSPCB","31-08-2026 05:00:00",20.9360711,85.1707021,NO2,69,96,82
India,Odisha,Tensa,"Barsua Iron Ore Mines, Tensa - OSPCB","31-08-2026 05:00:00",21.869985,85.167016,PM2.5,10,11,10
India,Odisha,Tensa,"Barsua Iron Ore Mines, Tensa - OSPCB","31-08-2026 05:00:00",21.869985,85.167016,PM10,16,33,23
India,Puducherry,Puducherry,"Jawahar Nagar, Puducherry - PPCC","31-08-2026 05:00:00",11.9309,79.8027,NH3,1,5,3
India,Punjab,Amritsar,"Golden Temple, Amritsar - PPCB","31-08-2026 05:00:00",31.62,74.876512,PM10,104,112,107
India,Punjab,Amritsar,"Golden Temple, Amritsar - PPCB","31-08-2026 05:00:00",31.62,74.876512,NH3,5,5,5
India,Punjab,Amritsar,"Golden Temple, Amritsar - PPCB","31-08-2026 05:00:00",31.62,74.876512,SO2,15,17,16
India,Punjab,Bathinda,"Hardev Nagar, Bathinda - PPCB","31-08-2026 05:00:00",30.233011,74.907758,SO2,9,24,15
India,Punjab,Khanna,"Kalal Majra, Khanna - PPCB","31-08-2026 05:00:00",30.736056,76.209694,PM2.5,1,399,110
India,Punjab,Khanna,"Kalal Majra, Khanna - PPCB","31-08-2026 05:00:00",30.736056,76.209694,CO,38,56,47
India,Punjab,"Mandi Gobindgarh","RIMT University, Mandi Gobindgarh - PPCB","31-08-2026 05:00:00",30.649961,76.331442,PM2.5,36,168,79
India,Punjab,"Mandi Gobindgarh","RIMT University, Mandi Gobindgarh - PPCB","31-08-2026 05:00:00",30.649961,76.331442,CO,36,57,45
India,Rajasthan,Jodhpur,"Collectorate, Jodhpur - RSPCB","31-08-2026 05:00:00",26.268249,73.0193853,PM2.5,23,42,32
India,Rajasthan,Jodhpur,"Samrat Ashok Udhyan, Jodhpur - RSPCB","31-08-2026 05:00:00",26.253384,72.976571,PM2.5,13,28,20
India,Rajasthan,Jodhpur,"Samrat Ashok Udhyan, Jodhpur - RSPCB","31-08-2026 05:00:00",26.253384,72.976571,NO2,1,4,2
India,Rajasthan,Jodhpur,"Samrat Ashok Udhyan, Jodhpur - RSPCB","31-08-2026 05:00:00",26.253384,72.976571,CO,3,9,7
India,Rajasthan,Karauli,"Satyawati Vihar, Karauli - RSPCB","31-08-2026 05:00:00",26.506177,77.025989,PM2.5,25,45,33
India,Rajasthan,Karauli,"Satyawati Vihar, Karauli - RSPCB","31-08-2026 05:00:00",26.506177,77.025989,NH3,6,9,8
India,Rajasthan,Karauli,"Satyawati Vihar, Karauli - RSPCB","31-08-2026 05:00:00",26.506177,77.025989,SO2,NA,NA,NA
India,Rajasthan,Kota,"Nayapura, Kota - RSPCB","31-08-2026 05:00:00",25.196024,75.855668,CO,9,19,12
India,Rajasthan,Kota,"Nayapura, Kota - RSPCB","31-08-2026 05:00:00",25.196024,75.855668,OZONE,24,34,30
India,Rajasthan,Kota,"Dhanmandi, Kota - RSPCB","31-08-2026 05:00:00",25.16409,75.858137,PM10,51,84,60
India,Rajasthan,Kota,"Shrinath Puram, Kota - RSPCB","31-08-2026 05:00:00",25.14389,75.821256,NO2,2,14,8
India,Rajasthan,Nagaur,"Karni Colony, Nagaur - RSPCB","31-08-2026 05:00:00",27.213494,73.734444,NO2,2,6,5
India,Rajasthan,Pratapgarh,"Pragati Nagar, Pratapgarh - RSPCB","31-08-2026 05:00:00",24.041198,74.780702,PM10,53,101,76
India,Rajasthan,Pratapgarh,"Pragati Nagar, Pratapgarh - RSPCB","31-08-2026 05:00:00",24.041198,74.780702,NO2,5,14,8
India,Rajasthan,Pratapgarh,"Pragati Nagar, Pratapgarh - RSPCB","31-08-2026 05:00:00",24.041198,74.780702,SO2,1,3,2
India,Rajasthan,Pratapgarh,"Pragati Nagar, Pratapgarh - RSPCB","31-08-2026 05:00:00",24.041198,74.780702,OZONE,25,46,37
India,Rajasthan,Rajsamand,"Dhoinda, Rajsamand - RSPCB","31-08-2026 05:00:00",25.03636,73.883502,PM10,64,89,74
India,Rajasthan,Bhiwadi,"RIICO Ind. Area III, Bhiwadi - RSPCB","31-08-2026 05:00:00",28.194909,76.862296,PM10,97,140,122
India,Rajasthan,Bhiwadi,"RIICO Ind. Area III, Bhiwadi - RSPCB","31-08-2026 05:00:00",28.194909,76.862296,OZONE,26,27,26
India,Rajasthan,Bhiwadi,"Vasundhara Nagar_UIT, Bhiwadi - RSPCB","31-08-2026 05:00:00",28.207266,76.829265,PM2.5,33,73,55
India,Rajasthan,Bhiwadi,"Vasundhara Nagar_UIT, Bhiwadi - RSPCB","31-08-2026 05:00:00",28.207266,76.829265,NO2,7,22,13
India,Rajasthan,Bhiwadi,"Vasundhara Nagar_UIT, Bhiwadi - RSPCB","31-08-2026 05:00:00",28.207266,76.829265,SO2,2,7,4
India,Rajasthan,Bundi,"New Colony, Bundi - RSPCB","31-08-2026 05:00:00",25.435774,75.644272,PM2.5,2,65,28
India,Rajasthan,Bundi,"New Colony, Bundi - RSPCB","31-08-2026 05:00:00",25.435774,75.644272,PM10,55,104,72
India,Rajasthan,Bundi,"New Colony, Bundi - RSPCB","31-08-2026 05:00:00",25.435774,75.644272,CO,12,19,15
India,Rajasthan,Churu,"Subash Chowk, Churu - RSPCB","31-08-2026 05:00:00",28.296139,74.961696,CO,21,26,23
India,Rajasthan,Dholpur,"Raja Ganj, Dholpur - RSPCB","31-08-2026 05:00:00",26.699557,77.898881,NH3,3,11,6
India,Rajasthan,Dholpur,"Raja Ganj, Dholpur - RSPCB","31-08-2026 05:00:00",26.699557,77.898881,CO,18,21,19
India,Rajasthan,Dungarpur,"Bhoiwada, Dungarpur - RSPCB","31-08-2026 05:00:00",23.837789,73.714926,NH3,11,13,12
India,Rajasthan,Jaipur,"Mansarovar Sector-12, Jaipur - RSPCB","31-08-2026 05:00:00",26.843698,75.766894,PM2.5,22,45,28
India,Rajasthan,Jaipur,"Mansarovar Sector-12, Jaipur - RSPCB","31-08-2026 05:00:00",26.843698,75.766894,SO2,2,5,3
India,Rajasthan,Jaipur,"Mansarovar Sector-12, Jaipur - RSPCB","31-08-2026 05:00:00",26.843698,75.766894,CO,3,24,13
India,Rajasthan,Jaipur,"Sector-2 Murlipura, Jaipur - RSPCB","31-08-2026 05:00:00",26.960669,75.771817,PM2.5,30,70,46
India,Punjab,Patiala,"Model Town, Patiala - PPCB","31-08-2026 05:00:00",30.349388,76.366642,NH3,2,10,6
India,Rajasthan,Ajmer,"Civil Lines,  Ajmer - RSPCB","31-08-2026 05:00:00",26.470859,74.646594,CO,17,30,23
India,Rajasthan,Ajmer,"Civil Lines,  Ajmer - RSPCB","31-08-2026 05:00:00",26.470859,74.646594,OZONE,10,13,12
India,Rajasthan,Alwar,"Moti Doongri, Alwar - RSPCB","31-08-2026 05:00:00",27.554793,76.611536,NO2,32,207,87
India,Rajasthan,Banswara,"Rati Talai, Banswara - RSPCB","31-08-2026 05:00:00",23.55519,74.44001,PM10,55,74,64
India,Rajasthan,Banswara,"Rati Talai, Banswara - RSPCB","31-08-2026 05:00:00",23.55519,74.44001,CO,11,14,13
India,Rajasthan,Banswara,"Rati Talai, Banswara - RSPCB","31-08-2026 05:00:00",23.55519,74.44001,OZONE,11,35,26
India,Rajasthan,Baran,"Bamboliya, Baran - RSPCB","31-08-2026 05:00:00",25.106006,76.469948,PM2.5,13,28,20
India,Rajasthan,Barmer,"Railway Colony, Barmer - RSPCB","31-08-2026 05:00:00",25.747299,71.393989,PM2.5,7,32,18
India,Rajasthan,Bharatpur,"Krishna Nagar, Bharatpur - RSPCB","31-08-2026 05:00:00",27.215415,77.50873,PM10,26,43,35
India,Rajasthan,Bharatpur,"Krishna Nagar, Bharatpur - RSPCB","31-08-2026 05:00:00",27.215415,77.50873,NO2,4,11,6
India,Rajasthan,Bharatpur,"Krishna Nagar, Bharatpur - RSPCB","31-08-2026 05:00:00",27.215415,77.50873,SO2,2,5,3
India,Rajasthan,Bhilwara,"Pratap Nagar, Bhilwara - RSPCB","31-08-2026 05:00:00",25.339605,74.618883,PM10,70,112,94
India,Rajasthan,Bhilwara,"Pratap Nagar, Bhilwara - RSPCB","31-08-2026 05:00:00",25.339605,74.618883,OZONE,18,19,19
India,Rajasthan,Jaipur,"Sector-2 Murlipura, Jaipur - RSPCB","31-08-2026 05:00:00",26.960669,75.771817,NO2,10,38,20
India,Rajasthan,Jaipur,"Sector-2 Murlipura, Jaipur - RSPCB","31-08-2026 05:00:00",26.960669,75.771817,CO,28,93,55
India,Rajasthan,Jaipur,"Shastri Nagar, Jaipur - RSPCB","31-08-2026 05:00:00",26.9502929,75.730943,PM10,72,108,91
India,Rajasthan,Jaipur,"Shastri Nagar, Jaipur - RSPCB","31-08-2026 05:00:00",26.9502929,75.730943,NO2,17,40,25
India,Rajasthan,Jaipur,"Shastri Nagar, Jaipur - RSPCB","31-08-2026 05:00:00",26.9502929,75.730943,SO2,4,44,17
India,Rajasthan,Jaipur,"Shastri Nagar, Jaipur - RSPCB","31-08-2026 05:00:00",26.9502929,75.730943,OZONE,25,26,25
India,Rajasthan,Jaipur,"Adarsh Nagar, Jaipur - RSPCB","31-08-2026 05:00:00",26.902909,75.836858,SO2,17,29,24
India,Rajasthan,Jaipur,"Adarsh Nagar, Jaipur - RSPCB","31-08-2026 05:00:00",26.902909,75.836858,OZONE,23,46,30
India,Rajasthan,Jaisalmer,"Sadar Bazar, Jaisalmer - RSPCB","31-08-2026 05:00:00",26.912329,70.909168,CO,3,13,9
India,Rajasthan,Jalore,"Mudtra Sili, Jalore - RSPCB","31-08-2026 05:00:00",25.344694,72.626208,NH3,2,2,2
India,Rajasthan,Jalore,"Mudtra Sili, Jalore - RSPCB","31-08-2026 05:00:00",25.344694,72.626208,SO2,3,5,4
India,Rajasthan,Jhalawar,"Rajlaxmi Nagar, Jhalawar - RSPCB","31-08-2026 05:00:00",24.588397,76.172782,PM10,41,94,61
India,Rajasthan,Jhalawar,"Rajlaxmi Nagar, Jhalawar - RSPCB","31-08-2026 05:00:00",24.588397,76.172782,NO2,16,28,20
India,Rajasthan,Jhunjhunu,"Indra Nagar, Jhunjhunu - RSPCB","31-08-2026 05:00:00",28.108988,75.386577,OZONE,26,40,32
India,Rajasthan,Jodhpur,"Jhalamand, Jodhpur - RSPCB","31-08-2026 05:00:00",26.215415,73.070156,SO2,2,5,3
India,Maharashtra,Pune,"Panchawati_Pashan, Pune - IITM","31-08-2026 05:00:00",18.536457,73.805454,SO2,NA,NA,NA
India,Maharashtra,Pune,"Savitribai Phule Pune University, Pune - MPCB","31-08-2026 05:00:00",18.547056,73.826908,NO2,NA,NA,NA
India,Maharashtra,Sangli,"Vijay Nagar, Sangli - MPCB","31-08-2026 05:00:00",16.5038,74.3623,PM10,23,38,28
India,Maharashtra,Sangli,"Vijay Nagar, Sangli - MPCB","31-08-2026 05:00:00",16.5038,74.3623,SO2,0,8,4
India,Maharashtra,Satara,"Koyana Nagar, Satara - MPCB","31-08-2026 05:00:00",17.696651,74.003387,PM10,10,101,61
India,Maharashtra,Satara,"Koyana Nagar, Satara - MPCB","31-08-2026 05:00:00",17.696651,74.003387,CO,10,20,14
India,Maharashtra,Solapur,"Dnyaneshwar Nagar, Solapur - MPCB","31-08-2026 05:00:00",17.6336264,75.9132495,PM2.5,14,26,20
India,Maharashtra,Solapur,"Dnyaneshwar Nagar, Solapur - MPCB","31-08-2026 05:00:00",17.6336264,75.9132495,NO2,3,11,7
India,Maharashtra,Thane,"Upvan Fort, Thane - MPCB","31-08-2026 05:00:00",19.222279,72.957979,NO2,2,9,4
India,Maharashtra,Thane,"Upvan Fort, Thane - MPCB","31-08-2026 05:00:00",19.222279,72.957979,SO2,1,7,4
India,Maharashtra,Thane,"Kasarvadavali, Thane - MPCB","31-08-2026 05:00:00",19.26777,72.97182,PM10,36,73,53
India,Maharashtra,Thane,"Kasarvadavali, Thane - MPCB","31-08-2026 05:00:00",19.26777,72.97182,NO2,5,16,11
India,Maharashtra,Ulhasnagar,"Sidhi Vinayak Nagar, Ulhasnagar - MPCB","31-08-2026 05:00:00",19.235581,73.159121,CO,7,20,13
India,Rajasthan,Rajsamand,"Dhoinda, Rajsamand - RSPCB","31-08-2026 05:00:00",25.03636,73.883502,OZONE,33,49,40
India,Rajasthan,Sikar,"Radhakishan Pura, Sikar - RSPCB","31-08-2026 05:00:00",27.608912,75.153302,OZONE,21,29,25
India,Rajasthan,Sirohi,"Vedhaynath Colony, Sirohi - RSPCB","31-08-2026 05:00:00",24.885261,72.857549,PM2.5,15,32,21
India,Rajasthan,Sirohi,"Vedhaynath Colony, Sirohi - RSPCB","31-08-2026 05:00:00",24.885261,72.857549,NH3,2,11,5
India,Rajasthan,Sirohi,"Vedhaynath Colony, Sirohi - RSPCB","31-08-2026 05:00:00",24.885261,72.857549,CO,4,10,8
India,Rajasthan,"Sri Ganganagar","Old City, Sri Ganganagar - RSPCB","31-08-2026 05:00:00",29.931624,73.864511,NO2,30,68,45
India,Rajasthan,Tonk,"Shastri Nagar, Tonk - RSPCB","31-08-2026 05:00:00",26.159933,75.780517,SO2,1,3,2
India,Rajasthan,Udaipur,"Ashok Nagar, Udaipur - RSPCB","31-08-2026 05:00:00",24.5886166,73.6321397,NO2,12,49,21
India,Rajasthan,Udaipur,"Ashok Nagar, Udaipur - RSPCB","31-08-2026 05:00:00",24.5886166,73.6321397,NH3,2,4,3
India,Rajasthan,Udaipur,"Ashok Nagar, Udaipur - RSPCB","31-08-2026 05:00:00",24.5886166,73.6321397,CO,12,40,23
India,"Tamil Nadu",Chennai,"Kodungaiyur, Chennai - TNPCB","31-08-2026 05:00:00",13.1278,80.2642,PM10,16,79,50
India,"Tamil Nadu",Chennai,"Arumbakkam, Chennai - TNPCB","31-08-2026 05:00:00",13.0664,80.2112,PM2.5,16,56,26
India,Odisha,Bhubaneswar,"Lingraj Mandir, Bhubaneswar - OSPCB","31-08-2026 05:00:00",20.24079,85.836784,SO2,6,8,7
India,Odisha,Bileipada,"Tata Township, Bileipada - OSPCB","31-08-2026 05:00:00",22.06156703,85.47409613,NH3,5,5,5
India,Odisha,Bileipada,"Tata Township, Bileipada - OSPCB","31-08-2026 05:00:00",22.06156703,85.47409613,CO,26,28,28
India,Odisha,Brajrajnagar,"GM Office, Brajrajnagar - OSPCB","31-08-2026 05:00:00",21.8004996,83.8396977,PM2.5,4,35,20
India,Odisha,Brajrajnagar,"GM Office, Brajrajnagar - OSPCB","31-08-2026 05:00:00",21.8004996,83.8396977,NO2,26,46,30
India,Odisha,Byasanagar,"Ferro Chrome Colony, Byasanagar - OSPCB","31-08-2026 05:00:00",20.94185,86.1151,PM2.5,17,63,43
India,Odisha,Byasanagar,"Ferro Chrome Colony, Byasanagar - OSPCB","31-08-2026 05:00:00",20.94185,86.1151,OZONE,9,19,14
India,Odisha,Nayagarh,"Dabuna, Nayagarh - OSPCB","31-08-2026 05:00:00",21.847279,85.416905,NO2,6,7,7
India,Odisha,Rourkela,"Raghunathpali, Rourkela - OSPCB","31-08-2026 05:00:00",22.220833,84.809444,PM2.5,13,18,15
India,Odisha,Rourkela,"Raghunathpali, Rourkela - OSPCB","31-08-2026 05:00:00",22.220833,84.809444,PM10,23,28,25
India,Maharashtra,Ulhasnagar,"Vithalwadi, Ulhasnagar - MPCB","31-08-2026 05:00:00",19.2307571,73.155192,NH3,5,6,6
India,Maharashtra,Ulhasnagar,"Vithalwadi, Ulhasnagar - MPCB","31-08-2026 05:00:00",19.2307571,73.155192,OZONE,10,11,10
India,Maharashtra,Virar,"Bolinj, Virar - MPCB","31-08-2026 05:00:00",19.445821,72.7988231,PM2.5,13,27,20
India,Maharashtra,Virar,"Bolinj, Virar - MPCB","31-08-2026 05:00:00",19.445821,72.7988231,SO2,3,3,3
India,Odisha,Angul,"Hakimapada, Angul - OSPCB","31-08-2026 05:00:00",20.832874,85.104082,NO2,6,100,18
India,Odisha,Balasore,"Kalidaspur, Balasore - OSPCB","31-08-2026 05:00:00",21.51161,86.89088,CO,32,39,35
India,Odisha,Baripada,"Meher Colony, Baripada - OSPCB","31-08-2026 05:00:00",21.941841,86.728318,PM2.5,13,49,24
India,Odisha,Baripada,"Meher Colony, Baripada - OSPCB","31-08-2026 05:00:00",21.941841,86.728318,NH3,0,2,1
India,Telangana,Hyderabad,"Central University, Hyderabad - TSPCB","31-08-2026 05:00:00",17.460103,78.334361,NH3,0,3,2
India,Telangana,Hyderabad,"Central University, Hyderabad - TSPCB","31-08-2026 05:00:00",17.460103,78.334361,CO,10,18,13
India,Telangana,Hyderabad,"Nacharam_TSIIC IALA, Hyderabad - TSPCB","31-08-2026 05:00:00",17.429398,78.569354,SO2,9,14,12
India,Telangana,Hyderabad,"Nacharam_TSIIC IALA, Hyderabad - TSPCB","31-08-2026 05:00:00",17.429398,78.569354,CO,24,28,26
India,Telangana,Hyderabad,"New Malakpet, Hyderabad - TSPCB","31-08-2026 05:00:00",17.37206,78.50864,PM2.5,31,41,35
India,Telangana,Hyderabad,"New Malakpet, Hyderabad - TSPCB","31-08-2026 05:00:00",17.37206,78.50864,PM10,51,57,52
India,Telangana,Hyderabad,"New Malakpet, Hyderabad - TSPCB","31-08-2026 05:00:00",17.37206,78.50864,OZONE,13,16,14
India,Telangana,Hyderabad,"ECIL Kapra, Hyderabad - TSPCB","31-08-2026 05:00:00",17.470431,78.566959,SO2,8,15,11
India,Telangana,Hyderabad,"ECIL Kapra, Hyderabad - TSPCB","31-08-2026 05:00:00",17.470431,78.566959,OZONE,17,18,17
India,Telangana,Hyderabad,"Kompally Municipal Office, Hyderabad - TSPCB","31-08-2026 05:00:00",17.544899,78.486949,NH3,2,3,3
India,Telangana,Hyderabad,"Somajiguda, Hyderabad - TSPCB","31-08-2026 05:00:00",17.417094,78.457437,SO2,11,12,12
India,Telangana,Hyderabad,"Sanathnagar, Hyderabad - TSPCB","31-08-2026 05:00:00",17.4559458,78.4332152,OZONE,18,97,49
India,Telangana,Hyderabad,"ICRISAT Patancheru, Hyderabad - TSPCB","31-08-2026 05:00:00",17.5184,78.278777,SO2,NA,NA,NA
India,Telangana,Hyderabad,"ICRISAT Patancheru, Hyderabad - TSPCB","31-08-2026 05:00:00",17.5184,78.278777,CO,7,13,11
India,Telangana,Hyderabad,"ICRISAT Patancheru, Hyderabad - TSPCB","31-08-2026 05:00:00",17.5184,78.278777,OZONE,18,24,21
India,Tripura,Agartala,"Bardowali, Agartala - Tripura SPCB","31-08-2026 05:00:00",23.8175497,91.2726974,NH3,NA,NA,NA
India,Tripura,Agartala,"Bardowali, Agartala - Tripura SPCB","31-08-2026 05:00:00",23.8175497,91.2726974,CO,21,25,23
India,"Uttar Pradesh",Agra,"Rohta, Agra - UPPCB","31-08-2026 05:00:00",27.106972,78.000111,SO2,10,15,13
India,"Uttar Pradesh",Agra,"Rohta, Agra - UPPCB","31-08-2026 05:00:00",27.106972,78.000111,OZONE,15,16,16
India,"Uttar Pradesh",Agra,"Sector-3B Avas Vikas Colony, Agra - UPPCB","31-08-2026 05:00:00",27.19412,77.96237,OZONE,13,15,14
India,"Uttar Pradesh",Agra,"Shahjahan Garden, Agra - UPPCB","31-08-2026 05:00:00",27.169338,78.03582,NO2,25,29,27
India,"Uttar Pradesh",Agra,"Shahjahan Garden, Agra - UPPCB","31-08-2026 05:00:00",27.169338,78.03582,OZONE,1,10,4
India,"Uttar Pradesh",Agra,"Shastripuram, Agra - UPPCB","31-08-2026 05:00:00",27.19862,77.92066,NO2,17,18,17
India,"Uttar Pradesh",Baraut,"Nagar Palika Parishad, Baraut - UPPCB","31-08-2026 05:00:00",29.09956,77.26235,NH3,NA,NA,NA
India,"Uttar Pradesh",Bareilly,"Rajendra Nagar, Bareilly - UPPCB","31-08-2026 05:00:00",28.38910936,79.42963708,PM2.5,40,85,49
India,"Uttar Pradesh",Bareilly,"Rajendra Nagar, Bareilly - UPPCB","31-08-2026 05:00:00",28.38910936,79.42963708,SO2,1,3,1
India,"Uttar Pradesh",Khurja,"Kalindi Kunj, Khurja - UPPCB","31-08-2026 05:00:00",28.2348927,77.8683002,PM10,27,113,85
India,"Uttar Pradesh",Lucknow,"Talkatora District Industries Center, Lucknow - CPCB","31-08-2026 05:00:00",26.83399722,80.8917361,SO2,2,41,9
India,"Uttar Pradesh",Lucknow,"Kendriya Vidyalaya, Lucknow - CPCB","31-08-2026 05:00:00",26.906111,80.948222,PM10,17,46,30
India,"Uttar Pradesh",Lucknow,"Kendriya Vidyalaya, Lucknow - CPCB","31-08-2026 05:00:00",26.906111,80.948222,CO,30,47,39
India,"Uttar Pradesh",Lucknow,"Gomti Nagar, Lucknow - UPPCB","31-08-2026 05:00:00",26.86812,81.005119,PM2.5,3,49,21
India,"Uttar Pradesh",Lucknow,"B R Ambedkar University, Lucknow - UPPCB","31-08-2026 05:00:00",26.766433,80.927299,SO2,27,35,30
India,"Uttar Pradesh",Lucknow,"Lalbagh, Lucknow - CPCB","31-08-2026 05:00:00",26.8458805,80.9365541,PM10,40,70,55
India,"Uttar Pradesh",Lucknow,"Kukrail Picnic Spot-1, Lucknow - UPPCB","31-08-2026 05:00:00",26.90723,80.98579,NH3,6,6,6
India,"Uttar Pradesh",Mathura,"Pali Dungra, Mathura - UPPCB","31-08-2026 05:00:00",27.410954,77.550619,NO2,4,6,5
India,"Uttar Pradesh",Moradabad,"Kashiram Nagar, Moradabad - UPPCB","31-08-2026 05:00:00",28.849399,78.742362,PM2.5,8,285,81
India,"Uttar Pradesh",Moradabad,"Kashiram Nagar, Moradabad - UPPCB","31-08-2026 05:00:00",28.849399,78.742362,OZONE,13,17,16
India,"Uttar Pradesh",Noida,"Sector - 125, Noida - UPPCB","31-08-2026 05:00:00",28.5447608,77.3231257,OZONE,13,14,13
India,"Uttar Pradesh",Noida,"Sector - 62, Noida - IITM","31-08-2026 05:00:00",28.6245479,77.3577104,CO,14,38,23
India,"Uttar Pradesh",Noida,"Sector-1, Noida - UPPCB","31-08-2026 05:00:00",28.5898,77.3101,OZONE,2,34,15
India,"Uttar Pradesh",Noida,"Sector-116, Noida - UPPCB","31-08-2026 05:00:00",28.56923,77.393848,SO2,11,14,12
India,"Uttar Pradesh",Prayagraj,"Motilal Nehru NIT, Prayagraj - UPPCB","31-08-2026 05:00:00",25.494,81.863,PM2.5,9,23,16
India,"Uttar Pradesh",Prayagraj,"Nagar Nigam, Prayagraj - UPPCB","31-08-2026 05:00:00",25.44919916,81.82735986,NH3,1,3,2
India,"Uttar Pradesh",Prayagraj,"Jhunsi, Prayagraj - UPPCB","31-08-2026 05:00:00",25.425602,81.917152,PM2.5,0,58,23
India,"Uttar Pradesh",Prayagraj,"Jhunsi, Prayagraj - UPPCB","31-08-2026 05:00:00",25.425602,81.917152,PM10,10,387,67
India,"Tamil Nadu",Chennai,"Velachery Res. Area, Chennai - CPCB","31-08-2026 05:00:00",13.0052189,80.2398125,OZONE,6,9,7
India,"Tamil Nadu",Chennai,"Perungudi, Chennai - TNPCB","31-08-2026 05:00:00",12.9533,80.2357,OZONE,0,9,2
India,"Tamil Nadu",Chennai,"Manali Village, Chennai - TNPCB","31-08-2026 05:00:00",13.1662,80.2584,NH3,1,3,2
India,"Tamil Nadu",Chennai,"Royapuram, Chennai - TNPCB","31-08-2026 05:00:00",13.1036,80.2909,PM10,48,68,59
India,"Tamil Nadu",Chennai,"Royapuram, Chennai - TNPCB","31-08-2026 05:00:00",13.1036,80.2909,NH3,4,4,4
India,"Tamil Nadu",Gummidipoondi,"Anthoni Pillai Nagar, Gummidipoondi - TNPCB","31-08-2026 05:00:00",13.4127,80.1081,PM2.5,20,339,86
India,"Tamil Nadu",Gummidipoondi,"Anthoni Pillai Nagar, Gummidipoondi - TNPCB","31-08-2026 05:00:00",13.4127,80.1081,PM10,37,152,86
India,"Tamil Nadu",Thoothukudi,"Meelavittan, Thoothukudi - TNPCB","31-08-2026 05:00:00",8.816428,78.099039,PM10,58,77,65
India,"Tamil Nadu",Thoothukudi,"Meelavittan, Thoothukudi - TNPCB","31-08-2026 05:00:00",8.816428,78.099039,NO2,12,21,17
India,"Uttar Pradesh",Ghaziabad,"Sanjay Nagar, Ghaziabad - UPPCB","31-08-2026 05:00:00",28.685382,77.453839,PM10,26,111,50
India,"Uttar Pradesh",Ghaziabad,"Sanjay Nagar, Ghaziabad - UPPCB","31-08-2026 05:00:00",28.685382,77.453839,NH3,8,12,10
India,"Uttar Pradesh",Ghaziabad,"Sanjay Nagar, Ghaziabad - UPPCB","31-08-2026 05:00:00",28.685382,77.453839,CO,1,69,26
India,"Uttar Pradesh",Ghaziabad,"Wave City, Ghaziabad - UPPCB","31-08-2026 05:00:00",28.646675,77.489049,OZONE,1,5,2
India,"Uttar Pradesh",Ghaziabad,"Loni, Ghaziabad - UPPCB","31-08-2026 05:00:00",28.757294,77.278792,OZONE,NA,NA,NA
India,"Uttar Pradesh",Ghaziabad,"Govindpuram, Ghaziabad - UPPCB","31-08-2026 05:00:00",28.694528,77.494705,NH3,NA,NA,NA
India,"Uttar Pradesh",Ghaziabad,"Govindpuram, Ghaziabad - UPPCB","31-08-2026 05:00:00",28.694528,77.494705,CO,27,50,38
India,"Uttar Pradesh",Gorakhpur,"Madan Mohan Malaviya University of Technology, Gorakhpur - UPPCB","31-08-2026 05:00:00",26.730136,83.433859,PM2.5,5,187,79
India,"Uttar Pradesh",Gorakhpur,"Madan Mohan Malaviya University of Technology, Gorakhpur - UPPCB","31-08-2026 05:00:00",26.730136,83.433859,NH3,1,1,1
India,"Uttar Pradesh",Gorakhpur,"Madan Mohan Malaviya University of Technology, Gorakhpur - UPPCB","31-08-2026 05:00:00",26.730136,83.433859,CO,5,6,5
India,"Uttar Pradesh",Bareilly,"Civil Lines, Bareilly - UPPCB","31-08-2026 05:00:00",28.359581,79.414455,PM10,24,39,32
India,"Uttar Pradesh",Bulandshahr,"Yamunapuram, Bulandshahr - UPPCB","31-08-2026 05:00:00",28.406963,77.849831,NO2,10,35,19
India,"Uttar Pradesh",Bulandshahr,"Yamunapuram, Bulandshahr - UPPCB","31-08-2026 05:00:00",28.406963,77.849831,NH3,9,12,10
India,"Uttar Pradesh",Bulandshahr,"Yamunapuram, Bulandshahr - UPPCB","31-08-2026 05:00:00",28.406963,77.849831,SO2,11,22,16
India,"Uttar Pradesh",Firozabad,"Nagla Bhau, Firozabad - UPPCB","31-08-2026 05:00:00",27.168897,78.37696,OZONE,9,10,10
India,"Uttar Pradesh",Gajraula,"Rajanpur, Gajraula - UPPCB","31-08-2026 05:00:00",28.829109,78.248796,NH3,2,3,2
India,"Uttar Pradesh",Ghaziabad,"Ved Vihar-Loni, Ghaziabad - UPPCB","31-08-2026 05:00:00",28.739153,77.273668,PM2.5,64,278,144
India,"Uttar Pradesh",Ghaziabad,"Ved Vihar-Loni, Ghaziabad - UPPCB","31-08-2026 05:00:00",28.739153,77.273668,PM10,77,185,127
India,"Uttar Pradesh",Meerut,"Jai Bhim Nagar, Meerut - UPPCB","31-08-2026 05:00:00",28.9535882,77.7622941,NH3,14,15,15
India,"Uttar Pradesh",Meerut,"Jai Bhim Nagar, Meerut - UPPCB","31-08-2026 05:00:00",28.9535882,77.7622941,CO,16,17,16
India,"Uttar Pradesh",Meerut,"MIET College, Meerut - UPPCB","31-08-2026 05:00:00",28.972677,77.641018,NO2,21,75,37
India,"Uttar Pradesh",Meerut,"MIET College, Meerut - UPPCB","31-08-2026 05:00:00",28.972677,77.641018,OZONE,4,6,5
India,"Uttar Pradesh",Moradabad,"Eco Herbal Park, Moradabad - UPPCB","31-08-2026 05:00:00",28.840739,78.697531,SO2,20,28,25
India,"Uttar Pradesh",Moradabad,"Buddhi Vihar, Moradabad - UPPCB","31-08-2026 05:00:00",28.83526,78.7446,SO2,33,34,34
India,"Uttar Pradesh",Moradabad,"Buddhi Vihar, Moradabad - UPPCB","31-08-2026 05:00:00",28.83526,78.7446,OZONE,28,32,29
India,"Uttar Pradesh",Moradabad,"Jigar Colony, Moradabad - UPPCB","31-08-2026 05:00:00",28.856664,78.772638,NO2,24,25,25
India,"Uttar Pradesh","Greater Noida","Knowledge Park - III, Greater Noida - UPPCB","31-08-2026 05:00:00",28.47272,77.482,SO2,6,9,8
India,"Uttar Pradesh","Greater Noida","Knowledge Park - III, Greater Noida - UPPCB","31-08-2026 05:00:00",28.47272,77.482,CO,38,52,46
India,"Uttar Pradesh",Jhansi,"Shivaji Nagar, Jhansi - UPPCB","31-08-2026 05:00:00",25.4547,78.6039,OZONE,5,6,6
India,"Uttar Pradesh",Kanpur,"FTI Kidwai Nagar, Kanpur - UPPCB","31-08-2026 05:00:00",26.428282,80.327067,PM10,42,254,76
India,"Uttar Pradesh",Kanpur,"FTI Kidwai Nagar, Kanpur - UPPCB","31-08-2026 05:00:00",26.428282,80.327067,NH3,3,3,3
India,"Uttar Pradesh",Khora,"Prashant Garden, Khora - UPPCB","31-08-2026 05:00:00",28.61119,77.34206,SO2,0,1,1
India,"Uttar Pradesh",Prayagraj,"Jhunsi, Prayagraj - UPPCB","31-08-2026 05:00:00",25.425602,81.917152,CO,9,32,15
India,"Uttar Pradesh",Raebareli,"Anand Nagar, Raebareli - UPPCB","31-08-2026 05:00:00",26.219512,81.237648,PM2.5,24,42,35
India,"Uttar Pradesh",Raebareli,"Anand Nagar, Raebareli - UPPCB","31-08-2026 05:00:00",26.219512,81.237648,NO2,6,14,9
India,"Uttar Pradesh",Shamli,"New Tehsil, Shamli - UPPCB","31-08-2026 05:00:00",29.4603683,77.3410291,NO2,10,15,11
India,"Uttar Pradesh",Shamli,"New Tehsil, Shamli - UPPCB","31-08-2026 05:00:00",29.4603683,77.3410291,SO2,2,5,3
India,"Uttar Pradesh",Shamli,"New Tehsil, Shamli - UPPCB","31-08-2026 05:00:00",29.4603683,77.3410291,CO,2,50,30
India,"Uttar Pradesh",Varanasi,"Bhelupur, Varanasi - UPPCB","31-08-2026 05:00:00",25.301778,82.996789,PM10,11,96,33
India,"Uttar Pradesh",Varanasi,"Bhelupur, Varanasi - UPPCB","31-08-2026 05:00:00",25.301778,82.996789,NO2,8,8,8
India,"Uttar Pradesh",Varanasi,"Maldahiya, Varanasi - UPPCB","31-08-2026 05:00:00",25.32393,82.99687,PM10,21,59,42
India,"Uttar Pradesh",Varanasi,"Maldahiya, Varanasi - UPPCB","31-08-2026 05:00:00",25.32393,82.99687,CO,10,14,13
India,"Uttar Pradesh",Varanasi,"Ardhali Bazar, Varanasi - UPPCB","31-08-2026 05:00:00",25.3505986,82.9083074,CO,14,14,14
India,"Uttar Pradesh",Varanasi,"IESD Banaras Hindu University, Varanasi - UPPCB","31-08-2026 05:00:00",25.262326,82.995408,SO2,9,39,19
India,Uttarakhand,Dehradun,"Doon University, Dehradun - UKPCB","31-08-2026 05:00:00",30.269444,78.044167,PM2.5,10,98,44
India,Uttarakhand,Dehradun,"Doon University, Dehradun - UKPCB","31-08-2026 05:00:00",30.269444,78.044167,PM10,20,118,57
India,Uttarakhand,Kashipur,"Govt. Girls Inter College, Kashipur - UKPCB","31-08-2026 05:00:00",29.2124114,78.9611753,NH3,NA,NA,NA
India,Uttarakhand,Rishikesh,"Shivaji Nagar, Rishikesh - UKPCB","31-08-2026 05:00:00",30.075911,78.2859547,PM2.5,2,2,2
India,Uttarakhand,Rishikesh,"Shivaji Nagar, Rishikesh - UKPCB","31-08-2026 05:00:00",30.075911,78.2859547,NO2,7,7,7
India,Uttarakhand,Rishikesh,"Shivaji Nagar, Rishikesh - UKPCB","31-08-2026 05:00:00",30.075911,78.2859547,OZONE,15,15,15
India,"West Bengal",Asansol,"Asansol Court Area, Asansol - WBPCB","31-08-2026 05:00:00",23.685297,86.945968,NO2,31,39,35
India,"West Bengal",Asansol,"Asansol Court Area, Asansol - WBPCB","31-08-2026 05:00:00",23.685297,86.945968,OZONE,23,30,26
India,"West Bengal",Asansol,"Evelyn Lodge, Asansol - WBPCB","31-08-2026 05:00:00",23.697936,86.944395,PM2.5,0,22,8
India,"West Bengal",Asansol,"Evelyn Lodge, Asansol - WBPCB","31-08-2026 05:00:00",23.697936,86.944395,NH3,5,6,6
India,"West Bengal",Asansol,"Evelyn Lodge, Asansol - WBPCB","31-08-2026 05:00:00",23.697936,86.944395,SO2,79,80,79
India,"West Bengal",Asansol,"Evelyn Lodge, Asansol - WBPCB","31-08-2026 05:00:00",23.697936,86.944395,CO,7,20,13
India,"West Bengal",Asansol,"Mahabir Colliery, Asansol - WBPCB","31-08-2026 05:00:00",23.618183,87.105718,PM2.5,10,41,25
India,"West Bengal",Asansol,"Mahabir Colliery, Asansol - WBPCB","31-08-2026 05:00:00",23.618183,87.105718,CO,32,52,39
India,"West Bengal",Asansol,"Trivenidevi Bhalotia College, Asansol - WBPCB","31-08-2026 05:00:00",23.616515,87.119133,CO,47,69,54
India,"West Bengal",Barrackpore,"SVSPA Campus, Barrackpore - WBPCB","31-08-2026 05:00:00",22.7605581,88.3617589,PM10,23,39,30
India,"West Bengal",Barrackpore,"SVSPA Campus, Barrackpore - WBPCB","31-08-2026 05:00:00",22.7605581,88.3617589,CO,52,55,53
India,"West Bengal",Durgapur,"PCBL Residential Complex, Durgapur - WBPCB","31-08-2026 05:00:00",23.508764,87.35444,PM2.5,4,22,11
India,"West Bengal",Durgapur,"PCBL Residential Complex, Durgapur - WBPCB","31-08-2026 05:00:00",23.508764,87.35444,NO2,52,65,58
India,"West Bengal",Durgapur,"Mahishkapur Road_B-Zone, Durgapur - WBPCB","31-08-2026 05:00:00",23.567923,87.306843,OZONE,13,27,22
India,"West Bengal",Haldia,"Priyambada Housing Estate, Haldia - WBPCB","31-08-2026 05:00:00",22.06047,88.109737,PM2.5,11,28,17
India,"West Bengal",Haldia,"Priyambada Housing Estate, Haldia - WBPCB","31-08-2026 05:00:00",22.06047,88.109737,PM10,14,59,29
India,"West Bengal",Haldia,"Priyambada Housing Estate, Haldia - WBPCB","31-08-2026 05:00:00",22.06047,88.109737,NH3,NA,NA,NA
India,"West Bengal",Haldia,"Priyambada Housing Estate, Haldia - WBPCB","31-08-2026 05:00:00",22.06047,88.109737,SO2,12,13,12
India,"West Bengal",Haldia,"Priyambada Housing Estate, Haldia - WBPCB","31-08-2026 05:00:00",22.06047,88.109737,OZONE,25,28,27
India,"West Bengal",Howrah,"Belur Math, Howrah - WBPCB","31-08-2026 05:00:00",22.629801,88.352017,CO,14,19,16
India,"West Bengal",Howrah,"Dasnagar, Howrah - WBPCB","31-08-2026 05:00:00",22.6025571,88.3105664,PM2.5,19,79,43
India,"West Bengal",Howrah,"Dasnagar, Howrah - WBPCB","31-08-2026 05:00:00",22.6025571,88.3105664,NH3,1,2,1
India,"West Bengal",Howrah,"Botanical Garden, Howrah - WBPCB","31-08-2026 05:00:00",22.554954,88.292568,NH3,2,4,3
India,"West Bengal",Howrah,"Ghusuri, Howrah - WBPCB","31-08-2026 05:00:00",22.611968,88.347422,NH3,3,5,4
India,"West Bengal",Kolkata,"Bidhannagar, Kolkata - WBPCB","31-08-2026 05:00:00",22.58157048,88.41002457,PM2.5,5,19,11
India,"West Bengal",Kolkata,"Bidhannagar, Kolkata - WBPCB","31-08-2026 05:00:00",22.58157048,88.41002457,NH3,5,5,5
India,"West Bengal",Kolkata,"Jadavpur, Kolkata - WBPCB","31-08-2026 05:00:00",22.49929,88.36917,SO2,5,6,6
India,"West Bengal",Kolkata,"Rabindra Bharati University, Kolkata - WBPCB","31-08-2026 05:00:00",22.627847,88.380669,NH3,3,8,6
India,"West Bengal",Kolkata,"Rabindra Bharati University, Kolkata - WBPCB","31-08-2026 05:00:00",22.627847,88.380669,SO2,7,10,8
India,"West Bengal",Kolkata,"Rabindra Sarobar, Kolkata - WBPCB","31-08-2026 05:00:00",22.51106,88.35142,NO2,9,11,10
India,"West Bengal",Kolkata,"Rabindra Sarobar, Kolkata - WBPCB","31-08-2026 05:00:00",22.51106,88.35142,CO,24,31,26
India,"West Bengal",Kolkata,"Ballygunge, Kolkata - WBPCB","31-08-2026 05:00:00",22.5367507,88.3638022,OZONE,12,16,15
India,"West Bengal",Kolkata,"Victoria, Kolkata - WBPCB","31-08-2026 05:00:00",22.5448082,88.3403691,CO,32,43,37
India,Bihar,Araria,"Kharahiya Basti, Araria - BSPCB","31-08-2026 05:00:00",26.146529,87.454184,OZONE,32,41,37
India,Bihar,Aurangabad,"Gurdeo Nagar, Aurangabad - BSPCB","31-08-2026 05:00:00",24.75746,84.366208,NO2,NA,NA,NA
India,Bihar,Aurangabad,"Gurdeo Nagar, Aurangabad - BSPCB","31-08-2026 05:00:00",24.75746,84.366208,CO,NA,NA,NA
India,Bihar,Aurangabad,"Gurdeo Nagar, Aurangabad - BSPCB","31-08-2026 05:00:00",24.75746,84.366208,OZONE,NA,NA,NA
India,Bihar,Bhagalpur,"Mayaganj, Bhagalpur - BSPCB","31-08-2026 05:00:00",25.265194,87.012947,NO2,16,18,17
India,Bihar,Bhagalpur,"Mayaganj, Bhagalpur - BSPCB","31-08-2026 05:00:00",25.265194,87.012947,OZONE,10,34,19
India,Bihar,"Bihar Sharif","D M Colony, Bihar Sharif - BSPCB","31-08-2026 05:00:00",25.204762,85.51496,NO2,9,10,10
India,Bihar,"Bihar Sharif","D M Colony, Bihar Sharif - BSPCB","31-08-2026 05:00:00",25.204762,85.51496,SO2,7,7,7
India,Bihar,"Bihar Sharif","D M Colony, Bihar Sharif - BSPCB","31-08-2026 05:00:00",25.204762,85.51496,CO,NA,NA,NA
India,Bihar,Chhapra,"Darshan Nagar, Chhapra - BSPCB","31-08-2026 05:00:00",25.7808257,84.7446768,PM10,110,116,112
India,Bihar,Chhapra,"Darshan Nagar, Chhapra - BSPCB","31-08-2026 05:00:00",25.7808257,84.7446768,NO2,0,1,1
India,Bihar,Chhapra,"Darshan Nagar, Chhapra - BSPCB","31-08-2026 05:00:00",25.7808257,84.7446768,NH3,0,1,1
India,Bihar,Chhapra,"Darshan Nagar, Chhapra - BSPCB","31-08-2026 05:00:00",25.7808257,84.7446768,CO,81,86,83
India,Bihar,Gaya,"SFTI Kusdihra, Gaya - BSPCB","31-08-2026 05:00:00",24.762518,84.982348,PM2.5,10,33,25
India,Bihar,Gaya,"SFTI Kusdihra, Gaya - BSPCB","31-08-2026 05:00:00",24.762518,84.982348,OZONE,7,18,14
India,Bihar,Gaya,"Kareemganj, Gaya - BSPCB","31-08-2026 05:00:00",24.792403,84.992416,PM10,NA,NA,NA
India,Bihar,Patna,"Govt. High School Shikarpur, Patna - BSPCB","31-08-2026 05:00:00",25.592539,85.227158,CO,32,40,35
India,Bihar,Patna,"Muradpur, Patna - BSPCB","31-08-2026 05:00:00",25.619651,85.147382,CO,44,80,53
India,Bihar,Purnia,"Mariam Nagar, Purnia - BSPCB","31-08-2026 05:00:00",25.366336,87.117468,OZONE,14,35,21
India,Bihar,Saharsa,"Police Line, Saharsa - BSPCB","31-08-2026 05:00:00",25.892357,86.590325,PM2.5,17,267,40
India,Bihar,Samastipur,"DM Office_Kasipur, Samastipur - BSPCB","31-08-2026 05:00:00",25.859655,85.77944,PM2.5,5,92,38
India,Bihar,Samastipur,"DM Office_Kasipur, Samastipur - BSPCB","31-08-2026 05:00:00",25.859655,85.77944,NO2,8,9,8
India,Bihar,Samastipur,"DM Office_Kasipur, Samastipur - BSPCB","31-08-2026 05:00:00",25.859655,85.77944,SO2,12,13,12
India,Bihar,Siwan,"Chitragupta Nagar, Siwan - BSPCB","31-08-2026 05:00:00",26.2271665,84.3570427,PM2.5,73,86,77
India,Bihar,Siwan,"Chitragupta Nagar, Siwan - BSPCB","31-08-2026 05:00:00",26.2271665,84.3570427,NH3,1,1,1
India,Bihar,Siwan,"Chitragupta Nagar, Siwan - BSPCB","31-08-2026 05:00:00",26.2271665,84.3570427,OZONE,6,7,7
India,Chandigarh,Chandigarh,"Sector-25, Chandigarh - CPCC","31-08-2026 05:00:00",30.751462,76.762879,SO2,5,8,6
India,Chhattisgarh,Bhilai,"32Bungalows, Bhilai - CECB","31-08-2026 05:00:00",21.194815,81.31477,NO2,6,25,9
India,Chhattisgarh,Raipur,"AIIMS, Raipur - CECB","31-08-2026 05:00:00",21.258815,81.578979,PM10,15,29,21
India,Chhattisgarh,Raipur,"AIIMS, Raipur - CECB","31-08-2026 05:00:00",21.258815,81.578979,CO,13,16,15
India,Delhi,Delhi,"ITO, Delhi - CPCB","31-08-2026 05:00:00",28.628624,77.24106,OZONE,14,16,15
India,Delhi,Delhi,"Narela, Delhi - DPCC","31-08-2026 05:00:00",28.822836,77.101981,SO2,10,12,11
India,Delhi,Delhi,"Cantonment Area, Delhi - DPCC","31-08-2026 05:00:00",28.594169,77.1251,OZONE,4,8,6
India,Delhi,Delhi,"Major Dhyan Chand National Stadium, Delhi - DPCC","31-08-2026 05:00:00",28.611281,77.237738,CO,23,68,37
India,Delhi,Delhi,"Major Dhyan Chand National Stadium, Delhi - DPCC","31-08-2026 05:00:00",28.611281,77.237738,OZONE,9,16,12
India,Delhi,Delhi,"Sonia Vihar, Delhi - DPCC","31-08-2026 05:00:00",28.710508,77.249485,PM2.5,13,85,45
India,Delhi,Delhi,"Sonia Vihar, Delhi - DPCC","31-08-2026 05:00:00",28.710508,77.249485,SO2,3,9,6
India,Delhi,Delhi,"Sonia Vihar, Delhi - DPCC","31-08-2026 05:00:00",28.710508,77.249485,OZONE,4,15,8
India,Delhi,Delhi,"Bawana, Delhi - DPCC","31-08-2026 05:00:00",28.7762,77.051074,NO2,5,18,8
India,Delhi,Delhi,"Bawana, Delhi - DPCC","31-08-2026 05:00:00",28.7762,77.051074,NH3,4,5,5
India,Delhi,Delhi,"Okhla Phase-2, Delhi - DPCC","31-08-2026 05:00:00",28.530785,77.271255,NH3,3,10,6
India,Delhi,Delhi,"Okhla Phase-2, Delhi - DPCC","31-08-2026 05:00:00",28.530785,77.271255,OZONE,8,11,10
India,Chhattisgarh,Bhilai,"Civic Center, Bhilai - Bhilai Steel Plant","31-08-2026 05:00:00",21.185571,81.343175,PM10,11,21,15
India,Chhattisgarh,Bhilai,"Civic Center, Bhilai - Bhilai Steel Plant","31-08-2026 05:00:00",21.185571,81.343175,SO2,8,13,10
India,Chhattisgarh,Bhilai,"Hathkhoj, Bhilai - CECB","31-08-2026 05:00:00",21.224231,81.40835,NO2,12,34,19
India,Chhattisgarh,Bhilai,"Hathkhoj, Bhilai - CECB","31-08-2026 05:00:00",21.224231,81.40835,CO,6,20,14
India,Chhattisgarh,Bilaspur,"Mangala, Bilaspur - NTPC","31-08-2026 05:00:00",22.08815,82.13737,NH3,NA,NA,NA
India,Chhattisgarh,Bilaspur,"Mangala, Bilaspur - NTPC","31-08-2026 05:00:00",22.08815,82.13737,OZONE,NA,NA,NA
India,Chhattisgarh,Kunjemura,"OP Jindal School, Kunjemura - CECB","31-08-2026 05:00:00",22.12665,83.483212,SO2,10,20,15
India,Chhattisgarh,Milupara,"Govt. Higher Secondary School, Milupara - CECB","31-08-2026 05:00:00",22.1910172,83.5197009,PM2.5,3,22,11
India,Chhattisgarh,Raipur,"Bhatagaon New ISBT, Raipur - CECB","31-08-2026 05:00:00",21.219665,81.630094,NH3,2,2,2
India,Chhattisgarh,Raipur,"Siltara Phase-II, Raipur - CECB","31-08-2026 05:00:00",21.371751,81.664929,NO2,9,32,19
India,Chhattisgarh,Raipur,"Siltara Phase-II, Raipur - CECB","31-08-2026 05:00:00",21.371751,81.664929,SO2,0,19,8
India,Chhattisgarh,Raipur,"Siltara Phase-II, Raipur - CECB","31-08-2026 05:00:00",21.371751,81.664929,CO,17,17,17
India,Bihar,Hajipur,"Industrial Area, Hajipur - BSPCB","31-08-2026 05:00:00",25.697189,85.2459,CO,16,30,24
India,Bihar,Hajipur,"Industrial Area, Hajipur - BSPCB","31-08-2026 05:00:00",25.697189,85.2459,OZONE,9,19,14
India,Bihar,Katihar,"Mirchaibari, Katihar - BSPCB","31-08-2026 05:00:00",25.560083,87.553265,NH3,1,1,1
India,Bihar,Manguraha,"Forest Rest House, Manguraha - BSPCB","31-08-2026 05:00:00",27.308328,84.531742,PM10,60,168,80
India,Bihar,Motihari,"Gandak Colony, Motihari - BSPCB","31-08-2026 05:00:00",26.63086,84.90051,PM10,NA,NA,NA
India,Bihar,Motihari,"Gandak Colony, Motihari - BSPCB","31-08-2026 05:00:00",26.63086,84.90051,OZONE,58,60,59
India,Bihar,Munger,"Town Hall, Munger - BSPCB","31-08-2026 05:00:00",25.376776,86.471523,SO2,67,78,74
India,Bihar,Muzaffarpur,"Buddha Colony, Muzaffarpur - BSPCB","31-08-2026 05:00:00",26.11442,85.39813,NO2,1,30,12
India,Bihar,Muzaffarpur,"Buddha Colony, Muzaffarpur - BSPCB","31-08-2026 05:00:00",26.11442,85.39813,NH3,15,24,18
India,Bihar,Muzaffarpur,"Buddha Colony, Muzaffarpur - BSPCB","31-08-2026 05:00:00",26.11442,85.39813,SO2,4,7,5
India,Bihar,Muzaffarpur,"Buddha Colony, Muzaffarpur - BSPCB","31-08-2026 05:00:00",26.11442,85.39813,OZONE,1,9,6
India,Bihar,Muzaffarpur,"MIT-Daudpur Kothi, Muzaffarpur - BSPCB","31-08-2026 05:00:00",26.1403345,85.3650192,SO2,11,19,15
India,"Andhra Pradesh",Kakinada,"Rama Rao Peta, Kakinada - APPCB","31-08-2026 05:00:00",16.962488,82.229513,PM2.5,19,51,33
India,"Andhra Pradesh",Kakinada,"Rama Rao Peta, Kakinada - APPCB","31-08-2026 05:00:00",16.962488,82.229513,PM10,21,54,40
India,"Andhra Pradesh",Kurnool,"Sita Rama Nagar, Kurnool - APPCB","31-08-2026 05:00:00",15.83411,78.028546,NO2,24,33,26
India,"Andhra Pradesh",Kurnool,"Sita Rama Nagar, Kurnool - APPCB","31-08-2026 05:00:00",15.83411,78.028546,CO,3,8,6
India,"Andhra Pradesh",Kurnool,"Sita Rama Nagar, Kurnool - APPCB","31-08-2026 05:00:00",15.83411,78.028546,OZONE,14,16,15
India,"Andhra Pradesh",Machilipatnam,"Srinivas Nagar Colony, Machilipatnam - APPCB","31-08-2026 05:00:00",16.186555,81.13219,CO,13,16,14
India,"Andhra Pradesh",Machilipatnam,"Srinivas Nagar Colony, Machilipatnam - APPCB","31-08-2026 05:00:00",16.186555,81.13219,OZONE,19,19,19
India,"Andhra Pradesh",Nellore,"Ambedkar Nagar, Nellore - APPCB ","31-08-2026 05:00:00",14.438164,79.966814,NH3,4,6,5
India,"Andhra Pradesh",Rajamahendravaram,"Anand Kala Kshetram, Rajamahendravaram - APPCB","31-08-2026 05:00:00",16.9872867,81.7363176,PM10,28,59,41
India,"Andhra Pradesh",Srikakulam,"Chinna Bharatham Colony, Srikakulam - APPCB","31-08-2026 05:00:00",18.292191,83.897173,NO2,19,43,30
India,"Andhra Pradesh",Srikakulam,"Chinna Bharatham Colony, Srikakulam - APPCB","31-08-2026 05:00:00",18.292191,83.897173,OZONE,9,15,12
India,Delhi,Delhi,"Rohini, Delhi - DPCC","31-08-2026 05:00:00",28.732528,77.11992,OZONE,11,15,13
India,Delhi,Delhi,"Vivek Vihar, Delhi - DPCC","31-08-2026 05:00:00",28.672342,77.31526,PM2.5,12,130,39
India,Delhi,Delhi,"Vivek Vihar, Delhi - DPCC","31-08-2026 05:00:00",28.672342,77.31526,PM10,85,243,132
India,Delhi,Delhi,"Jahangirpuri, Delhi - DPCC","31-08-2026 05:00:00",28.73282,77.170633,PM10,83,178,135
India,Delhi,Delhi,"Jahangirpuri, Delhi - DPCC","31-08-2026 05:00:00",28.73282,77.170633,OZONE,17,19,18
India,Delhi,Delhi,"IHBAS, Dilshad Garden, Delhi - CPCB","31-08-2026 05:00:00",28.6811736,77.3025234,SO2,2,26,17
India,Delhi,Delhi,"IHBAS, Dilshad Garden, Delhi - CPCB","31-08-2026 05:00:00",28.6811736,77.3025234,CO,36,38,37
India,Delhi,Delhi,"Sri Aurobindo Marg, Delhi - DPCC","31-08-2026 05:00:00",28.531346,77.190156,NH3,2,3,2
India,Delhi,Delhi,"Nehru Nagar, Delhi - DPCC","31-08-2026 05:00:00",28.56789,77.250515,OZONE,4,10,8
India,Delhi,Delhi,"Patparganj, Delhi - DPCC","31-08-2026 05:00:00",28.623763,77.287209,PM10,75,155,122
India,Delhi,Delhi,"Patparganj, Delhi - DPCC","31-08-2026 05:00:00",28.623763,77.287209,NH3,6,8,7
India,Assam,Guwahati,"IITG, Guwahati - PCBA","31-08-2026 05:00:00",26.2028636,91.70046436,OZONE,2,12,7
India,Assam,Guwahati,"Pan Bazaar, Guwahati - PCBA","31-08-2026 05:00:00",26.1875,91.744194,PM10,NA,NA,NA
India,Assam,Guwahati,"Pan Bazaar, Guwahati - PCBA","31-08-2026 05:00:00",26.1875,91.744194,SO2,32,37,34
India,Assam,Guwahati,"LGBI Airport, Guwahati - PCBA","31-08-2026 05:00:00",26.10887,91.589544,NO2,14,15,14
India,Assam,Nagaon,"Christianpatty, Nagaon - PCBA","31-08-2026 05:00:00",26.349082,92.68449,PM2.5,41,61,50
India,Assam,Nagaon,"Christianpatty, Nagaon - PCBA","31-08-2026 05:00:00",26.349082,92.68449,PM10,34,54,43
India,Assam,Nagaon,"Christianpatty, Nagaon - PCBA","31-08-2026 05:00:00",26.349082,92.68449,OZONE,3,15,9
India,Assam,Sivasagar,"Girls College, Sivasagar - PCBA","31-08-2026 05:00:00",26.987634,94.636574,NH3,2,5,3
India,"Andhra Pradesh",Amaravati,"Secretariat, Amaravati - APPCB","31-08-2026 05:00:00",16.5150833,80.5181667,OZONE,11,32,22
India,"Andhra Pradesh",Chittoor,"Gangineni Cheruvu, Chittoor - APPCB","31-08-2026 05:00:00",13.20488,79.097889,SO2,17,27,20
India,"Andhra Pradesh",Eluru,"District Court, Eluru - APPCB","31-08-2026 05:00:00",16.711754,81.092095,PM2.5,48,59,53
India,"Andhra Pradesh",Eluru,"District Court, Eluru - APPCB","31-08-2026 05:00:00",16.711754,81.092095,PM10,49,58,53
India,"Andhra Pradesh",Eluru,"District Court, Eluru - APPCB","31-08-2026 05:00:00",16.711754,81.092095,NO2,9,16,12
India,"Andhra Pradesh",Guntur,"Rajendra Nagar North, Guntur - APPCB","31-08-2026 05:00:00",16.316553,80.413302,CO,8,32,14
India,"Andhra Pradesh",Kadapa,"Yerramukkapalli, Kadapa - APPCB","31-08-2026 05:00:00",14.465052,78.824187,SO2,8,14,12
India,"Andhra Pradesh",Vijayawada,"HB Colony, Vijayawada - APPCB","31-08-2026 05:00:00",16.536107,80.594233,PM2.5,47,59,52
India,"Andhra Pradesh",Visakhapatnam,"GVM Corporation, Visakhapatnam - APPCB","31-08-2026 05:00:00",17.72,83.3,PM10,34,117,79
India,"Andhra Pradesh",Visakhapatnam,"GVM Corporation, Visakhapatnam - APPCB","31-08-2026 05:00:00",17.72,83.3,NH3,3,4,3
India,"Andhra Pradesh",Visakhapatnam,"GVM Corporation, Visakhapatnam - APPCB","31-08-2026 05:00:00",17.72,83.3,CO,2,6,4
India,Assam,Guwahati,"IITG, Guwahati - PCBA","31-08-2026 05:00:00",26.2028636,91.70046436,CO,69,80,74
India,Haryana,Karnal,"Sector-12, Karnal - HSPCB","31-08-2026 05:00:00",29.6953,77.0027,PM10,58,90,73
India,Haryana,Karnal,"Sector-12, Karnal - HSPCB","31-08-2026 05:00:00",29.6953,77.0027,CO,41,59,50
India,Haryana,Kurukshetra,"Sector-7, Kurukshetra - HSPCB","31-08-2026 05:00:00",29.966942,76.875879,OZONE,9,21,13
India,Haryana,Mandikhera,"General Hospital, Mandikhera(Nuh) - HSPCB","31-08-2026 05:00:00",27.9002,76.9938,SO2,17,18,18
India,Haryana,Manesar,"Sector-2 IMT, Manesar - HSPCB","31-08-2026 05:00:00",28.360699,76.93609,SO2,6,37,14
India,Haryana,Narnaul,"Shastri Nagar, Narnaul - HSPCB","31-08-2026 05:00:00",28.060249,76.113115,PM10,105,124,113
India,Haryana,Narnaul,"Shastri Nagar, Narnaul - HSPCB","31-08-2026 05:00:00",28.060249,76.113115,SO2,5,18,10
India,Haryana,Narnaul,"Shastri Nagar, Narnaul - HSPCB","31-08-2026 05:00:00",28.060249,76.113115,CO,13,17,15
India,Haryana,Palwal,"Shyam Nagar, Palwal - HSPCB","31-08-2026 05:00:00",28.1485564,77.3320667,CO,1,156,86
India,Haryana,Panchgaon,"Amity University, Panchgaon - IITM","31-08-2026 05:00:00",28.3153,76.9143,NH3,2,2,2
India,Haryana,Panchgaon,"Amity University, Panchgaon - IITM","31-08-2026 05:00:00",28.3153,76.9143,CO,102,109,105
India,Haryana,Panchkula,"Sector-6, Panchkula - HSPCB ","31-08-2026 05:00:00",30.7057778,76.8531805555555,PM2.5,28,86,53
India,Haryana,Panchkula,"Sector-6, Panchkula - HSPCB ","31-08-2026 05:00:00",30.7057778,76.8531805555555,NO2,26,32,30
India,Haryana,Panchkula,"Sector-6, Panchkula - HSPCB ","31-08-2026 05:00:00",30.7057778,76.8531805555555,OZONE,29,42,35
India,Haryana,Panipat,"Sector-18, Panipat - HSPCB","31-08-2026 05:00:00",29.432304,76.972765,PM2.5,8,311,97
India,Gujarat,Ahmedabad,"Raikhad, Ahmedabad - IITM","31-08-2026 05:00:00",23.020509,72.579261,OZONE,18,23,20
India,Gujarat,Bhavnagar,"Vidhyanagar, Bhavnagar - Nexteng Enviro","31-08-2026 05:00:00",21.755417,72.139056,NO2,35,47,42
India,Gujarat,Bhavnagar,"Vidhyanagar, Bhavnagar - Nexteng Enviro","31-08-2026 05:00:00",21.755417,72.139056,CO,60,61,61
India,Gujarat,Gandhinagar,"Sector-10, Gandhinagar - GPCB","31-08-2026 05:00:00",23.221714,72.654328,CO,17,18,17
India,Gujarat,Gandhinagar,"IIPHG Lekawada, Gandhinagar - IITM","31-08-2026 05:00:00",23.243639,72.68994,PM2.5,13,55,29
India,Gujarat,Gandhinagar,"IIPHG Lekawada, Gandhinagar - IITM","31-08-2026 05:00:00",23.243639,72.68994,PM10,53,90,68
India,Gujarat,Gandhinagar,"IIPHG Lekawada, Gandhinagar - IITM","31-08-2026 05:00:00",23.243639,72.68994,CO,7,9,8
India,Gujarat,Gandhinagar,"GIFT City, Gandhinagar - IITM","31-08-2026 05:00:00",23.163798,72.677768,OZONE,3,4,3
India,Gujarat,Rajkot,"Mavdi, Rajkot - Nexteng Enviro ","31-08-2026 05:00:00",22.248853,70.776774,SO2,9,12,10
India,Gujarat,Rajkot,"Mavdi, Rajkot - Nexteng Enviro ","31-08-2026 05:00:00",22.248853,70.776774,CO,41,42,42
India,Gujarat,Surat,"Science Center, Surat - SMC","31-08-2026 05:00:00",21.170046,72.795405,CO,32,50,40
India,Gujarat,Surat,"Katargam, Surat - Nexteng Enviro","31-08-2026 05:00:00",21.217779,72.834787,PM10,15,91,47
India,Gujarat,Surat,"Katargam, Surat - Nexteng Enviro","31-08-2026 05:00:00",21.217779,72.834787,NO2,3,37,15
India,Gujarat,Surat,"Katargam, Surat - Nexteng Enviro","31-08-2026 05:00:00",21.217779,72.834787,SO2,8,9,9
India,Gujarat,Vadodara,"Bapunagar, Vadodara - Nexteng Enviro","31-08-2026 05:00:00",22.320153,73.216285,SO2,8,8,8
India,Haryana,Faridabad,"Sector 11, Faridabad - HSPCB","31-08-2026 05:00:00",28.376058,77.315741,PM2.5,51,335,181
India,Haryana,Faridabad,"Sector 11, Faridabad - HSPCB","31-08-2026 05:00:00",28.376058,77.315741,NO2,30,33,31
India,Haryana,Faridabad,"Sector 11, Faridabad - HSPCB","31-08-2026 05:00:00",28.376058,77.315741,SO2,5,11,8
India,Haryana,Faridabad,"Sector 11, Faridabad - HSPCB","31-08-2026 05:00:00",28.376058,77.315741,CO,61,68,64
India,Haryana,Faridabad,"Sector 11, Faridabad - HSPCB","31-08-2026 05:00:00",28.376058,77.315741,OZONE,16,16,16
India,Haryana,Faridabad,"Sector 30, Faridabad - HSPCB","31-08-2026 05:00:00",28.4417,77.3217,CO,33,81,55
India,Haryana,Gurugram,"Teri Gram, Gurugram - HSPCB","31-08-2026 05:00:00",28.4275,77.1465,NO2,40,84,55
India,Haryana,Gurugram,"NISE Gwal Pahari, Gurugram - IITM","31-08-2026 05:00:00",28.422681,77.148944,NH3,NA,NA,NA
India,Haryana,Gurugram,"Sector-51, Gurugram - HSPCB","31-08-2026 05:00:00",28.4227,77.0667,PM10,86,138,111
India,Haryana,Gurugram,"Sector-51, Gurugram - HSPCB","31-08-2026 05:00:00",28.4227,77.0667,NO2,24,68,41
India,Haryana,Gurugram,"Sector-51, Gurugram - HSPCB","31-08-2026 05:00:00",28.4227,77.0667,OZONE,11,16,13
India,Haryana,Gurugram,"Vikas Sadan, Gurugram - HSPCB","31-08-2026 05:00:00",28.4501238,77.0263051,NH3,NA,NA,NA
India,Haryana,Hisar,"Urban Estate-II, Hisar - HSPCB","31-08-2026 05:00:00",29.14056,75.744941,PM2.5,37,83,55
India,Haryana,Hisar,"Urban Estate-II, Hisar - HSPCB","31-08-2026 05:00:00",29.14056,75.744941,CO,11,13,12
India,Haryana,Jind,"Police Lines, Jind - HSPCB","31-08-2026 05:00:00",29.307814,76.337619,PM10,56,69,63
India,Haryana,Kaithal,"Rishi Nagar, Kaithal - HSPCB","31-08-2026 05:00:00",29.8006,76.4155,SO2,30,32,31
India,Delhi,Delhi,"Alipur, Delhi - DPCC","31-08-2026 05:00:00",28.815329,77.15301,PM2.5,NA,NA,NA
India,Delhi,Delhi,"Alipur, Delhi - DPCC","31-08-2026 05:00:00",28.815329,77.15301,NO2,29,57,42
India,Delhi,Delhi,"North Campus, DU, Delhi - IITM","31-08-2026 05:00:00",28.6573814,77.1585447,SO2,NA,NA,NA
India,Delhi,Delhi,"North Campus, DU, Delhi - IITM","31-08-2026 05:00:00",28.6573814,77.1585447,OZONE,30,43,37
India,Delhi,Delhi,"R K Puram, Delhi - DPCC","31-08-2026 05:00:00",28.563262,77.186937,PM2.5,5,147,67
India,Delhi,Delhi,"R K Puram, Delhi - DPCC","31-08-2026 05:00:00",28.563262,77.186937,PM10,84,232,131
India,Gujarat,Ahmedabad,"Rakhial, Ahmedabad - IITM","31-08-2026 05:00:00",23.016834,72.625775,SO2,22,24,23
India,Gujarat,Ahmedabad,"Maninagar, Ahmedabad - GPCB","31-08-2026 05:00:00",23.002657,72.591912,PM2.5,17,96,55
India,Gujarat,Ahmedabad,"Maninagar, Ahmedabad - GPCB","31-08-2026 05:00:00",23.002657,72.591912,NO2,22,46,38
India,Gujarat,Ahmedabad,"Chandkheda, Ahmedabad - IITM","31-08-2026 05:00:00",23.107969,72.574648,PM2.5,17,53,33
India,Gujarat,Ahmedabad,"Chandkheda, Ahmedabad - IITM","31-08-2026 05:00:00",23.107969,72.574648,NH3,4,4,4
India,Gujarat,Ahmedabad,"Chandkheda, Ahmedabad - IITM","31-08-2026 05:00:00",23.107969,72.574648,OZONE,6,11,9
India,Gujarat,Ahmedabad,"SAC ISRO Satellite, Ahmedabad - IITM","31-08-2026 05:00:00",23.023389,72.515201,PM2.5,17,59,35
India,Gujarat,Ahmedabad,"Gyaspur, Ahmedabad - IITM","31-08-2026 05:00:00",22.977134,72.553024,PM2.5,16,49,28
India,Gujarat,Ahmedabad,"Gyaspur, Ahmedabad - IITM","31-08-2026 05:00:00",22.977134,72.553024,SO2,24,37,31
India,Haryana,Sirsa,"F-Block, Sirsa - HSPCB","31-08-2026 05:00:00",29.5364,75.0158,PM10,76,127,102
India,Haryana,Sirsa,"F-Block, Sirsa - HSPCB","31-08-2026 05:00:00",29.5364,75.0158,NH3,13,17,14
India,"Himachal Pradesh",Baddi,"HIMUDA Complex Phase-1, Baddi - HPPCB","31-08-2026 05:00:00",30.943887,76.801991,PM10,13,408,120
India,"Himachal Pradesh",Baddi,"HIMUDA Complex Phase-1, Baddi - HPPCB","31-08-2026 05:00:00",30.943887,76.801991,SO2,3,6,6
India,"Himachal Pradesh",Baddi,"HIMUDA Complex Phase-1, Baddi - HPPCB","31-08-2026 05:00:00",30.943887,76.801991,CO,21,113,90
India,"Jammu and Kashmir",Pampore,"Khrew, Pampore - JKPCC","31-08-2026 05:00:00",34.031606,75.009712,PM10,40,93,64
India,"Jammu and Kashmir",Pampore,"Khrew, Pampore - JKPCC","31-08-2026 05:00:00",34.031606,75.009712,SO2,NA,NA,NA
India,"Jammu and Kashmir",Srinagar,"Khunmoh, Srinagar - JKPCC","31-08-2026 05:00:00",34.06313,74.96017,PM10,34,66,45
India,"Jammu and Kashmir",Srinagar,"Khunmoh, Srinagar - JKPCC","31-08-2026 05:00:00",34.06313,74.96017,NH3,NA,NA,NA
India,"Jammu and Kashmir",Srinagar,"Khunmoh, Srinagar - JKPCC","31-08-2026 05:00:00",34.06313,74.96017,OZONE,NA,NA,NA
India,Jharkhand,Dhanbad,"Sardar Patel Nagar, Dhanbad - JSPCB","31-08-2026 05:00:00",23.80569,86.44268,PM10,NA,NA,NA
India,Delhi,Delhi,"Commonwealth Sports Complex, Delhi - DPCC","31-08-2026 05:00:00",28.615828,77.271992,NO2,6,46,20
India,Delhi,Delhi,"Commonwealth Sports Complex, Delhi - DPCC","31-08-2026 05:00:00",28.615828,77.271992,CO,41,67,49
India,Delhi,Delhi,"Commonwealth Sports Complex, Delhi - DPCC","31-08-2026 05:00:00",28.615828,77.271992,OZONE,8,31,17
India,Delhi,Delhi,"NSIT Dwarka, Delhi - CPCB","31-08-2026 05:00:00",28.60909,77.0325413,CO,102,127,112
India,Delhi,Delhi,"CRRI Mathura Road, Delhi - IITM","31-08-2026 05:00:00",28.5512005,77.2735737,NO2,20,44,28
India,Delhi,Delhi,"CRRI Mathura Road, Delhi - IITM","31-08-2026 05:00:00",28.5512005,77.2735737,SO2,NA,NA,NA
India,Delhi,Delhi,"Burari Crossing, Delhi - IITM","31-08-2026 05:00:00",28.7256504,77.2011573,NH3,NA,NA,NA
India,Delhi,Delhi,"IMD Lodhi Road, Delhi - IITM","31-08-2026 05:00:00",28.5918245,77.2273074,NO2,5,25,12
India,Delhi,Delhi,"IMD Lodhi Road, Delhi - IITM","31-08-2026 05:00:00",28.5918245,77.2273074,CO,9,17,13
India,Delhi,Delhi,"IMD Lodhi Road, Delhi - IITM","31-08-2026 05:00:00",28.5918245,77.2273074,OZONE,12,37,22
India,Haryana,Ambala,"Patti Mehar, Ambala - HSPCB","31-08-2026 05:00:00",30.379589,76.778328,PM10,40,500,203
India,Haryana,Ambala,"Patti Mehar, Ambala - HSPCB","31-08-2026 05:00:00",30.379589,76.778328,OZONE,20,34,27
India,Haryana,Ballabgarh,"Nathu Colony, Ballabgarh - HSPCB","31-08-2026 05:00:00",28.3419248,77.319699,CO,16,19,18
India,Haryana,Bhiwani,"H.B. Colony, Bhiwani - HSPCB","31-08-2026 05:00:00",28.806223,76.141105,PM2.5,122,146,133
India,Haryana,"Charkhi Dadri","Mini Secretariat, Charkhi Dadri - HSPCB","31-08-2026 05:00:00",28.593883,76.270653,PM10,52,144,115
India,Haryana,"Charkhi Dadri","Mini Secretariat, Charkhi Dadri - HSPCB","31-08-2026 05:00:00",28.593883,76.270653,SO2,7,9,8
India,Haryana,Dharuhera,"Municipal Corporation Office, Dharuhera -  HSPCB","31-08-2026 05:00:00",28.2068,76.7997,NH3,9,18,12
India,Haryana,Dharuhera,"Municipal Corporation Office, Dharuhera -  HSPCB","31-08-2026 05:00:00",28.2068,76.7997,OZONE,10,25,14
India,Delhi,Delhi,"Sirifort, Delhi - CPCB","31-08-2026 05:00:00",28.5504249,77.2159377,PM2.5,38,80,60
India,Delhi,Delhi,"Chandni Chowk, Delhi - IITM","31-08-2026 05:00:00",28.656756,77.227234,SO2,6,10,8
India,Delhi,Delhi,"Dwarka-Sector 8, Delhi - DPCC ","31-08-2026 05:00:00",28.5710274,77.0719006,NH3,5,8,6
India,Delhi,Delhi,"Dr. Karni Singh Shooting Range, Delhi - DPCC","31-08-2026 05:00:00",28.498571,77.26484,PM10,70,143,114
India,Delhi,Delhi,"Dr. Karni Singh Shooting Range, Delhi - DPCC","31-08-2026 05:00:00",28.498571,77.26484,NO2,6,30,14
India,Delhi,Delhi,"Dr. Karni Singh Shooting Range, Delhi - DPCC","31-08-2026 05:00:00",28.498571,77.26484,SO2,6,9,7
India,Delhi,Delhi,"IGI Airport (T3), Delhi - IITM","31-08-2026 05:00:00",28.5627763,77.1180053,SO2,NA,NA,NA
India,Delhi,Delhi,"IGNOU_Maidan Garhi, Delhi - DPCC","31-08-2026 05:00:00",28.493624,77.201159,CO,44,46,45
India,Delhi,Delhi,"Najafgarh, Delhi - DPCC","31-08-2026 05:00:00",28.570173,76.933762,NO2,9,28,15
India,Delhi,Delhi,"Najafgarh, Delhi - DPCC","31-08-2026 05:00:00",28.570173,76.933762,NH3,5,6,5
India,Delhi,Delhi,"Najafgarh, Delhi - DPCC","31-08-2026 05:00:00",28.570173,76.933762,OZONE,9,14,13
India,Delhi,Delhi,"Wazirpur, Delhi - DPCC","31-08-2026 05:00:00",28.699793,77.165453,PM2.5,50,157,89
India,Delhi,Delhi,"Shadipur, Delhi - CPCB","31-08-2026 05:00:00",28.6514781,77.1473105,PM10,49,158,96
India,Delhi,Delhi,"Shadipur, Delhi - CPCB","31-08-2026 05:00:00",28.6514781,77.1473105,SO2,2,16,9
India,Delhi,Delhi,"Mandir Marg, Delhi - DPCC","31-08-2026 05:00:00",28.636429,77.201067,NO2,7,29,14
India,Delhi,Delhi,"Mandir Marg, Delhi - DPCC","31-08-2026 05:00:00",28.636429,77.201067,SO2,17,25,21
India,Delhi,Delhi,"Mandir Marg, Delhi - DPCC","31-08-2026 05:00:00",28.636429,77.201067,CO,22,55,38
India,"Madhya Pradesh",Ujjain,"Mahashweta Nagar, Ujjain - MPPCB","31-08-2026 05:00:00",23.1633321,75.800225,OZONE,33,45,38
India,Maharashtra,Ahmednagar,"Tarakpur, Ahmednagar - MPCB","31-08-2026 05:00:00",19.10122,74.73339,PM10,19,38,27
India,Maharashtra,Ahmednagar,"Tarakpur, Ahmednagar - MPCB","31-08-2026 05:00:00",19.10122,74.73339,SO2,4,11,7
India,Maharashtra,Ahmednagar,"Tarakpur, Ahmednagar - MPCB","31-08-2026 05:00:00",19.10122,74.73339,CO,1,5,4
India,Maharashtra,Akola,"Ramdaspeth, Akola - MPCB","31-08-2026 05:00:00",20.719516,77.000253,PM2.5,29,47,35
India,Maharashtra,Akola,"Ramdaspeth, Akola - MPCB","31-08-2026 05:00:00",20.719516,77.000253,CO,14,35,19
India,Maharashtra,Amravati,"Shri Shivaji Science College, Amravati - MPCB","31-08-2026 05:00:00",20.939198,77.765701,PM10,14,67,44
India,Maharashtra,Amravati,"Shri Shivaji Science College, Amravati - MPCB","31-08-2026 05:00:00",20.939198,77.765701,NO2,3,13,6
India,Maharashtra,Amravati,"Shivneri Colony, Amravati - MPCB","31-08-2026 05:00:00",20.9402359,77.7895248,PM10,26,60,45
India,Maharashtra,Aurangabad,"MIDC Chilkalthana, Aurangabad - MPCB","31-08-2026 05:00:00",19.87562,75.38731,NH3,1,2,1
India,Maharashtra,Aurangabad,"MIDC Chilkalthana, Aurangabad - MPCB","31-08-2026 05:00:00",19.87562,75.38731,SO2,5,9,6
India,Maharashtra,Aurangabad,"MIDC Chilkalthana, Aurangabad - MPCB","31-08-2026 05:00:00",19.87562,75.38731,OZONE,0,46,23
India,Maharashtra,Aurangabad,"Rachnakar Colony, Aurangabad - MPCB","31-08-2026 05:00:00",19.863756,75.321188,NO2,7,13,9
India,Maharashtra,Aurangabad,"Rachnakar Colony, Aurangabad - MPCB","31-08-2026 05:00:00",19.863756,75.321188,OZONE,9,10,10
India,Maharashtra,Badlapur,"Katrap, Badlapur - MPCB","31-08-2026 05:00:00",19.16485,73.23409,PM10,15,16,15
India,"Madhya Pradesh",Bhopal,"T T Nagar, Bhopal - MPPCB","31-08-2026 05:00:00",23.233584,77.400574,SO2,18,24,22
India,"Madhya Pradesh",Damoh,"Shrivastav Colony, Damoh - MPPCB","31-08-2026 05:00:00",23.81748678,79.446246,OZONE,NA,NA,NA
India,"Madhya Pradesh",Dewas,"Bhopal Chauraha, Dewas - MPPCB","31-08-2026 05:00:00",22.9682591,76.064118,SO2,46,62,55
India,"Madhya Pradesh",Dewas,"Bhopal Chauraha, Dewas - MPPCB","31-08-2026 05:00:00",22.9682591,76.064118,CO,10,34,18
India,"Madhya Pradesh",Gwalior,"Maharaj Bada, Gwalior - MPPCB","31-08-2026 05:00:00",26.200388,78.147714,CO,23,102,48
India,"Madhya Pradesh",Gwalior,"City Center, Gwalior - MPPCB","31-08-2026 05:00:00",26.203442,78.193251,PM10,39,52,45
India,"Madhya Pradesh",Gwalior,"Deen Dayal Nagar, Gwalior - MPPCB","31-08-2026 05:00:00",26.259242,78.216432,PM2.5,14,32,25
India,"Madhya Pradesh",Gwalior,"Deen Dayal Nagar, Gwalior - MPPCB","31-08-2026 05:00:00",26.259242,78.216432,NO2,42,66,54
India,"Madhya Pradesh",Indore,"Regional Park, Indore - IMC","31-08-2026 05:00:00",22.678,75.8559,NH3,1,3,2
India,"Madhya Pradesh",Indore,"Regional Park, Indore - IMC","31-08-2026 05:00:00",22.678,75.8559,CO,NA,NA,NA
India,"Madhya Pradesh",Indore,"Chhoti Gwaltoli, Indore - MPPCB","31-08-2026 05:00:00",22.431,75.5213,NH3,6,7,6
India,"Madhya Pradesh",Indore,"Chhoti Gwaltoli, Indore - MPPCB","31-08-2026 05:00:00",22.431,75.5213,CO,11,37,21
India,"Madhya Pradesh",Indore,"Airport Area, Indore - IMC","31-08-2026 05:00:00",22.7289,75.8076,PM2.5,13,57,43
India,"Madhya Pradesh",Indore,"Airport Area, Indore - IMC","31-08-2026 05:00:00",22.7289,75.8076,NH3,0,1,0
India,Maharashtra,Mira-Bhayandar,"Bhayandar West, Mira-Bhayandar - MPCB","31-08-2026 05:00:00",19.296481,72.840923,PM10,18,29,23
India,Maharashtra,Mumbai,"Shivaji Nagar, Mumbai - BMC","31-08-2026 05:00:00",19.060498,72.923356,PM2.5,11,29,21
India,Maharashtra,Mumbai,"Shivaji Nagar, Mumbai - BMC","31-08-2026 05:00:00",19.060498,72.923356,PM10,51,109,75
India,Maharashtra,Mumbai,"Sion, Mumbai - MPCB","31-08-2026 05:00:00",19.047,72.8746,PM10,6,20,11
India,Maharashtra,Mumbai,"Sion, Mumbai - MPCB","31-08-2026 05:00:00",19.047,72.8746,NO2,47,79,63
India,Maharashtra,Mumbai,"Sion, Mumbai - MPCB","31-08-2026 05:00:00",19.047,72.8746,SO2,5,6,5
India,Maharashtra,Mumbai,"Borivali East, Mumbai - MPCB","31-08-2026 05:00:00",19.2243333,72.8658113,NO2,10,10,10
India,Maharashtra,Mumbai,"Borivali East, Mumbai - MPCB","31-08-2026 05:00:00",19.2243333,72.8658113,OZONE,NA,NA,NA
India,Maharashtra,Mumbai,"Bandra Kurla Complex, Mumbai - MPCB","31-08-2026 05:00:00",19.065931,72.862131,PM10,28,47,39
India,Maharashtra,Mumbai,"Bandra Kurla Complex, Mumbai - MPCB","31-08-2026 05:00:00",19.065931,72.862131,SO2,2,4,3
India,Maharashtra,Mumbai,"Bandra Kurla Complex, Mumbai - MPCB","31-08-2026 05:00:00",19.065931,72.862131,OZONE,6,14,11
India,Maharashtra,Mumbai,"Kherwadi_Bandra East, Mumbai - MPCB","31-08-2026 05:00:00",19.0632143,72.8456324,NH3,5,5,5
India,Maharashtra,Mumbai,"Byculla, Mumbai - BMC","31-08-2026 05:00:00",18.9767,72.838,PM2.5,10,21,15
India,Maharashtra,Mumbai,"Byculla, Mumbai - BMC","31-08-2026 05:00:00",18.9767,72.838,NO2,5,12,9
India,Maharashtra,Mumbai,"Worli, Mumbai - MPCB","31-08-2026 05:00:00",18.9936162,72.8128113,SO2,4,9,6
India,"Madhya Pradesh",Jabalpur,"Marhatal, Jabalpur - MPPCB","31-08-2026 05:00:00",23.168606,79.932247,NO2,27,30,28
India,"Madhya Pradesh",Jabalpur,"Marhatal, Jabalpur - MPPCB","31-08-2026 05:00:00",23.168606,79.932247,CO,33,96,58
India,"Madhya Pradesh",Jabalpur,"Suhagi, Jabalpur - JMC","31-08-2026 05:00:00",23.218135,79.95777,NO2,25,41,32
India,"Madhya Pradesh",Jabalpur,"Suhagi, Jabalpur - JMC","31-08-2026 05:00:00",23.218135,79.95777,CO,32,44,34
India,"Madhya Pradesh",Maihar,"Sahilara, Maihar - KJS Cements","31-08-2026 05:00:00",24.2613009,80.7231783,PM2.5,7,10,9
India,"Madhya Pradesh",Maihar,"Sahilara, Maihar - KJS Cements","31-08-2026 05:00:00",24.2613009,80.7231783,NH3,NA,NA,NA
India,"Madhya Pradesh",Mandideep,"Sector-D Industrial Area, Mandideep - MPPCB","31-08-2026 05:00:00",23.10844,77.511428,PM2.5,46,88,60
India,"Madhya Pradesh",Pithampur,"Sector-2 Industrial Area, Pithampur - MPPCB","31-08-2026 05:00:00",22.624758,75.675238,CO,21,24,23
India,"Madhya Pradesh",Sagar,"Civil Lines, Sagar - MPPCB","31-08-2026 05:00:00",23.838586,78.759431,PM2.5,16,44,34
India,"Madhya Pradesh",Satna,"Bandhavgar Colony, Satna - Birla Cement","31-08-2026 05:00:00",24.58434363,80.8549414,PM10,70,71,70
India,"Madhya Pradesh",Satna,"Bandhavgar Colony, Satna - Birla Cement","31-08-2026 05:00:00",24.58434363,80.8549414,NH3,NA,NA,NA
India,"Madhya Pradesh",Singrauli,"Suryakiran Bhawan NCL, Singrauli - MPPCB","31-08-2026 05:00:00",24.10897,82.64558,PM2.5,NA,NA,NA
India,Karnataka,Shivamogga,"Vinoba Nagara, Shivamogga - KSPCB","31-08-2026 05:00:00",13.94,75.555917,CO,5,10,8
India,Karnataka,Vijayapura,"Ibrahimpur, Vijayapura - KSPCB","31-08-2026 05:00:00",16.802639,75.722694,PM2.5,26,27,27
India,Karnataka,Vijayapura,"Ibrahimpur, Vijayapura - KSPCB","31-08-2026 05:00:00",16.802639,75.722694,NH3,3,4,4
India,Karnataka,Vijayapura,"Ibrahimpur, Vijayapura - KSPCB","31-08-2026 05:00:00",16.802639,75.722694,SO2,3,6,3
India,Karnataka,Yadgir,"Collector Office, Yadgir - KSPCB","31-08-2026 05:00:00",16.7602,77.1428,PM10,17,46,32
India,Karnataka,Yadgir,"Collector Office, Yadgir - KSPCB","31-08-2026 05:00:00",16.7602,77.1428,NO2,2,6,4
India,Kerala,Thiruvananthapuram,"Plammoodu, Thiruvananthapuram - Kerala PCB","31-08-2026 05:00:00",8.5149093,76.9435879,OZONE,16,17,17
India,Kerala,Thiruvananthapuram,"Kariavattom, Thiruvananthapuram - Kerala PCB","31-08-2026 05:00:00",8.5637,76.8865,NH3,0,0,0
India,"Madhya Pradesh",Bhopal,"Paryavaran Parisar, Bhopal - MPPCB","31-08-2026 05:00:00",23.210494,77.425409,PM10,48,83,64
India,"Madhya Pradesh",Bhopal,"Paryavaran Parisar, Bhopal - MPPCB","31-08-2026 05:00:00",23.210494,77.425409,NO2,9,13,11
India,"Madhya Pradesh",Bhopal,"Paryavaran Parisar, Bhopal - MPPCB","31-08-2026 05:00:00",23.210494,77.425409,OZONE,24,36,30
India,"Madhya Pradesh",Bhopal,"Idgah Hills, Bhopal - MPPCB","31-08-2026 05:00:00",23.264759,77.381568,NH3,NA,NA,NA
India,Maharashtra,Jalna,"Old MIDC, Jalna - MPCB","31-08-2026 05:00:00",19.854616,75.905894,SO2,1,2,2
India,Maharashtra,Jalna,"Old MIDC, Jalna - MPCB","31-08-2026 05:00:00",19.854616,75.905894,OZONE,28,40,33
India,Maharashtra,Kalyan,"Khadakpada, Kalyan - MPCB","31-08-2026 05:00:00",19.25292,73.142019,PM2.5,27,310,133
India,Maharashtra,Kalyan,"Khadakpada, Kalyan - MPCB","31-08-2026 05:00:00",19.25292,73.142019,CO,NA,NA,NA
India,Maharashtra,Kalyan,"Pimpleshwar Mandir, Kalyan - MPCB","31-08-2026 05:00:00",19.192056,72.9585188,SO2,10,14,12
India,Maharashtra,Kalyan,"Pimpleshwar Mandir, Kalyan - MPCB","31-08-2026 05:00:00",19.192056,72.9585188,OZONE,14,19,16
India,Maharashtra,Kolhapur,"Shivaji University, Kolhapur - MPCB","31-08-2026 05:00:00",16.6870449,74.2505872,CO,5,21,12
India,Maharashtra,Latur,"Sawe Wadi, Latur - MPCB","31-08-2026 05:00:00",18.39963,76.57452,PM10,22,51,37
India,Maharashtra,Latur,"Sawe Wadi, Latur - MPCB","31-08-2026 05:00:00",18.39963,76.57452,SO2,4,6,5
India,Maharashtra,Mahad,"Kamble Tarf Birwadi, Mahad - MPCB","31-08-2026 05:00:00",18.1023399,73.4783687,PM2.5,14,40,23
India,Maharashtra,Mahad,"Kamble Tarf Birwadi, Mahad - MPCB","31-08-2026 05:00:00",18.1023399,73.4783687,SO2,7,25,10
India,Maharashtra,Malegaon,"Mahesh Nagar, Malegaon - MPCB","31-08-2026 05:00:00",20.555712,74.529236,CO,6,14,9
India,Karnataka,Bengaluru,"Jigani, Bengaluru - KSPCB","31-08-2026 05:00:00",12.7816279,77.6299145,NH3,3,3,3
India,Karnataka,Bengaluru,"Jigani, Bengaluru - KSPCB","31-08-2026 05:00:00",12.7816279,77.6299145,SO2,16,17,16
India,Karnataka,Bengaluru,"City Railway Station, Bengaluru - KSPCB","31-08-2026 05:00:00",12.9756843,77.5660749,PM10,81,97,96
India,Karnataka,Bengaluru,"Hombegowda Nagar, Bengaluru - KSPCB","31-08-2026 05:00:00",12.938539,77.5901,NH3,1,1,1
India,Karnataka,Bengaluru,"Peenya, Bengaluru - CPCB","31-08-2026 05:00:00",13.0270199,77.494094,PM2.5,10,10,10
India,Karnataka,Bengaluru,"Peenya, Bengaluru - CPCB","31-08-2026 05:00:00",13.0270199,77.494094,OZONE,26,27,27
India,Karnataka,Bengaluru,"Shivapura_Peenya, Bengaluru - KSPCB","31-08-2026 05:00:00",13.0246342,77.5080115,NH3,3,3,3
India,Karnataka,Bengaluru,"Shivapura_Peenya, Bengaluru - KSPCB","31-08-2026 05:00:00",13.0246342,77.5080115,OZONE,24,25,25
India,Karnataka,Bengaluru,"Hebbal, Bengaluru - KSPCB","31-08-2026 05:00:00",13.029152,77.585901,PM2.5,10,24,16
India,Karnataka,Bengaluru,"Hebbal, Bengaluru - KSPCB","31-08-2026 05:00:00",13.029152,77.585901,CO,39,45,43
India,Karnataka,Bengaluru,"Silk Board, Bengaluru - KSPCB","31-08-2026 05:00:00",12.917348,77.622813,OZONE,11,14,13
India,Maharashtra,Beed,"Bir, Beed - MPCB","31-08-2026 05:00:00",18.988474,75.753873,PM10,22,55,38
India,Maharashtra,Boisar,"Khaira, Boisar - MPCB","31-08-2026 05:00:00",19.786089,72.757971,PM2.5,18,34,25
India,Maharashtra,Boisar,"Khaira, Boisar - MPCB","31-08-2026 05:00:00",19.786089,72.757971,NO2,5,11,7
India,Maharashtra,Boisar,"Khaira, Boisar - MPCB","31-08-2026 05:00:00",19.786089,72.757971,NH3,5,6,5
India,Maharashtra,Chandrapur,"Chauhan Colony, Chandrapur - MPCB","31-08-2026 05:00:00",19.9629,79.298714,PM2.5,28,78,46
India,Maharashtra,Dombivli,"Kalu Nagar, Dombivli - MPCB","31-08-2026 05:00:00",19.2268427,73.0788456,PM2.5,2,10,5
India,Maharashtra,Dombivli,"Kalu Nagar, Dombivli - MPCB","31-08-2026 05:00:00",19.2268427,73.0788456,NO2,4,17,10
India,Maharashtra,Hingoli,"Ashta Vinayak Nagar, Hingoli - MPCB","31-08-2026 05:00:00",19.710842,77.151824,SO2,4,12,5
India,Maharashtra,Jalgaon,"Prabhat Colony, Jalgaon - MPCB","31-08-2026 05:00:00",21.001264,75.565602,SO2,3,5,4
India,Karnataka,Chikkamagaluru,"Kalyana Nagara, Chikkamagaluru - KSPCB","31-08-2026 05:00:00",13.328028,75.797056,PM2.5,20,41,28
India,Karnataka,Chikkamagaluru,"Kalyana Nagara, Chikkamagaluru - KSPCB","31-08-2026 05:00:00",13.328028,75.797056,CO,11,46,15
India,Karnataka,Mysuru,"Hebbal 1st Stage, Mysuru - KSPCB","31-08-2026 05:00:00",12.21041,76.37376,PM2.5,9,29,16
India,Odisha,Baripada,"Meher Colony, Baripada - OSPCB","31-08-2026 05:00:00",21.941841,86.728318,CO,1,21,11
India,Odisha,Bhubaneswar,"Patia, Bhubaneswar - OSPCB","31-08-2026 05:00:00",20.34652,85.8163,PM2.5,5,32,15
India,Odisha,Bhubaneswar,"Patia, Bhubaneswar - OSPCB","31-08-2026 05:00:00",20.34652,85.8163,SO2,6,11,10
India,Odisha,Bhubaneswar,"Patia, Bhubaneswar - OSPCB","31-08-2026 05:00:00",20.34652,85.8163,OZONE,21,30,25
India,Odisha,Bhubaneswar,"Lingraj Mandir, Bhubaneswar - OSPCB","31-08-2026 05:00:00",20.24079,85.836784,PM10,6,116,24
India,Odisha,Bhubaneswar,"Lingraj Mandir, Bhubaneswar - OSPCB","31-08-2026 05:00:00",20.24079,85.836784,NO2,5,31,13
India,Odisha,Bhubaneswar,"Lingraj Mandir, Bhubaneswar - OSPCB","31-08-2026 05:00:00",20.24079,85.836784,NH3,1,6,3
India,Odisha,Bileipada,"Tata Township, Bileipada - OSPCB","31-08-2026 05:00:00",22.06156703,85.47409613,PM10,34,78,52
India,Odisha,Bileipada,"Tata Township, Bileipada - OSPCB","31-08-2026 05:00:00",22.06156703,85.47409613,SO2,7,7,7
India,Odisha,Bileipada,"Tata Township, Bileipada - OSPCB","31-08-2026 05:00:00",22.06156703,85.47409613,OZONE,16,18,17
India,Odisha,Brajrajnagar,"GM Office, Brajrajnagar - OSPCB","31-08-2026 05:00:00",21.8004996,83.8396977,PM10,6,49,27
India,Odisha,Brajrajnagar,"GM Office, Brajrajnagar - OSPCB","31-08-2026 05:00:00",21.8004996,83.8396977,NH3,4,4,4
India,Odisha,Brajrajnagar,"GM Office, Brajrajnagar - OSPCB","31-08-2026 05:00:00",21.8004996,83.8396977,OZONE,42,45,43
India,Odisha,Cuttack,"CDA Area, Cuttack - OSPCB","31-08-2026 05:00:00",20.48891,85.84768,PM2.5,2,32,14
India,Odisha,Cuttack,"CDA Area, Cuttack - OSPCB","31-08-2026 05:00:00",20.48891,85.84768,NH3,1,7,5
India,Odisha,Cuttack,"CDA Area, Cuttack - OSPCB","31-08-2026 05:00:00",20.48891,85.84768,CO,32,36,34
India,Odisha,Cuttack,"CDA Area, Cuttack - OSPCB","31-08-2026 05:00:00",20.48891,85.84768,OZONE,5,36,27
India,Odisha,Keonjhar,"Jagamohanpur, Keonjhar - OSPCB","31-08-2026 05:00:00",21.6439,85.599355,NH3,2,2,2
India,Odisha,Keonjhar,"Jagamohanpur, Keonjhar - OSPCB","31-08-2026 05:00:00",21.6439,85.599355,CO,40,41,40
India,Odisha,Nayagarh,"Dabuna, Nayagarh - OSPCB","31-08-2026 05:00:00",21.847279,85.416905,CO,7,9,8
India,Odisha,Rourkela,"Sector-2, Rourkela - OSPCB","31-08-2026 05:00:00",22.245,84.88111111,SO2,NA,NA,NA
India,Odisha,Rourkela,"Raghunathpali, Rourkela - OSPCB","31-08-2026 05:00:00",22.220833,84.809444,NO2,10,10,10
India,Odisha,Rourkela,"Raghunathpali, Rourkela - OSPCB","31-08-2026 05:00:00",22.220833,84.809444,CO,38,82,58
India,Odisha,Rourkela,"Fertilizer Township, Rourkela - OSPCB","31-08-2026 05:00:00",22.18972222,84.86277778,PM2.5,27,42,33
India,Odisha,Rourkela,"Fertilizer Township, Rourkela - OSPCB","31-08-2026 05:00:00",22.18972222,84.86277778,PM10,40,55,44
India,Odisha,Rourkela,"Fertilizer Township, Rourkela - OSPCB","31-08-2026 05:00:00",22.18972222,84.86277778,NO2,NA,NA,NA
India,Odisha,Rourkela,"Fertilizer Township, Rourkela - OSPCB","31-08-2026 05:00:00",22.18972222,84.86277778,NH3,NA,NA,NA
India,Odisha,Tensa,"Barsua Iron Ore Mines, Tensa - OSPCB","31-08-2026 05:00:00",21.869985,85.167016,CO,29,41,34
India,Odisha,Tensa,"Barsua Iron Ore Mines, Tensa - OSPCB","31-08-2026 05:00:00",21.869985,85.167016,OZONE,3,12,9
India,Punjab,Bathinda,"Hardev Nagar, Bathinda - PPCB","31-08-2026 05:00:00",30.233011,74.907758,PM2.5,23,76,49
India,Punjab,Bathinda,"Hardev Nagar, Bathinda - PPCB","31-08-2026 05:00:00",30.233011,74.907758,PM10,28,81,63
India,Punjab,Bathinda,"Hardev Nagar, Bathinda - PPCB","31-08-2026 05:00:00",30.233011,74.907758,OZONE,NA,NA,NA
India,Punjab,Jalandhar,"Civil Line, Jalandhar - PPCB","31-08-2026 05:00:00",31.321907,75.578914,NH3,2,2,2
India,Punjab,Jalandhar,"Civil Line, Jalandhar - PPCB","31-08-2026 05:00:00",31.321907,75.578914,SO2,18,19,18
India,Punjab,Jalandhar,"Civil Line, Jalandhar - PPCB","31-08-2026 05:00:00",31.321907,75.578914,CO,10,71,47
India,Punjab,Khanna,"Kalal Majra, Khanna - PPCB","31-08-2026 05:00:00",30.736056,76.209694,NO2,9,24,20
India,Punjab,Khanna,"Kalal Majra, Khanna - PPCB","31-08-2026 05:00:00",30.736056,76.209694,NH3,4,14,9
India,Punjab,Khanna,"Kalal Majra, Khanna - PPCB","31-08-2026 05:00:00",30.736056,76.209694,SO2,5,17,10
India,Punjab,"Mandi Gobindgarh","RIMT University, Mandi Gobindgarh - PPCB","31-08-2026 05:00:00",30.649961,76.331442,PM10,68,188,123
India,Punjab,"Mandi Gobindgarh","RIMT University, Mandi Gobindgarh - PPCB","31-08-2026 05:00:00",30.649961,76.331442,SO2,8,16,12
India,Punjab,"Mandi Gobindgarh","RIMT University, Mandi Gobindgarh - PPCB","31-08-2026 05:00:00",30.649961,76.331442,OZONE,15,38,24
India,Punjab,Patiala,"Model Town, Patiala - PPCB","31-08-2026 05:00:00",30.349388,76.366642,PM2.5,15,42,29
India,Punjab,Rupnagar,"Ratanpura, Rupnagar - Ambuja Cements","31-08-2026 05:00:00",31.0325454,76.5623046,PM2.5,9,44,26
India,Maharashtra,Ulhasnagar,"Sidhi Vinayak Nagar, Ulhasnagar - MPCB","31-08-2026 05:00:00",19.235581,73.159121,NH3,2,2,2
India,Maharashtra,Ulhasnagar,"Vithalwadi, Ulhasnagar - MPCB","31-08-2026 05:00:00",19.2307571,73.155192,SO2,2,18,5
India,Maharashtra,Virar,"Bolinj, Virar - MPCB","31-08-2026 05:00:00",19.445821,72.7988231,NO2,5,13,8
India,Maharashtra,Virar,"Bolinj, Virar - MPCB","31-08-2026 05:00:00",19.445821,72.7988231,OZONE,11,16,13
India,Meghalaya,Byrnihat,"15th Mile-Nongthymmai, Byrnihat -Meghalaya PCB","31-08-2026 05:00:00",26.079047,91.875185,NH3,0,1,0
India,Meghalaya,Shillong,"JN Stadium, Shillong - Meghalaya PCB","31-08-2026 05:00:00",25.5803419,91.8942571,PM10,10,30,21
India,Meghalaya,Shillong,"JN Stadium, Shillong - Meghalaya PCB","31-08-2026 05:00:00",25.5803419,91.8942571,SO2,20,26,23
India,Nagaland,Kohima,"PWD Junction, Kohima - NPCB","31-08-2026 05:00:00",25.6635413,94.0989878,PM2.5,3,47,13
India,Nagaland,Kohima,"PWD Junction, Kohima - NPCB","31-08-2026 05:00:00",25.6635413,94.0989878,NH3,0,1,1
India,Nagaland,Kohima,"PWD Junction, Kohima - NPCB","31-08-2026 05:00:00",25.6635413,94.0989878,OZONE,NA,NA,NA
India,Odisha,Angul,"Hakimapada, Angul - OSPCB","31-08-2026 05:00:00",20.832874,85.104082,PM10,9,33,20
India,Odisha,Angul,"Hakimapada, Angul - OSPCB","31-08-2026 05:00:00",20.832874,85.104082,OZONE,25,33,29
India,Odisha,Balasore,"Kalidaspur, Balasore - OSPCB","31-08-2026 05:00:00",21.51161,86.89088,OZONE,22,32,26
India,Odisha,Barbil,"Forest Office, Barbil - OSPCB","31-08-2026 05:00:00",22.1166054,85.3945546,SO2,6,13,8
India,Odisha,Barbil,"Forest Office, Barbil - OSPCB","31-08-2026 05:00:00",22.1166054,85.3945546,CO,5,20,11
India,Odisha,Barbil,"Forest Office, Barbil - OSPCB","31-08-2026 05:00:00",22.1166054,85.3945546,OZONE,5,44,30
India,Maharashtra,Mumbai,"Kandivali West, Mumbai - BMC","31-08-2026 05:00:00",19.215859,72.831718,NH3,4,5,4
India,Maharashtra,Mumbai,"Sewri, Mumbai - BMC","31-08-2026 05:00:00",19.000084,72.85673,PM10,33,38,36
India,Maharashtra,Mumbai,"Sewri, Mumbai - BMC","31-08-2026 05:00:00",19.000084,72.85673,NO2,NA,NA,NA
India,Maharashtra,Mumbai,"Sewri, Mumbai - BMC","31-08-2026 05:00:00",19.000084,72.85673,NH3,2,4,3
India,Maharashtra,Mumbai,"Sewri, Mumbai - BMC","31-08-2026 05:00:00",19.000084,72.85673,SO2,NA,NA,NA
India,Maharashtra,Mumbai,"Khindipada-Bhandup West, Mumbai - IITM","31-08-2026 05:00:00",19.1653323,72.922099,NH3,2,2,2
India,Maharashtra,Mumbai,"Khindipada-Bhandup West, Mumbai - IITM","31-08-2026 05:00:00",19.1653323,72.922099,CO,33,36,34
India,Maharashtra,Mumbai,"Malad West, Mumbai - IITM","31-08-2026 05:00:00",19.19709,72.82204,NH3,1,2,2
India,Maharashtra,Mumbai,"Borivali East, Mumbai - IITM","31-08-2026 05:00:00",19.23241,72.86895,SO2,NA,NA,NA
India,Maharashtra,Mumbai,"Mazgaon, Mumbai - IITM","31-08-2026 05:00:00",18.96702,72.84214,SO2,0,10,6
India,Maharashtra,Mumbai,"Chakala-Andheri East, Mumbai - IITM","31-08-2026 05:00:00",19.11074,72.86084,OZONE,8,11,10
India,Maharashtra,Mumbai,"Bandra Kurla Complex, Mumbai - IITM","31-08-2026 05:00:00",19.053536,72.84643,PM10,38,75,58
India,Maharashtra,Mumbai,"Bandra Kurla Complex, Mumbai - IITM","31-08-2026 05:00:00",19.053536,72.84643,NO2,8,16,12
India,Maharashtra,Mumbai,"Bandra Kurla Complex, Mumbai - IITM","31-08-2026 05:00:00",19.053536,72.84643,NH3,4,9,6
India,Maharashtra,Mumbai,"Ghatkopar, Mumbai - BMC","31-08-2026 05:00:00",19.083694,72.920967,PM2.5,9,49,17
India,Maharashtra,Mumbai,"Ghatkopar, Mumbai - BMC","31-08-2026 05:00:00",19.083694,72.920967,NO2,1,7,3
India,Maharashtra,Mumbai,"Deonar, Mumbai - IITM","31-08-2026 05:00:00",19.04946,72.923,PM2.5,4,41,15
India,Maharashtra,Parbhani,"Masoom Colony, Parbhani - MPCB","31-08-2026 05:00:00",19.265594,76.761463,NO2,7,13,11
India,Maharashtra,Parbhani,"Masoom Colony, Parbhani - MPCB","31-08-2026 05:00:00",19.265594,76.761463,CO,9,16,12
India,Maharashtra,Pimpri-Chinchwad,"Bhosari, Pune - IITM","31-08-2026 05:00:00",18.640051,73.848956,SO2,NA,NA,NA
India,Maharashtra,Pimpri-Chinchwad,"Bhumkar Nagar, Pune - IITM","31-08-2026 05:00:00",18.60577,73.749976,PM2.5,22,74,39
India,Maharashtra,Pimpri-Chinchwad,"Bhumkar Nagar, Pune - IITM","31-08-2026 05:00:00",18.60577,73.749976,NH3,NA,NA,NA
India,Maharashtra,Pimpri-Chinchwad,"Thergaon, Pimpri Chinchwad - MPCB","31-08-2026 05:00:00",18.616318,73.765797,OZONE,9,18,13
India,Maharashtra,Pimpri-Chinchwad,"Transport Nagar-Nigdi, Pune - IITM","31-08-2026 05:00:00",18.664282,73.763966,NO2,29,42,35
India,Maharashtra,Pimpri-Chinchwad,"Transport Nagar-Nigdi, Pune - IITM","31-08-2026 05:00:00",18.664282,73.763966,OZONE,13,15,14
India,Maharashtra,Pimpri-Chinchwad,"Park Street Wakad, Pimpri Chinchwad - MPCB","31-08-2026 05:00:00",18.59051,73.77946,PM2.5,19,38,28
India,Maharashtra,Pimpri-Chinchwad,"Park Street Wakad, Pimpri Chinchwad - MPCB","31-08-2026 05:00:00",18.59051,73.77946,SO2,2,3,2
India,Maharashtra,Pimpri-Chinchwad,"Park Street Wakad, Pimpri Chinchwad - MPCB","31-08-2026 05:00:00",18.59051,73.77946,CO,5,6,6
India,Maharashtra,Pimpri-Chinchwad,"Savta Mali Nagar, Pimpri-Chinchwad - IITM","31-08-2026 05:00:00",18.614767,73.799516,PM2.5,13,49,24
India,Maharashtra,Pune,"Hadapsar, Pune - IITM","31-08-2026 05:00:00",18.501793,73.927532,CO,20,34,25
India,Maharashtra,Pune,"Hadapsar, Pune - IITM","31-08-2026 05:00:00",18.501793,73.927532,OZONE,11,14,13
India,Maharashtra,Pune,"Mhada Colony, Pune - IITM","31-08-2026 05:00:00",18.57304,73.927715,PM2.5,NA,NA,NA
India,Maharashtra,Pune,"Mhada Colony, Pune - IITM","31-08-2026 05:00:00",18.57304,73.927715,NH3,NA,NA,NA
India,Maharashtra,Pune,"Mhada Colony, Pune - IITM","31-08-2026 05:00:00",18.57304,73.927715,CO,18,43,29
India,Maharashtra,Pune,"Dhankawadi, Pune - IITM","31-08-2026 05:00:00",18.459883,73.852193,CO,34,77,57
India,Maharashtra,Pune,"Panchawati_Pashan, Pune - IITM","31-08-2026 05:00:00",18.536457,73.805454,NH3,NA,NA,NA
India,Maharashtra,Pune,"Savitribai Phule Pune University, Pune - MPCB","31-08-2026 05:00:00",18.547056,73.826908,SO2,0,9,4
India,Maharashtra,Pune,"Savitribai Phule Pune University, Pune - MPCB","31-08-2026 05:00:00",18.547056,73.826908,OZONE,14,22,17
India,Maharashtra,Solapur,"Dnyaneshwar Nagar, Solapur - MPCB","31-08-2026 05:00:00",17.6336264,75.9132495,SO2,0,4,2
India,Maharashtra,Solapur,"Dnyaneshwar Nagar, Solapur - MPCB","31-08-2026 05:00:00",17.6336264,75.9132495,OZONE,7,10,9
India,Maharashtra,Solapur,"Ratandeep Housing Society, Solapur - MPCB","31-08-2026 05:00:00",17.65439,75.90649,NH3,2,5,4
India,Maharashtra,Solapur,"Ratandeep Housing Society, Solapur - MPCB","31-08-2026 05:00:00",17.65439,75.90649,CO,7,18,11
India,Maharashtra,Thane,"Upvan Fort, Thane - MPCB","31-08-2026 05:00:00",19.222279,72.957979,PM2.5,10,11,10
India,Maharashtra,Thane,"Kasarvadavali, Thane - MPCB","31-08-2026 05:00:00",19.26777,72.97182,SO2,8,9,8
India,Maharashtra,Thane,"Kasarvadavali, Thane - MPCB","31-08-2026 05:00:00",19.26777,72.97182,CO,28,39,33
India,Maharashtra,Mumbai,"Chhatrapati Shivaji Intl. Airport (T2), Mumbai - MPCB","31-08-2026 05:00:00",19.10078,72.87462,PM10,11,34,25
India,Maharashtra,Mumbai,"Chhatrapati Shivaji Intl. Airport (T2), Mumbai - MPCB","31-08-2026 05:00:00",19.10078,72.87462,NO2,13,13,13
India,Maharashtra,Mumbai,"Chhatrapati Shivaji Intl. Airport (T2), Mumbai - MPCB","31-08-2026 05:00:00",19.10078,72.87462,NH3,1,1,1
India,Maharashtra,Nagpur,"Mahal, Nagpur - MPCB","31-08-2026 05:00:00",21.14472,79.107595,PM2.5,24,55,36
India,Maharashtra,Nagpur,"Mahal, Nagpur - MPCB","31-08-2026 05:00:00",21.14472,79.107595,SO2,1,17,8
India,Maharashtra,Nagpur,"Ram Nagar, Nagpur - MPCB","31-08-2026 05:00:00",21.143383,79.048912,SO2,0,3,2
India,Maharashtra,Nagpur,"Ambazari, Nagpur - MPCB","31-08-2026 05:00:00",21.121801,79.04952,PM2.5,19,47,32
India,Maharashtra,Nashik,"Gangapur Road, Nashik - MPCB","31-08-2026 05:00:00",20.0073285,73.7762427,SO2,NA,NA,NA
India,Maharashtra,Nashik,"Gangapur Road, Nashik - MPCB","31-08-2026 05:00:00",20.0073285,73.7762427,OZONE,11,20,16
India,Maharashtra,Nashik,"Pandav Nagari, Nashik - MPCB","31-08-2026 05:00:00",19.9591346,73.7788008,OZONE,9,14,11
India,Maharashtra,Nashik,"Hirawadi, Nashik - MPCB","31-08-2026 05:00:00",20.021503,73.813844,NO2,14,17,15
India,Maharashtra,Nashik,"Hirawadi, Nashik - MPCB","31-08-2026 05:00:00",20.021503,73.813844,NH3,2,3,3
India,Maharashtra,Nashik,"Hirawadi, Nashik - MPCB","31-08-2026 05:00:00",20.021503,73.813844,SO2,10,16,14
India,Maharashtra,Nashik,"Hirawadi, Nashik - MPCB","31-08-2026 05:00:00",20.021503,73.813844,OZONE,17,19,18
India,Maharashtra,Nashik,"MIDC Ambad, Nashik - MPCB","31-08-2026 05:00:00",19.95022,73.73148,PM2.5,13,29,22
India,Maharashtra,"Navi Mumbai","Kopripada-Vashi, Navi Mumbai - MPCB","31-08-2026 05:00:00",19.090337,73.014232,SO2,2,2,2
India,Maharashtra,"Navi Mumbai","Kopripada-Vashi, Navi Mumbai - MPCB","31-08-2026 05:00:00",19.090337,73.014232,CO,6,48,23
India,Maharashtra,"Navi Mumbai","Tondare-Taloja, Navi Mumbai - MPCB","31-08-2026 05:00:00",19.063,73.1209,PM2.5,29,62,40
India,Maharashtra,"Navi Mumbai","Tondare-Taloja, Navi Mumbai - MPCB","31-08-2026 05:00:00",19.063,73.1209,PM10,18,64,35
India,Maharashtra,"Navi Mumbai","Tondare-Taloja, Navi Mumbai - MPCB","31-08-2026 05:00:00",19.063,73.1209,NH3,5,9,7
India,Maharashtra,"Navi Mumbai","Tondare-Taloja, Navi Mumbai - MPCB","31-08-2026 05:00:00",19.063,73.1209,SO2,0,8,3
India,Maharashtra,"Navi Mumbai","Sanpada, Navi Mumbai - MPCB","31-08-2026 05:00:00",19.0575752,73.0151367,PM10,20,41,31
India,Maharashtra,"Navi Mumbai","Sanpada, Navi Mumbai - MPCB","31-08-2026 05:00:00",19.0575752,73.0151367,NO2,2,17,5
India,Maharashtra,"Navi Mumbai","Mahape, Navi Mumbai - MPCB","31-08-2026 05:00:00",19.1135051,73.008978,PM2.5,7,39,15
India,Maharashtra,"Navi Mumbai","Nerul, Navi Mumbai - MPCB","31-08-2026 05:00:00",19.008751,73.01662,PM2.5,8,30,19
India,Maharashtra,"Navi Mumbai","Nerul, Navi Mumbai - MPCB","31-08-2026 05:00:00",19.008751,73.01662,CO,NA,NA,NA
India,Telangana,Hyderabad,"Sanathnagar, Hyderabad - TSPCB","31-08-2026 05:00:00",17.4559458,78.4332152,NH3,NA,NA,NA
India,Telangana,Hyderabad,"ICRISAT Patancheru, Hyderabad - TSPCB","31-08-2026 05:00:00",17.5184,78.278777,NO2,9,25,15
India,Tripura,Agartala,"Bardowali, Agartala - Tripura SPCB","31-08-2026 05:00:00",23.8175497,91.2726974,PM10,35,67,50
India,Tripura,Agartala,"Bardowali, Agartala - Tripura SPCB","31-08-2026 05:00:00",23.8175497,91.2726974,NO2,13,14,13
India,Tripura,Agartala,"Bardowali, Agartala - Tripura SPCB","31-08-2026 05:00:00",23.8175497,91.2726974,SO2,13,14,14
India,Tripura,Agartala,"Bardowali, Agartala - Tripura SPCB","31-08-2026 05:00:00",23.8175497,91.2726974,OZONE,1,7,4
India,"Uttar Pradesh",Agra,"Sector-3B Avas Vikas Colony, Agra - UPPCB","31-08-2026 05:00:00",27.19412,77.96237,PM2.5,48,69,61
India,"Uttar Pradesh",Agra,"Shahjahan Garden, Agra - UPPCB","31-08-2026 05:00:00",27.169338,78.03582,CO,32,52,42
India,"Uttar Pradesh",Agra,"Manoharpur, Agra - UPPCB","31-08-2026 05:00:00",27.23711,78.01936,PM2.5,88,161,116
India,"Uttar Pradesh",Agra,"Manoharpur, Agra - UPPCB","31-08-2026 05:00:00",27.23711,78.01936,NO2,31,37,31
India,"Uttar Pradesh",Agra,"Manoharpur, Agra - UPPCB","31-08-2026 05:00:00",27.23711,78.01936,OZONE,6,33,12
India,"Uttar Pradesh",Agra,"Sanjay Palace, Agra - UPPCB","31-08-2026 05:00:00",27.19865833,78.00598056,PM2.5,28,40,33
India,"Uttar Pradesh",Agra,"Sanjay Palace, Agra - UPPCB","31-08-2026 05:00:00",27.19865833,78.00598056,CO,38,39,38
India,"Uttar Pradesh",Agra,"Sanjay Palace, Agra - UPPCB","31-08-2026 05:00:00",27.19865833,78.00598056,OZONE,0,1,0
India,"Uttar Pradesh",Baghpat,"Sardar Patel Inter College, Baghpat - UPPCB","31-08-2026 05:00:00",28.964949,77.278761,NH3,2,3,2
India,"Uttar Pradesh",Baghpat,"Sardar Patel Inter College, Baghpat - UPPCB","31-08-2026 05:00:00",28.964949,77.278761,OZONE,10,23,17
India,"Uttar Pradesh",Baraut,"Nagar Palika Parishad, Baraut - UPPCB","31-08-2026 05:00:00",29.09956,77.26235,SO2,NA,NA,NA
India,"Uttar Pradesh",Baraut,"Nagar Palika Parishad, Baraut - UPPCB","31-08-2026 05:00:00",29.09956,77.26235,OZONE,1,5,3
India,"Uttar Pradesh",Bareilly,"Rajendra Nagar, Bareilly - UPPCB","31-08-2026 05:00:00",28.38910936,79.42963708,PM10,45,89,62
India,"Uttar Pradesh",Bareilly,"Rajendra Nagar, Bareilly - UPPCB","31-08-2026 05:00:00",28.38910936,79.42963708,NH3,1,1,1
India,Rajasthan,Jaisalmer,"Sadar Bazar, Jaisalmer - RSPCB","31-08-2026 05:00:00",26.912329,70.909168,PM2.5,15,58,32
India,Rajasthan,Jaisalmer,"Sadar Bazar, Jaisalmer - RSPCB","31-08-2026 05:00:00",26.912329,70.909168,NH3,9,17,12
India,Rajasthan,Jalore,"Mudtra Sili, Jalore - RSPCB","31-08-2026 05:00:00",25.344694,72.626208,PM2.5,7,37,24
India,Rajasthan,Jalore,"Mudtra Sili, Jalore - RSPCB","31-08-2026 05:00:00",25.344694,72.626208,OZONE,29,42,34
India,Rajasthan,Jhalawar,"Rajlaxmi Nagar, Jhalawar - RSPCB","31-08-2026 05:00:00",24.588397,76.172782,NH3,2,5,3
India,Rajasthan,Jhalawar,"Rajlaxmi Nagar, Jhalawar - RSPCB","31-08-2026 05:00:00",24.588397,76.172782,CO,13,23,17
India,Rajasthan,Jhunjhunu,"Indra Nagar, Jhunjhunu - RSPCB","31-08-2026 05:00:00",28.108988,75.386577,SO2,4,6,5
India,Rajasthan,Jodhpur,"Digari Kalan, Jodhpur - RSPCB","31-08-2026 05:00:00",26.29581,73.082283,NH3,3,4,3
India,Rajasthan,Jodhpur,"Digari Kalan, Jodhpur - RSPCB","31-08-2026 05:00:00",26.29581,73.082283,CO,11,13,12
India,Rajasthan,Jodhpur,"Digari Kalan, Jodhpur - RSPCB","31-08-2026 05:00:00",26.29581,73.082283,OZONE,25,37,30
India,Rajasthan,Jodhpur,"Jhalamand, Jodhpur - RSPCB","31-08-2026 05:00:00",26.215415,73.070156,CO,3,9,6
India,Rajasthan,Jodhpur,"Mandor, Jodhpur - RSPCB","31-08-2026 05:00:00",26.358805,73.047444,PM2.5,12,28,21
India,Rajasthan,Jodhpur,"Mandor, Jodhpur - RSPCB","31-08-2026 05:00:00",26.358805,73.047444,PM10,46,94,66
India,Rajasthan,Jodhpur,"Mandor, Jodhpur - RSPCB","31-08-2026 05:00:00",26.358805,73.047444,CO,6,18,10
India,Rajasthan,Jodhpur,"Collectorate, Jodhpur - RSPCB","31-08-2026 05:00:00",26.268249,73.0193853,PM10,37,72,54
India,Rajasthan,Jodhpur,"Collectorate, Jodhpur - RSPCB","31-08-2026 05:00:00",26.268249,73.0193853,NO2,17,29,23
India,Rajasthan,Jodhpur,"Collectorate, Jodhpur - RSPCB","31-08-2026 05:00:00",26.268249,73.0193853,OZONE,11,14,13
India,Rajasthan,Jodhpur,"Samrat Ashok Udhyan, Jodhpur - RSPCB","31-08-2026 05:00:00",26.253384,72.976571,SO2,3,7,4
India,Rajasthan,Karauli,"Satyawati Vihar, Karauli - RSPCB","31-08-2026 05:00:00",26.506177,77.025989,PM10,44,80,58
India,Rajasthan,Karauli,"Satyawati Vihar, Karauli - RSPCB","31-08-2026 05:00:00",26.506177,77.025989,CO,10,28,17
India,Rajasthan,Kota,"Nayapura, Kota - RSPCB","31-08-2026 05:00:00",25.196024,75.855668,PM2.5,25,83,44
India,"Uttar Pradesh",Bareilly,"Rajendra Nagar, Bareilly - UPPCB","31-08-2026 05:00:00",28.38910936,79.42963708,OZONE,NA,NA,NA
India,"Uttar Pradesh",Bareilly,"Civil Lines, Bareilly - UPPCB","31-08-2026 05:00:00",28.359581,79.414455,NO2,8,9,8
India,"Uttar Pradesh",Bareilly,"Civil Lines, Bareilly - UPPCB","31-08-2026 05:00:00",28.359581,79.414455,CO,31,42,37
India,"Uttar Pradesh",Bareilly,"Civil Lines, Bareilly - UPPCB","31-08-2026 05:00:00",28.359581,79.414455,OZONE,NA,NA,NA
India,"Uttar Pradesh",Bulandshahr,"Yamunapuram, Bulandshahr - UPPCB","31-08-2026 05:00:00",28.406963,77.849831,PM2.5,40,94,58
India,"Uttar Pradesh",Bulandshahr,"Yamunapuram, Bulandshahr - UPPCB","31-08-2026 05:00:00",28.406963,77.849831,OZONE,11,28,17
India,"Uttar Pradesh","Fatehpur Sikri","Dadupura, Fatehpur Sikri - UPPCB","31-08-2026 05:00:00",27.097694,77.671335,PM10,55,56,55
India,"Uttar Pradesh",Firozabad,"Nagla Bhau, Firozabad - UPPCB","31-08-2026 05:00:00",27.168897,78.37696,PM2.5,22,100,35
India,"Uttar Pradesh",Firozabad,"Nagla Bhau, Firozabad - UPPCB","31-08-2026 05:00:00",27.168897,78.37696,NO2,15,17,17
India,"Uttar Pradesh",Firozabad,"Nagla Bhau, Firozabad - UPPCB","31-08-2026 05:00:00",27.168897,78.37696,NH3,2,2,2
India,"Uttar Pradesh",Firozabad,"Vibhab Nagar, Firozabad - UPPCB","31-08-2026 05:00:00",27.1594,78.3953,NH3,6,7,7
India,"Uttar Pradesh",Firozabad,"Vibhab Nagar, Firozabad - UPPCB","31-08-2026 05:00:00",27.1594,78.3953,SO2,6,7,7
India,"Uttar Pradesh",Firozabad,"Vibhab Nagar, Firozabad - UPPCB","31-08-2026 05:00:00",27.1594,78.3953,CO,31,31,31
India,"Uttar Pradesh",Gajraula,"Rajanpur, Gajraula - UPPCB","31-08-2026 05:00:00",28.829109,78.248796,PM2.5,37,88,61
India,"Uttar Pradesh",Gajraula,"Rajanpur, Gajraula - UPPCB","31-08-2026 05:00:00",28.829109,78.248796,NO2,5,31,13
India,"Uttar Pradesh",Gajraula,"Rajanpur, Gajraula - UPPCB","31-08-2026 05:00:00",28.829109,78.248796,OZONE,2,9,6
India,"Uttar Pradesh",Ghaziabad,"Ved Vihar-Loni, Ghaziabad - UPPCB","31-08-2026 05:00:00",28.739153,77.273668,SO2,6,8,7
India,"Uttar Pradesh",Ghaziabad,"Sanjay Nagar, Ghaziabad - UPPCB","31-08-2026 05:00:00",28.685382,77.453839,SO2,8,13,10
India,"Tamil Nadu",Gummidipoondi,"Anthoni Pillai Nagar, Gummidipoondi - TNPCB","31-08-2026 05:00:00",13.4127,80.1081,OZONE,NA,NA,NA
India,Telangana,Hyderabad,"Zoo Park, Hyderabad - TSPCB","31-08-2026 05:00:00",17.349694,78.451437,NH3,2,2,2
India,Telangana,Hyderabad,"Central University, Hyderabad - TSPCB","31-08-2026 05:00:00",17.460103,78.334361,SO2,1,8,5
India,Telangana,Hyderabad,"Nacharam_TSIIC IALA, Hyderabad - TSPCB","31-08-2026 05:00:00",17.429398,78.569354,PM2.5,32,50,40
India,Telangana,Hyderabad,"Nacharam_TSIIC IALA, Hyderabad - TSPCB","31-08-2026 05:00:00",17.429398,78.569354,PM10,48,80,60
India,Telangana,Hyderabad,"Nacharam_TSIIC IALA, Hyderabad - TSPCB","31-08-2026 05:00:00",17.429398,78.569354,OZONE,19,21,20
India,Telangana,Hyderabad,"New Malakpet, Hyderabad - TSPCB","31-08-2026 05:00:00",17.37206,78.50864,NH3,2,3,3
India,Telangana,Hyderabad,"New Malakpet, Hyderabad - TSPCB","31-08-2026 05:00:00",17.37206,78.50864,CO,19,25,20
India,Telangana,Hyderabad,"Kompally Municipal Office, Hyderabad - TSPCB","31-08-2026 05:00:00",17.544899,78.486949,PM10,51,63,55
India,Telangana,Hyderabad,"Somajiguda, Hyderabad - TSPCB","31-08-2026 05:00:00",17.417094,78.457437,PM10,49,55,51
India,Telangana,Hyderabad,"IDA Pashamylaram, Hyderabad - TSPCB","31-08-2026 05:00:00",17.5316895,78.218939,NO2,14,23,21
India,Telangana,Hyderabad,"IDA Pashamylaram, Hyderabad - TSPCB","31-08-2026 05:00:00",17.5316895,78.218939,SO2,7,11,10
India,Telangana,Hyderabad,"IDA Pashamylaram, Hyderabad - TSPCB","31-08-2026 05:00:00",17.5316895,78.218939,OZONE,39,40,40
India,Telangana,Hyderabad,"Sanathnagar, Hyderabad - TSPCB","31-08-2026 05:00:00",17.4559458,78.4332152,NO2,27,88,40
India,Rajasthan,Chittorgarh,"Shastri Nagar, Chittorgarh - RSPCB","31-08-2026 05:00:00",24.892047,74.623527,NH3,6,9,8
India,Rajasthan,Chittorgarh,"Shastri Nagar, Chittorgarh - RSPCB","31-08-2026 05:00:00",24.892047,74.623527,CO,17,24,20
India,Rajasthan,Churu,"Subash Chowk, Churu - RSPCB","31-08-2026 05:00:00",28.296139,74.961696,PM10,69,123,99
India,Rajasthan,Churu,"Subash Chowk, Churu - RSPCB","31-08-2026 05:00:00",28.296139,74.961696,OZONE,30,35,32
India,Rajasthan,Dausa,"Khatikan Mohalla, Dausa - RSPCB","31-08-2026 05:00:00",26.895552,76.334753,PM2.5,37,73,53
India,Rajasthan,Dholpur,"Raja Ganj, Dholpur - RSPCB","31-08-2026 05:00:00",26.699557,77.898881,OZONE,17,22,19
India,Rajasthan,Dungarpur,"Bhoiwada, Dungarpur - RSPCB","31-08-2026 05:00:00",23.837789,73.714926,PM10,29,55,40
India,Rajasthan,Hanumangarh,"Housing Board, Hanumangarh - RSPCB","31-08-2026 05:00:00",29.61075,74.283608,NH3,5,6,5
India,Rajasthan,Jaipur,"Mansarovar Sector-12, Jaipur - RSPCB","31-08-2026 05:00:00",26.843698,75.766894,NH3,1,6,2
India,Rajasthan,Jaipur,"Sector-2 Murlipura, Jaipur - RSPCB","31-08-2026 05:00:00",26.960669,75.771817,OZONE,7,13,9
India,Rajasthan,Jaipur,"RIICO Sitapura, Jaipur - RSPCB","31-08-2026 05:00:00",26.786682,75.827928,SO2,5,12,9
India,Rajasthan,Jaipur,"Shastri Nagar, Jaipur - RSPCB","31-08-2026 05:00:00",26.9502929,75.730943,PM2.5,43,84,61
India,Rajasthan,Jaipur,"Shastri Nagar, Jaipur - RSPCB","31-08-2026 05:00:00",26.9502929,75.730943,NH3,6,11,8
India,Rajasthan,Kota,"Dhanmandi, Kota - RSPCB","31-08-2026 05:00:00",25.16409,75.858137,NH3,1,2,2
India,Rajasthan,Kota,"Dhanmandi, Kota - RSPCB","31-08-2026 05:00:00",25.16409,75.858137,SO2,7,32,10
India,Rajasthan,Kota,"Dhanmandi, Kota - RSPCB","31-08-2026 05:00:00",25.16409,75.858137,CO,7,14,12
India,Rajasthan,Kota,"Shrinath Puram, Kota - RSPCB","31-08-2026 05:00:00",25.14389,75.821256,PM2.5,41,68,53
India,Rajasthan,Kota,"Shrinath Puram, Kota - RSPCB","31-08-2026 05:00:00",25.14389,75.821256,PM10,41,60,51
India,Rajasthan,Pali,"Indira Colony Vistar, Pali - RSPCB","31-08-2026 05:00:00",25.771061,73.340227,OZONE,8,10,9
India,Rajasthan,Pratapgarh,"Pragati Nagar, Pratapgarh - RSPCB","31-08-2026 05:00:00",24.041198,74.780702,CO,4,11,8
India,Rajasthan,Rajsamand,"Dhoinda, Rajsamand - RSPCB","31-08-2026 05:00:00",25.03636,73.883502,CO,7,13,9
India,Rajasthan,Sirohi,"Vedhaynath Colony, Sirohi - RSPCB","31-08-2026 05:00:00",24.885261,72.857549,NO2,4,13,6
India,Rajasthan,Sirohi,"Vedhaynath Colony, Sirohi - RSPCB","31-08-2026 05:00:00",24.885261,72.857549,SO2,4,8,5
India,Rajasthan,Sirohi,"Vedhaynath Colony, Sirohi - RSPCB","31-08-2026 05:00:00",24.885261,72.857549,OZONE,30,47,36
India,Rajasthan,"Sri Ganganagar","Old City, Sri Ganganagar - RSPCB","31-08-2026 05:00:00",29.931624,73.864511,NH3,6,10,8
India,Rajasthan,"Sri Ganganagar","Old City, Sri Ganganagar - RSPCB","31-08-2026 05:00:00",29.931624,73.864511,OZONE,16,28,23
India,Rajasthan,Tonk,"Shastri Nagar, Tonk - RSPCB","31-08-2026 05:00:00",26.159933,75.780517,PM2.5,48,113,76
India,Rajasthan,Tonk,"Shastri Nagar, Tonk - RSPCB","31-08-2026 05:00:00",26.159933,75.780517,NO2,4,19,8
India,Sikkim,Gangtok,"Zero Point GICI, Gangtok - SSPCB","31-08-2026 05:00:00",27.33853,88.614099,CO,1,1,1
India,Sikkim,Gangtok,"Zero Point GICI, Gangtok - SSPCB","31-08-2026 05:00:00",27.33853,88.614099,OZONE,1,1,1
India,"Tamil Nadu",Chennai,"Kodungaiyur, Chennai - TNPCB","31-08-2026 05:00:00",13.1278,80.2642,NO2,12,16,14
India,"Tamil Nadu",Chennai,"Arumbakkam, Chennai - TNPCB","31-08-2026 05:00:00",13.0664,80.2112,NO2,10,18,13
India,"Tamil Nadu",Chennai,"Arumbakkam, Chennai - TNPCB","31-08-2026 05:00:00",13.0664,80.2112,OZONE,NA,NA,NA
India,"Tamil Nadu",Chennai,"Velachery Res. Area, Chennai - CPCB","31-08-2026 05:00:00",13.0052189,80.2398125,NH3,3,4,3
India,"Tamil Nadu",Chennai,"Perungudi, Chennai - TNPCB","31-08-2026 05:00:00",12.9533,80.2357,PM10,19,363,85
India,"Tamil Nadu",Chennai,"Perungudi, Chennai - TNPCB","31-08-2026 05:00:00",12.9533,80.2357,NO2,6,11,9
India,"Tamil Nadu",Chennai,"Perungudi, Chennai - TNPCB","31-08-2026 05:00:00",12.9533,80.2357,NH3,0,1,1
India,"Tamil Nadu",Chennai,"Perungudi, Chennai - TNPCB","31-08-2026 05:00:00",12.9533,80.2357,CO,31,39,35
India,"Tamil Nadu",Chennai,"Manali Village, Chennai - TNPCB","31-08-2026 05:00:00",13.1662,80.2584,NO2,13,21,17
India,"Tamil Nadu",Chennai,"Manali Village, Chennai - TNPCB","31-08-2026 05:00:00",13.1662,80.2584,SO2,12,18,15
India,"Tamil Nadu",Chennai,"Royapuram, Chennai - TNPCB","31-08-2026 05:00:00",13.1036,80.2909,NO2,12,15,14
India,"Tamil Nadu",Cuddalore,"Kudikadu, Cuddalore - TNPCB","31-08-2026 05:00:00",11.6829898,79.7532099,PM10,NA,NA,NA
India,"Tamil Nadu",Cuddalore,"Kudikadu, Cuddalore - TNPCB","31-08-2026 05:00:00",11.6829898,79.7532099,SO2,23,24,24
India,Rajasthan,Ajmer,"Civil Lines,  Ajmer - RSPCB","31-08-2026 05:00:00",26.470859,74.646594,PM10,59,105,82
India,Rajasthan,Alwar,"Moti Doongri, Alwar - RSPCB","31-08-2026 05:00:00",27.554793,76.611536,NH3,6,33,14
India,Rajasthan,Banswara,"Rati Talai, Banswara - RSPCB","31-08-2026 05:00:00",23.55519,74.44001,SO2,8,22,11
India,Rajasthan,Baran,"Bamboliya, Baran - RSPCB","31-08-2026 05:00:00",25.106006,76.469948,CO,37,43,39
India,Rajasthan,Barmer,"Railway Colony, Barmer - RSPCB","31-08-2026 05:00:00",25.747299,71.393989,NO2,2,9,5
India,Rajasthan,Barmer,"Railway Colony, Barmer - RSPCB","31-08-2026 05:00:00",25.747299,71.393989,CO,12,18,15
India,Rajasthan,Bhilwara,"Pratap Nagar, Bhilwara - RSPCB","31-08-2026 05:00:00",25.339605,74.618883,PM2.5,27,78,55
India,Rajasthan,Bhiwadi,"Vasundhara Nagar_UIT, Bhiwadi - RSPCB","31-08-2026 05:00:00",28.207266,76.829265,CO,6,55,22
India,Rajasthan,Bundi,"New Colony, Bundi - RSPCB","31-08-2026 05:00:00",25.435774,75.644272,SO2,5,10,6
India,"Uttar Pradesh",Ghaziabad,"Govindpuram, Ghaziabad - UPPCB","31-08-2026 05:00:00",28.694528,77.494705,PM10,13,37,22
India,"Uttar Pradesh",Ghaziabad,"Govindpuram, Ghaziabad - UPPCB","31-08-2026 05:00:00",28.694528,77.494705,OZONE,5,11,8
India,"Uttar Pradesh","Greater Noida","Knowledge Park - III, Greater Noida - UPPCB","31-08-2026 05:00:00",28.47272,77.482,PM2.5,31,74,50
India,"Uttar Pradesh","Greater Noida","Knowledge Park - III, Greater Noida - UPPCB","31-08-2026 05:00:00",28.47272,77.482,NH3,6,8,7
India,"Uttar Pradesh",Jhansi,"Shivaji Nagar, Jhansi - UPPCB","31-08-2026 05:00:00",25.4547,78.6039,PM2.5,35,62,48
India,"Uttar Pradesh",Jhansi,"Shivaji Nagar, Jhansi - UPPCB","31-08-2026 05:00:00",25.4547,78.6039,NO2,6,6,6
India,"Uttar Pradesh",Jhansi,"Shivaji Nagar, Jhansi - UPPCB","31-08-2026 05:00:00",25.4547,78.6039,SO2,23,31,25
India,"Uttar Pradesh",Jhansi,"Shivaji Nagar, Jhansi - UPPCB","31-08-2026 05:00:00",25.4547,78.6039,CO,3,11,7
India,"Uttar Pradesh",Kanpur,"FTI Kidwai Nagar, Kanpur - UPPCB","31-08-2026 05:00:00",26.428282,80.327067,SO2,38,47,41
India,"Uttar Pradesh",Kanpur,"NSI Kalyanpur, Kanpur - UPPCB","31-08-2026 05:00:00",26.509954,80.249612,NH3,2,2,2
India,"Uttar Pradesh",Kanpur,"NSI Kalyanpur, Kanpur - UPPCB","31-08-2026 05:00:00",26.509954,80.249612,CO,15,16,16
India,"Uttar Pradesh",Kanpur,"Nehru Nagar, Kanpur - UPPCB","31-08-2026 05:00:00",26.4703136,80.3229863,SO2,11,12,11
India,"Uttar Pradesh",Khora,"Prashant Garden, Khora - UPPCB","31-08-2026 05:00:00",28.61119,77.34206,PM2.5,74,98,83
India,"Uttar Pradesh",Khora,"Prashant Garden, Khora - UPPCB","31-08-2026 05:00:00",28.61119,77.34206,NH3,5,6,5
India,"Uttar Pradesh",Khurja,"Kalindi Kunj, Khurja - UPPCB","31-08-2026 05:00:00",28.2348927,77.8683002,CO,17,30,25
India,"Uttar Pradesh",Khurja,"Kalindi Kunj, Khurja - UPPCB","31-08-2026 05:00:00",28.2348927,77.8683002,OZONE,13,14,14
India,"Uttar Pradesh",Lucknow,"Talkatora District Industries Center, Lucknow - CPCB","31-08-2026 05:00:00",26.83399722,80.8917361,NH3,10,18,14
India,"Uttar Pradesh",Lucknow,"Kendriya Vidyalaya, Lucknow - CPCB","31-08-2026 05:00:00",26.906111,80.948222,PM2.5,6,45,20
India,"Uttar Pradesh",Lucknow,"Kendriya Vidyalaya, Lucknow - CPCB","31-08-2026 05:00:00",26.906111,80.948222,NO2,32,33,33
India,"Uttar Pradesh",Lucknow,"Kendriya Vidyalaya, Lucknow - CPCB","31-08-2026 05:00:00",26.906111,80.948222,SO2,4,11,7
India,"Uttar Pradesh",Lucknow,"Gomti Nagar, Lucknow - UPPCB","31-08-2026 05:00:00",26.86812,81.005119,PM10,6,44,22
India,"Uttar Pradesh",Lucknow,"Gomti Nagar, Lucknow - UPPCB","31-08-2026 05:00:00",26.86812,81.005119,NO2,9,10,9
India,"Uttar Pradesh",Lucknow,"Gomti Nagar, Lucknow - UPPCB","31-08-2026 05:00:00",26.86812,81.005119,CO,38,39,39
India,"Uttar Pradesh",Lucknow,"Gomti Nagar, Lucknow - UPPCB","31-08-2026 05:00:00",26.86812,81.005119,OZONE,40,41,40
India,"Uttar Pradesh",Lucknow,"B R Ambedkar University, Lucknow - UPPCB","31-08-2026 05:00:00",26.766433,80.927299,PM2.5,4,23,16
India,"Uttar Pradesh",Lucknow,"B R Ambedkar University, Lucknow - UPPCB","31-08-2026 05:00:00",26.766433,80.927299,NO2,11,12,12
India,"Uttar Pradesh",Lucknow,"B R Ambedkar University, Lucknow - UPPCB","31-08-2026 05:00:00",26.766433,80.927299,NH3,3,3,3
India,"Uttar Pradesh",Lucknow,"Lalbagh, Lucknow - CPCB","31-08-2026 05:00:00",26.8458805,80.9365541,PM2.5,20,48,31
India,"Uttar Pradesh",Lucknow,"Lalbagh, Lucknow - CPCB","31-08-2026 05:00:00",26.8458805,80.9365541,SO2,2,10,5
India,"Uttar Pradesh",Lucknow,"Kukrail Picnic Spot-1, Lucknow - UPPCB","31-08-2026 05:00:00",26.90723,80.98579,NO2,31,32,32
India,"Uttar Pradesh",Lucknow,"Kukrail Picnic Spot-1, Lucknow - UPPCB","31-08-2026 05:00:00",26.90723,80.98579,SO2,28,32,29
India,"Uttar Pradesh",Meerut,"Pallavpuram Phase 2, Meerut - UPPCB","31-08-2026 05:00:00",29.06351,77.709723,PM2.5,66,118,86
India,"Uttar Pradesh",Moradabad,"Eco Herbal Park, Moradabad - UPPCB","31-08-2026 05:00:00",28.840739,78.697531,PM10,25,110,67
India,"Uttar Pradesh",Moradabad,"Eco Herbal Park, Moradabad - UPPCB","31-08-2026 05:00:00",28.840739,78.697531,NO2,13,29,19
India,"Uttar Pradesh",Moradabad,"Eco Herbal Park, Moradabad - UPPCB","31-08-2026 05:00:00",28.840739,78.697531,NH3,6,8,6
India,"Uttar Pradesh",Moradabad,"Buddhi Vihar, Moradabad - UPPCB","31-08-2026 05:00:00",28.83526,78.7446,PM10,42,120,80
India,"Uttar Pradesh",Moradabad,"Buddhi Vihar, Moradabad - UPPCB","31-08-2026 05:00:00",28.83526,78.7446,NO2,28,29,29
India,"Uttar Pradesh",Moradabad,"Buddhi Vihar, Moradabad - UPPCB","31-08-2026 05:00:00",28.83526,78.7446,CO,13,20,15
India,"Uttar Pradesh",Moradabad,"Jigar Colony, Moradabad - UPPCB","31-08-2026 05:00:00",28.856664,78.772638,OZONE,20,22,22
India,"Uttar Pradesh",Moradabad,"Kashiram Nagar, Moradabad - UPPCB","31-08-2026 05:00:00",28.849399,78.742362,SO2,NA,NA,NA
India,"Uttar Pradesh",Moradabad,"Kashiram Nagar, Moradabad - UPPCB","31-08-2026 05:00:00",28.849399,78.742362,CO,31,42,37
India,"Uttar Pradesh",Muzaffarnagar,"New Mandi, Muzaffarnagar - UPPCB","31-08-2026 05:00:00",29.4723508,77.7194031,PM2.5,20,135,59
India,"Uttar Pradesh",Muzaffarnagar,"New Mandi, Muzaffarnagar - UPPCB","31-08-2026 05:00:00",29.4723508,77.7194031,PM10,54,158,110
India,"Uttar Pradesh",Muzaffarnagar,"New Mandi, Muzaffarnagar - UPPCB","31-08-2026 05:00:00",29.4723508,77.7194031,CO,40,50,45
India,"Uttar Pradesh",Noida,"Sector - 125, Noida - UPPCB","31-08-2026 05:00:00",28.5447608,77.3231257,PM2.5,13,192,53
India,"Uttar Pradesh",Noida,"Sector - 125, Noida - UPPCB","31-08-2026 05:00:00",28.5447608,77.3231257,NH3,3,3,3
India,"Uttar Pradesh",Noida,"Sector-1, Noida - UPPCB","31-08-2026 05:00:00",28.5898,77.3101,PM10,86,168,133
India,"Uttar Pradesh",Noida,"Sector-1, Noida - UPPCB","31-08-2026 05:00:00",28.5898,77.3101,NO2,10,54,27
India,"Uttar Pradesh",Noida,"Sector-1, Noida - UPPCB","31-08-2026 05:00:00",28.5898,77.3101,SO2,9,11,10
India,"Uttar Pradesh",Noida,"Sector-1, Noida - UPPCB","31-08-2026 05:00:00",28.5898,77.3101,CO,8,76,49
India,"Uttar Pradesh",Noida,"Sector-116, Noida - UPPCB","31-08-2026 05:00:00",28.56923,77.393848,CO,33,41,37
India,"Uttar Pradesh",Prayagraj,"Motilal Nehru NIT, Prayagraj - UPPCB","31-08-2026 05:00:00",25.494,81.863,NO2,12,12,12
India,"Uttar Pradesh",Prayagraj,"Motilal Nehru NIT, Prayagraj - UPPCB","31-08-2026 05:00:00",25.494,81.863,OZONE,9,15,13
India,"Uttar Pradesh",Prayagraj,"Nagar Nigam, Prayagraj - UPPCB","31-08-2026 05:00:00",25.44919916,81.82735986,PM2.5,6,38,14
India,"Uttar Pradesh",Raebareli,"Anand Nagar, Raebareli - UPPCB","31-08-2026 05:00:00",26.219512,81.237648,CO,48,84,62
India,"Uttar Pradesh",Shamli,"New Tehsil, Shamli - UPPCB","31-08-2026 05:00:00",29.4603683,77.3410291,PM2.5,56,94,81
India,"Uttar Pradesh",Shamli,"New Tehsil, Shamli - UPPCB","31-08-2026 05:00:00",29.4603683,77.3410291,OZONE,17,18,17
India,"Uttar Pradesh",Varanasi,"Bhelupur, Varanasi - UPPCB","31-08-2026 05:00:00",25.301778,82.996789,SO2,26,27,26
India,"Uttar Pradesh",Varanasi,"Bhelupur, Varanasi - UPPCB","31-08-2026 05:00:00",25.301778,82.996789,CO,7,11,9
India,"Uttar Pradesh",Varanasi,"Maldahiya, Varanasi - UPPCB","31-08-2026 05:00:00",25.32393,82.99687,PM2.5,6,78,20
India,"Uttar Pradesh",Varanasi,"IESD Banaras Hindu University, Varanasi - UPPCB","31-08-2026 05:00:00",25.262326,82.995408,NH3,0,0,0
India,"Uttar Pradesh",Vrindavan,"Omex Eternity, Vrindavan - UPPCB","31-08-2026 05:00:00",27.571409,77.655757,SO2,23,24,24
India,"Uttar Pradesh",Vrindavan,"Omex Eternity, Vrindavan - UPPCB","31-08-2026 05:00:00",27.571409,77.655757,OZONE,16,17,16
India,Uttarakhand,Dehradun,"Doon University, Dehradun - UKPCB","31-08-2026 05:00:00",30.269444,78.044167,NO2,0,4,2
India,Uttarakhand,Dehradun,"Doon University, Dehradun - UKPCB","31-08-2026 05:00:00",30.269444,78.044167,SO2,0,2,1
India,Uttarakhand,Dehradun,"Doon University, Dehradun - UKPCB","31-08-2026 05:00:00",30.269444,78.044167,CO,6,11,8
India,Uttarakhand,Kashipur,"Govt. Girls Inter College, Kashipur - UKPCB","31-08-2026 05:00:00",29.2124114,78.9611753,PM10,NA,NA,NA
India,"West Bengal",Asansol,"Asansol Court Area, Asansol - WBPCB","31-08-2026 05:00:00",23.685297,86.945968,PM2.5,11,31,21
India,"West Bengal",Asansol,"Asansol Court Area, Asansol - WBPCB","31-08-2026 05:00:00",23.685297,86.945968,NH3,3,7,5
India,"West Bengal",Asansol,"Evelyn Lodge, Asansol - WBPCB","31-08-2026 05:00:00",23.697936,86.944395,NO2,7,15,12
India,"West Bengal",Asansol,"Evelyn Lodge, Asansol - WBPCB","31-08-2026 05:00:00",23.697936,86.944395,OZONE,13,19,15
India,"West Bengal",Asansol,"Trivenidevi Bhalotia College, Asansol - WBPCB","31-08-2026 05:00:00",23.616515,87.119133,PM10,7,34,19
India,"West Bengal",Asansol,"Trivenidevi Bhalotia College, Asansol - WBPCB","31-08-2026 05:00:00",23.616515,87.119133,NO2,6,12,9
India,"West Bengal",Asansol,"Trivenidevi Bhalotia College, Asansol - WBPCB","31-08-2026 05:00:00",23.616515,87.119133,NH3,6,7,6
India,"West Bengal",Asansol,"Trivenidevi Bhalotia College, Asansol - WBPCB","31-08-2026 05:00:00",23.616515,87.119133,SO2,41,43,42
India,"West Bengal",Barrackpore,"SVSPA Campus, Barrackpore - WBPCB","31-08-2026 05:00:00",22.7605581,88.3617589,SO2,12,13,12
India,"West Bengal",Durgapur,"PCBL Residential Complex, Durgapur - WBPCB","31-08-2026 05:00:00",23.508764,87.35444,PM10,6,28,14
India,"West Bengal",Durgapur,"PCBL Residential Complex, Durgapur - WBPCB","31-08-2026 05:00:00",23.508764,87.35444,SO2,11,12,12
India,"West Bengal",Durgapur,"PCBL Residential Complex, Durgapur - WBPCB","31-08-2026 05:00:00",23.508764,87.35444,CO,27,54,37
India,"West Bengal",Durgapur,"Mahishkapur Road_B-Zone, Durgapur - WBPCB","31-08-2026 05:00:00",23.567923,87.306843,NH3,0,1,0
India,"West Bengal",Durgapur,"Womens College_City Center, Durgapur - WBPCB","31-08-2026 05:00:00",23.549395,87.300496,NH3,6,7,6
India,"West Bengal",Howrah,"Belur Math, Howrah - WBPCB","31-08-2026 05:00:00",22.629801,88.352017,SO2,8,9,8
India,"West Bengal",Howrah,"Dasnagar, Howrah - WBPCB","31-08-2026 05:00:00",22.6025571,88.3105664,PM10,23,58,38
India,"West Bengal",Howrah,"Dasnagar, Howrah - WBPCB","31-08-2026 05:00:00",22.6025571,88.3105664,SO2,7,8,8
India,"West Bengal",Howrah,"Botanical Garden, Howrah - WBPCB","31-08-2026 05:00:00",22.554954,88.292568,NO2,7,25,12
India,"West Bengal",Howrah,"Botanical Garden, Howrah - WBPCB","31-08-2026 05:00:00",22.554954,88.292568,CO,7,14,10
India,"West Bengal",Howrah,"Ghusuri, Howrah - WBPCB","31-08-2026 05:00:00",22.611968,88.347422,PM10,18,50,35
India,"West Bengal",Howrah,"Padmapukur, Howrah - WBPCB","31-08-2026 05:00:00",22.5687319,88.2797276,PM10,37,61,46
India,"West Bengal",Howrah,"Padmapukur, Howrah - WBPCB","31-08-2026 05:00:00",22.5687319,88.2797276,NH3,3,11,7
India,"West Bengal",Howrah,"Padmapukur, Howrah - WBPCB","31-08-2026 05:00:00",22.5687319,88.2797276,CO,56,57,56
India,"West Bengal",Kolkata,"Bidhannagar, Kolkata - WBPCB","31-08-2026 05:00:00",22.58157048,88.41002457,OZONE,24,35,32
India,"West Bengal",Kolkata,"Jadavpur, Kolkata - WBPCB","31-08-2026 05:00:00",22.49929,88.36917,PM10,21,42,33
India,"West Bengal",Kolkata,"Jadavpur, Kolkata - WBPCB","31-08-2026 05:00:00",22.49929,88.36917,NH3,11,12,12
India,"West Bengal",Kolkata,"Rabindra Bharati University, Kolkata - WBPCB","31-08-2026 05:00:00",22.627847,88.380669,OZONE,10,12,11
India,"West Bengal",Kolkata,"Fort William, Kolkata - WBPCB","31-08-2026 05:00:00",22.55664,88.342674,SO2,5,6,5
India,"West Bengal",Kolkata,"Fort William, Kolkata - WBPCB","31-08-2026 05:00:00",22.55664,88.342674,CO,18,25,20
India,"West Bengal",Kolkata,"Rabindra Sarobar, Kolkata - WBPCB","31-08-2026 05:00:00",22.51106,88.35142,PM10,21,34,24
India,"West Bengal",Kolkata,"Rabindra Sarobar, Kolkata - WBPCB","31-08-2026 05:00:00",22.51106,88.35142,OZONE,10,17,15
India,"West Bengal",Kolkata,"Ballygunge, Kolkata - WBPCB","31-08-2026 05:00:00",22.5367507,88.3638022,SO2,3,7,5
India,"West Bengal",Kolkata,"Victoria, Kolkata - WBPCB","31-08-2026 05:00:00",22.5448082,88.3403691,PM10,NA,NA,NA
India,"West Bengal",Kolkata,"Victoria, Kolkata - WBPCB","31-08-2026 05:00:00",22.5448082,88.3403691,NO2,26,34,28
India,"West Bengal",Siliguri,"Ward-32 Bapupara, Siliguri - WBPCB","31-08-2026 05:00:00",26.6879226,88.4152495,PM10,28,48,35
